RANK	0	1	2	3	4	5	6	7	8	9	10	11	12	13	14	15	16	17	18	19	20	21	22	23	24	25	26	27	28	29	30	31	32	33	34	35	36	37	38	39	40	41	42	43	44	45	46	47	48	49	50	51	52	53	54	55	56	57	58	59	60	61	62	63	64	65	66	67	68	69	70	71	72	73
VERBATIM	drawing stroke	brush ID	brush radius	palette 	R color	G color	B color	A color	Blend Transparency	part mode	part acc	part texture	part acc center-x	part acc center-y	radius particle	repopuplating track0	clear layer	clear all Layers	invert	cursor size	echo	echo neg	xy music	color music (val)	brush radius music	part music	color music (hue)	color music replay	brush radius music replay	track1 Flash track0 freq	Flash part freq	Flash part duration	pen pressure coef	pen angleH coef	pen angleV coef	tracks sync on/off	current drawing track	current video track	track0 decay sign	track 1 decay sign	track0 decay	track1 decay	track0 weight	track1 weight	track0 weight	track1 weight	track0 replay on/off	track1 replay on/off	source_track0 record on/off	source_track1 record on/off	target_track0 record on/off	target_track1 record on/off	auto_beat	beat duration	video_onOff	video threshold	video gamma	no vs initial Vs Current BG Subtraction	image jitter amplitude	mask jiter amplitude	audio track size	macro offsets all tracks	macro offsets all tracks random	micro offsets all tracks	micro offsets all tracks random	image swap duration	image swap frequency	sample swap duration	sample swap frequency	text swap duration	text swap frequency	audio volume	scene_number	machine mix
TYPE	int 	int 	float	float	float	float	float	float	float	int	float	float	float	float	float	float	bool	bool	bool	int	float	float	float	float	float	float	float	float	float	int	int	int	float	float	float	bool	int	int	sign	sign	float	float	float	float	float	float	track	track	track	track	track	track	bool	float	bool	float	float	int	float	float	float	float	float	float	float	float	int	float	int	float	int	float	int	float
ID	currentDrawingStroke	brushID	brushRadius	RGBpalette	local_color_r	local_color_g	local_color_b	local_color_a	blendTransp	particleMode	part_acc_factor	particle_texture_ID	partAccCenter_0	partAccCenter_1	radiusParticle	repopulatingBG	clearLayer	clearAllLayers	invertAllLayers	cursorSize	echo	echoNeg	xy_spectrum_coef	RGBpalette_val_coef	brush_radius_vol_coef	part_acc_attack_coef	RGBpalette_hue_coef	RGBpalette_replay_coef	brush_radius_vol_replay_coef	flashTrack0_freq_1	flashPart_freq	flashPart_duration	brush_radius_pressure_coef	brush_radius_angleHor_coef	brush_radius_angleVer_coef	tracksSync	currentDrawingTrack	currentVideoTrack	trackdecay_sign_0	trackdecay_sign_1	trackdecay_0	trackdecay_1	trackCompositionWeight_0	trackCompositionWeight_1	trackFinalWeight_0	trackFinalWeight_1	track_replay_0	track_replay_1	source_track_record_0	source_track_record_1	target_track_record_0	target_track_record_1	auto_beat	beat_duration	is_videoOn	videoThreshold	videoGamma	BGSubtr	imageJitterAmpl	maskJitterAmpl	track_size	macro_offset_alltracks	macro_offset_alltracks_rand	micro_offset_alltracks	micro_offset_alltracks_rand	image_swap_duration	image_swap_freq	sample_swap_duration	sample_swap_freq	text_swap_duration	text_swap_freq	audio_vol	scene_number	machine_mix
FUNCTION	currentDrawingStroke_callBack	NULL	NULL	NULL	NULL	NULL	NULL	NULL	NULL	NULL	NULL	NULL	partAccCenter_0_callBack	partAccCenter_1_callBack	NULL	NULL	clearLayer_callBack	clearAllLayers_callBack	NULL	NULL	NULL	NULL	NULL	NULL	NULL	NULL	NULL	NULL	NULL	NULL	NULL	NULL	NULL	NULL	NULL	NULL	NULL	NULL	NULL	NULL	NULL	NULL	NULL	NULL	NULL	NULL	track_replay_0_callBack	track_replay_1_callBack	source_track_record_0_callBack	source_track_record_1_callBack	target_track_record_0_callBack	target_track_record_1_callBack	NULL	NULL	is_videoOn_callBack	NULL	NULL	NULL	NULL	NULL	track_size_callback	NULL	macro_offset_alltracks_rand_callBack	NULL	micro_offset_alltracks_rand_callBack	NULL	NULL	NULL	NULL	NULL	NULL	NULL	scene_number_callback	NULL
GUI	NULL	brushID_can	brushRadius_can	RGBpalette_can	local_color_r_can	NULL	NULL	NULL	NULL	particleMode_can	part_acc_factor_can	particle_texture_ID_can	NULL	NULL	radiusParticle_can	repopulatingBG_can	NULL	NULL	invertAllLayers_can	NULL	echo_can	echoNeg_can	xy_spectrum_coef_can	RGBpalette_val_coef_can	NULL	part_acc_attack_coef_can	RGBpalette_hue_coef_can	NULL	NULL	flashTrack0_freq_can 1	flashPart_freq_can	flashPart_duration_can	brush_radius_pressure_coef_can	NULL	NULL	NULL	currentDrawingTrack_can	currentVideoTrack_can	trackdecay_sign_can 0	trackdecay_sign_can 1	trackdecay_can 0	trackdecay_can 1	trackCompositionWeight_can 0	trackCompositionWeight_can 1	trackFinalWeight_can 0	trackFinalWeight_can 1	track_replay_can 0	track_replay_can 1	source_track_record_can 0	source_track_record_can 1	target_track_record_can 0	target_track_record_can 1	auto_beat_can	beat_duration_can	is_videoOn_can	videoThreshold_can	videoGamma_can	BGSubtr_can	imageJitterAmpl_can	maskJitterAmpl_can	track_size_can	macro_offset_alltracks_can	macro_offset_alltracks_rand_can	micro_offset_alltracks_can	micro_offset_alltracks_rand_can	image_swap_duration_can	image_swap_freq_can	sample_swap_duration_can	sample_swap_freq_can	text_swap_duration_can	text_swap_freq_can	audio_vol_can	scene_number_can	machine_mix_can
SHADER	*	*	*	*	*	*	*	*	Final_fs	Drawing_fs	*	Drawing_fs	Drawing_fs	Drawing_fs	Drawing_fs	Drawing_fs	*	*	Final_fs	Final_fs	Composition_fs	Composition_fs	*	*	*	NULL	*	*	*	*	*	*	*	*	*	*	Drawing_fs	Drawing_fs	*	*	*	*	Composition_fs	Composition_fs	Final_fs	Final_fs	Drawing_fs	Drawing_fs	*	*	*	*	*	*	Drawing_fs	Drawing_fs	Drawing_fs	Drawing_fs	*	*	*	*	*	*	*	*	*	*	*	*	*	*	*	*
CHAR-	*	&	r	o	B	B	B	*	*	*	a	*	*	*	*	*	*	c	I	*	?	*	*	*	k	*	*	*	*	*	*	p	*	*	*	:	*	*	*	*	d	*	*	*	*	*	1	2	7	8	*	*	*	*	x	*	*	*	*	*	*	*	*	*	*	*	*	*	*	*	*	*	*	*
CHAR+	l	m	R	O	z	z	z	*	*	P	A	$	*	*	*	*	*	*	*	*	!	*	*	*	K	*	*	*	*	*	*	Q	*	*	*	*	0	0	*	*	D	*	*	*	*	*	*	*	*	*	*	*	*	*	*	*	*	*	*	*	*	*	*	*	*	*	*	*	*	*	*	*	*	*
STEP-	-1	-1	-1	-0.1	-1	-1	-1	0	-1	-1	-0.1	-1	-0.1	-0.1	-0.1	-1	0	0	0	-1	-0.1	-0.1	-1	-1	-1	-1	-1	-1	-1	-1	-1	-1	-1	-1	-1	0	-1	-1	-1	-1	-0.001	-0.001	-1	-1	-1	-1	0	0	0	0	0	0	0	-0.1	0	-0.1	-0.1	0	-0.1	-0.1	-0.1	-1	-1	-1	-1	-0.1	-1	-0.1	-1	-0.1	-1	-0.1	-1	-0.1
STEP+	1	1	1	0.1	1	1	1	1	1	1	0.1	1	0.1	0.1	0.1	1	0	0	0	1	0.1	0.1	1	1	1	1	1	1	1	1	1	1	1	1	1	1	1	1	1	1	0.001	0.001	1	1	1	1	1	1	1	1	1	1	1	0.1	1	0.1	0.1	1	0.1	0.1	0.1	1	1	1	1	0.1	1	0.1	1	0.1	1	0.1	1	0.1
MIN_OR_EQUAL	0	0	0	-9999	0	0	0	0	-9999	0	-9999	0	-9999	-9999	0.0	0	0	0	0	0	0	0	-9999	0	-9999	0	0	0	0	-9999	-9999	0	-9999	-9999	-9999	0	0	0	-1	-1	-9999	-9999	0	0	0	0	0	0	0	0	0	0	0	0	0	0.0	0.0	0	0	0	0.001	0	0	0	0	0	-9999	0	-9999	0	-9999	0	0	0
MAX_OR_EQUAL	2	7	9999	9999	1	1	1	1	9999	2	9999	7	9999	9999	1	10	1	1	1	10	1	1	9999	9999	9999	9999	9999	9999	9999	9999	9999	30	9999	9999	9999	1	1	1	1	1	9999	9999	1	1	1	1	1	1	1	1	1	1	1	1	1	1	1	1	1	1	1	30	3	30	30	10	9999	10	9999	10	9999	1	100	1
initial_values																																																																										
	0	0	100	3	1	1	1	1	1	0	0.01	4.3	0.5	0.5	0.5	0	0	0	0	3	0	0	0	1.87	0	0.2	0	0	0	0	0	0	0	0	0	0	1	1	1	1	0	0	1	1	0	0	0	0	0	0	0	0	1	1	1	0.32	0.75	1	0.02	0.04	3	0	0	0	0	2	4	2	4	1	4	1	0	0.2
/initial_values																																																																										
scenario	32																																																																									
scene	letsgo	60																																																																								
letsgo	letsgo	letsgo	letsgo	letsgo	letsgo	letsgo	letsgo	letsgo	letsgo	letsgo	letsgo	letsgo	letsgo	letsgo	letsgo	letsgo	letsgo	letsgo	letsgo	letsgo	letsgo	letsgo	letsgo	letsgo	letsgo	letsgo	letsgo	letsgo	letsgo	letsgo	letsgo	letsgo	letsgo	letsgo	letsgo	letsgo	letsgo	letsgo	letsgo	letsgo	letsgo	letsgo	letsgo	letsgo	letsgo	letsgo	letsgo	letsgo	letsgo	letsgo	letsgo	letsgo	letsgo	letsgo	letsgo	letsgo	letsgo	letsgo	letsgo	letsgo	letsgo	letsgo	letsgo	letsgo	letsgo	letsgo	letsgo	letsgo	letsgo	letsgo	letsgo	letsgo	letsgo	letsgo
	line	brush ID	bursh radius	palette	R color				opaque	particle 	prtAcc	med noise	central	part	radiusParticle	repopulating	uncleared	uncleared	uninverted	cursor size	no echo	no echo	MusXY	hig color	MusRad	MusPrt	hig hue variation	XY	_Col_Rad	FlashTrack1	flashPart	flashPart_duration	penPrCoef	penHCoef	penVCoef	notrack synch	drawing track	video track	track0 decay sign	track1 decay sign	trckDcay0	trckDcay1	track0CompW	track1CompW 	track0FinalW	track1FinalW 	track_playon_off	track_playon_off	source_track_rec-on_off	source_track_rec-on_off	target_track_rec-on_off	target_track_rec-on_off	with automatic beats	beat duration	with video	videoThreshold	videoGamma	initial BG subtraction	image jitter amplitude	mask jiter amplitude	audio track size	macroffset all tracks	macroffset all tracks random	microffset all tracks	microffset all tracks random	image swap duration	image swap frequency	sample swap duration	sample swap frequency	text swap duration	text swap frequency	audio volume	scene number	drone vol
	0	0	1	3	1	1	1	1	1	0	0.01	4.3	0.5	0.5	0.5	0	0	0	0	3	0	0	0	1.87	0	0.2	0	0	0	0	0	0	0	0	0	0	1	1	1	1	0	0	1	1	0	0	0	0	0	0	0	0	1	1	1	0.32	0.75	1	0.02	0.04	3	0	0	0	0	1	2	2	4	1	4	1	0	0.2
	0	0	1	3	1	1	1	1	1	0	0.01	4.3	0.5	0.5	0.5	0	0	0	0	3	0	0	0	1.87	3.125	0.2	0.09375	0	0	0	0	0	0	0	0	0	1	1	1	1	0	0	1	1	0	0	0	0	0	0	0	0	1	1	1	0.32	0.75	1	0.02	0.04	2.9065625	0	0	0	0	1	2	2	4	1	4	1	0	0.215625
	s	s	s	s	s	s	s	s	s	s	s	s	s	s	s	l	s	s	s	s	s	s	s	s	s	s	s	s	s	s	s	s	s	s	s	s	s	s	s	s	s	s	s	s	s	s	s	s	s	s	s	s	s	s	s	s	s	s	s	s	l	s	s	s	s	s	s	s	s	s	s	s	s	l
/scene																																																																										
scene	startups	60																																																																								
startups	startups	startups	startups	startups	startups	startups	startups	startups	startups	startups	startups	startups	startups	startups	startups	startups	startups	startups	startups	startups	startups	startups	startups	startups	startups	startups	startups	startups	startups	startups	startups	startups	startups	startups	startups	startups	startups	startups	startups	startups	startups	startups	startups	startups	startups	startups	startups	startups	startups	startups	startups	startups	startups	startups	startups	startups	startups	startups	startups	startups	startups	startups	startups	startups	startups	startups	startups	startups	startups	startups	startups	startups	startups	startups
	line	brush ID	bursh radius	palette	R color				opaque	particle 	prtAcc	med noise	central	part	radiusParticle	repopulating	uncleared	uncleared	uninverted	cursor size	no echo	no echo	MusXY	hig color	MusRad	MusPrt	hig hue variation	XY	_Col_Rad	FlashTrack1	flashPart	flashPart_duration	penPrCoef	penHCoef	penVCoef	notrack synch	drawing track	video track	track0 decay sign	track1 decay sign	trckDcay0	trckDcay1	track0CompW	track1CompW 	track0FinalW	track1FinalW 	track_playon_off	track_playon_off	source_track_rec-on_off	source_track_rec-on_off	target_track_rec-on_off	target_track_rec-on_off	with automatic beats	beat duration	with video	videoThreshold	videoGamma	initial BG subtraction	image jitter amplitude	mask jiter amplitude	audio track size	macroffset all tracks	macroffset all tracks random	microffset all tracks	microffset all tracks random	image swap duration	image swap frequency	sample swap duration	sample swap frequency	text swap duration	text swap frequency	audio volume	scene number	Predatr's params
	0	0	1	3	1	1	1	1	1	0	0.01	4.3	0.5	0.5	0.5	0	0	0	0	3	0	0	0	1.87	3.125	0.2	0.09375	0	0	0	0	0	0	0	0	0	1	1	1	1	0	0	1	1	0	0	0	0	0	0	0	0	1	1	1	0.32	0.75	1	0.02	0.04	2.9065625	0	0	0	0	1	2	2	4	1	4	1	1	0.215625
	0	0	1	3	1	1	1	1	1	0	0.01	4.3	0.5	0.5	0.5	0	0	0	0	3	0	0	0	1.87	6.25	0.2	0.1875	0	0	0	0	0	0	0	0	0	1	1	1	1	0	0	1	1	0	0	0	0	0	0	0	0	1	1	1	0.32	0.75	1	0.02	0.04	2.813125	0	0	0	0	1	2	2	4	1	4	1	1	0.23125
	k	k	k	k	k	k	k	k	k	k	k	k	k	k	k	k	k	k	k	k	k	k	k	k	k	k	k	k	k	k	k	k	k	k	k	k	k	k	k	k	k	k	k	k	k	k	k	k	k	k	k	k	k	k	k	k	k	k	k	k	l	k	k	k	k	k	k	k	k	k	k	k	s	l
/scene																																																																										
scene	business	60																																																																								
business	business	business	business	business	business	business	business	business	business	business	business	business	business	business	business	business	business	business	business	business	business	business	business	business	business	business	business	business	business	business	business	business	business	business	business	business	business	business	business	business	business	business	business	business	business	business	business	business	business	business	business	business	business	business	business	business	business	business	business	business	business	business	business	business	business	business	business	business	business	business	business	business	business	business
	line	brush ID	bursh radius	palette	R color				opaque	particle 	prtAcc	med noise	central	part	radiusParticle	repopulating	uncleared	uncleared	uninverted	cursor size	no echo	no echo	MusXY	hig color	MusRad	MusPrt	hig hue variation	XY	_Col_Rad	FlashTrack1	flashPart	flashPart_duration	penPrCoef	penHCoef	penVCoef	notrack synch	drawing track	video track	track0 decay sign	track1 decay sign	trckDcay0	trckDcay1	track0CompW	track1CompW 	track0FinalW	track1FinalW 	track_playon_off	track_playon_off	source_track_rec-on_off	source_track_rec-on_off	target_track_rec-on_off	target_track_rec-on_off	with automatic beats	beat duration	with video	videoThreshold	videoGamma	initial BG subtraction	image jitter amplitude	mask jiter amplitude	audio track size	macroffset all tracks	macroffset all tracks random	microffset all tracks	microffset all tracks random	image swap duration	image swap frequency	sample swap duration	sample swap frequency	text swap duration	text swap frequency	audio volume	scene number	Predatr's params
	0	0	1	3	1	1	1	1	1	0	0.01	4.3	0.5	0.5	0.5	0	0	0	0	3	0	0	0	1.87	6.25	0.2	0.1875	0	0	0	0	0	0	0	0	0	1	1	1	1	0	0	1	1	0	0	0	0	0	0	0	0	1	1	1	0.32	0.75	1	0.02	0.04	2.813125	0	0	0	0	1	2	2	4	1	4	1	2	0.23125
	0	0	1	3	1	1	1	1	1	0	0.01	4.3	0.5	0.5	0.5	0	0	0	0	3	0	0	0	1.87	9.375	0.2	0.28125	0	0	0	0	0	0	0	0	0	1	1	1	1	0	0	1	1	0	0	0	0	0	0	0	0	1	1	1	0.32	0.75	1	0.02	0.04	2.7196875	0	0	0	0	1	2	2	4	1	4	1	2	0.246875
	k	k	k	k	k	k	k	k	k	k	k	k	k	k	k	k	k	k	k	k	k	k	k	k	k	k	k	k	k	k	k	k	k	k	k	k	k	k	k	k	k	k	k	k	k	k	k	k	k	k	k	k	k	k	k	k	k	k	k	k	l	k	k	k	k	k	k	k	k	k	k	k	s	l
/scene																																																																										
scene	leadership	60																																																																								
leadership	leadership	leadership	leadership	leadership	leadership	leadership	leadership	leadership	leadership	leadership	leadership	leadership	leadership	leadership	leadership	leadership	leadership	leadership	leadership	leadership	leadership	leadership	leadership	leadership	leadership	leadership	leadership	leadership	leadership	leadership	leadership	leadership	leadership	leadership	leadership	leadership	leadership	leadership	leadership	leadership	leadership	leadership	leadership	leadership	leadership	leadership	leadership	leadership	leadership	leadership	leadership	leadership	leadership	leadership	leadership	leadership	leadership	leadership	leadership	leadership	leadership	leadership	leadership	leadership	leadership	leadership	leadership	leadership	leadership	leadership	leadership	leadership	leadership	leadership
	line	brush ID	bursh radius	palette	R color				opaque	particle 	prtAcc	med noise	central	part	radiusParticle	repopulating	uncleared	uncleared	uninverted	cursor size	no echo	no echo	MusXY	hig color	MusRad	MusPrt	hig hue variation	XY	_Col_Rad	FlashTrack1	flashPart	flashPart_duration	penPrCoef	penHCoef	penVCoef	notrack synch	drawing track	video track	track0 decay sign	track1 decay sign	trckDcay0	trckDcay1	track0CompW	track1CompW 	track0FinalW	track1FinalW 	track_playon_off	track_playon_off	source_track_rec-on_off	source_track_rec-on_off	target_track_rec-on_off	target_track_rec-on_off	with automatic beats	beat duration	with video	videoThreshold	videoGamma	initial BG subtraction	image jitter amplitude	mask jiter amplitude	audio track size	macroffset all tracks	macroffset all tracks random	microffset all tracks	microffset all tracks random	image swap duration	image swap frequency	sample swap duration	sample swap frequency	text swap duration	text swap frequency	audio volume	scene number	Predatr's params
	0	0	1	3	1	1	1	1	1	0	0.01	4.3	0.5	0.5	0.5	0	0	0	0	3	0	0	0	1.87	9.375	0.2	0.28125	0	0	0	0	0	0	0	0	0	1	1	1	1	0	0	1	1	0	0	0	0	0	0	0	0	1	1	1	0.32	0.75	1	0.02	0.04	2.7196875	0	0	0	0	1	2	2	4	1	4	1	3	0.246875
	0	0	1	3	1	1	1	1	1	0	0.01	4.3	0.5	0.5	0.5	0	0	0	0	3	0	0	0	1.87	12.5	0.2	0.375	0	0	0	0	0	0	0	0	0	1	1	1	1	0	0	1	1	0	0	0	0	0	0	0	0	1	1	1	0.32	0.75	1	0.02	0.04	2.62625	0	0	0	0	1	2	2	4	1	4	1	3	0.2625
	k	k	k	k	k	k	k	k	k	k	k	k	k	k	k	k	k	k	k	k	k	k	k	k	k	k	k	k	k	k	k	k	k	k	k	k	k	k	k	k	k	k	k	k	k	k	k	k	k	k	k	k	k	k	k	k	k	k	k	k	l	k	k	k	k	k	k	k	k	k	k	k	s	l
/scene																																																																										
scene	success	60																																																																								
success	success	success	success	success	success	success	success	success	success	success	success	success	success	success	success	success	success	success	success	success	success	success	success	success	success	success	success	success	success	success	success	success	success	success	success	success	success	success	success	success	success	success	success	success	success	success	success	success	success	success	success	success	success	success	success	success	success	success	success	success	success	success	success	success	success	success	success	success	success	success	success	success	success	success
	line	brush ID	bursh radius	palette	R color				opaque	particle 	prtAcc	med noise	central	part	radiusParticle	repopulating	uncleared	uncleared	uninverted	cursor size	no echo	no echo	MusXY	hig color	MusRad	MusPrt	hig hue variation	XY	_Col_Rad	FlashTrack1	flashPart	flashPart_duration	penPrCoef	penHCoef	penVCoef	notrack synch	drawing track	video track	track0 decay sign	track1 decay sign	trckDcay0	trckDcay1	track0CompW	track1CompW 	track0FinalW	track1FinalW 	track_playon_off	track_playon_off	source_track_rec-on_off	source_track_rec-on_off	target_track_rec-on_off	target_track_rec-on_off	with automatic beats	beat duration	with video	videoThreshold	videoGamma	initial BG subtraction	image jitter amplitude	mask jiter amplitude	audio track size	macroffset all tracks	macroffset all tracks random	microffset all tracks	microffset all tracks random	image swap duration	image swap frequency	sample swap duration	sample swap frequency	text swap duration	text swap frequency	audio volume	scene number	Predatr's params
	0	0	1	3	1	1	1	1	1	0	0.01	4.3	0.5	0.5	0.5	0	0	0	0	3	0	0	0	1.87	12.5	0.2	0.375	0	0	0	0	0	0	0	0	0	1	1	1	1	0	0	1	1	0	0	0	0	0	0	0	0	1	1	1	0.32	0.75	1	0.02	0.04	2.62625	0	0	0	0	1	2	2	4	1	4	1	4	0.2625
	0	0	1	3	1	1	1	1	1	0	0.01	4.3	0.5	0.5	0.5	0	0	0	0	3	0	0	0	1.87	15.625	0.2	0.46875	0	0	0	0	0	0	0	0	0	1	1	1	1	0	0	1	1	0	0	0	0	0	0	0	0	1	1	1	0.32	0.75	1	0.02	0.04	2.5328125	0	0	0	0	1	2	2	4	1	4	1	4	0.278125
	k	k	k	k	k	k	k	k	k	k	k	k	k	k	k	k	k	k	k	k	k	k	k	k	k	k	k	k	k	k	k	k	k	k	k	k	k	k	k	k	k	k	k	k	k	k	k	k	k	k	k	k	k	k	k	k	k	k	k	k	l	k	k	k	k	k	k	k	k	k	k	k	s	l
/scene																																																																										
scene	life	60																																																																								
life	life	life	life	life	life	life	life	life	life	life	life	life	life	life	life	life	life	life	life	life	life	life	life	life	life	life	life	life	life	life	life	life	life	life	life	life	life	life	life	life	life	life	life	life	life	life	life	life	life	life	life	life	life	life	life	life	life	life	life	life	life	life	life	life	life	life	life	life	life	life	life	life	life	life
	line	brush ID	bursh radius	palette	R color				opaque	particle 	prtAcc	med noise	central	part	radiusParticle	repopulating	uncleared	uncleared	uninverted	cursor size	no echo	no echo	MusXY	hig color	MusRad	MusPrt	hig hue variation	XY	_Col_Rad	FlashTrack1	flashPart	flashPart_duration	penPrCoef	penHCoef	penVCoef	notrack synch	drawing track	video track	track0 decay sign	track1 decay sign	trckDcay0	trckDcay1	track0CompW	track1CompW 	track0FinalW	track1FinalW 	track_playon_off	track_playon_off	source_track_rec-on_off	source_track_rec-on_off	target_track_rec-on_off	target_track_rec-on_off	with automatic beats	beat duration	with video	videoThreshold	videoGamma	initial BG subtraction	image jitter amplitude	mask jiter amplitude	audio track size	macroffset all tracks	macroffset all tracks random	microffset all tracks	microffset all tracks random	image swap duration	image swap frequency	sample swap duration	sample swap frequency	text swap duration	text swap frequency	audio volume	scene number	Predatr's params
	0	0	1	3	1	1	1	1	1	0	0.01	4.3	0.5	0.5	0.5	0	0	0	0	3	0	0	0	1.87	15.625	0.2	0.46875	0	0	0	0	0	0	0	0	0	1	1	1	1	0	0	1	1	0	0	0	0	0	0	0	0	1	1	1	0.32	0.75	1	0.02	0.04	2.5328125	0	0	0	0	1	2	2	4	1	4	1	5	0.278125
	0	0	1	3	1	1	1	1	1	0	0.01	4.3	0.5	0.5	0.5	0	0	0	0	3	0	0	0	1.87	18.75	0.2	0.5625	0	0	0	0	0	0	0	0	0	1	1	1	1	0	0	1	1	0	0	0	0	0	0	0	0	1	1	1	0.32	0.75	1	0.02	0.04	2.439375	0	0	0	0	1	2	2	4	1	4	1	5	0.29375
	k	k	k	k	k	k	k	k	k	k	k	k	k	k	k	k	k	k	k	k	k	k	k	k	k	k	k	k	k	k	k	k	k	k	k	k	k	k	k	k	k	k	k	k	k	k	k	k	k	k	k	k	k	k	k	k	k	k	k	k	l	k	k	k	k	k	k	k	k	k	k	k	s	l
/scene																																																																										
scene	love	60																																																																								
love	love	love	love	love	love	love	love	love	love	love	love	love	love	love	love	love	love	love	love	love	love	love	love	love	love	love	love	love	love	love	love	love	love	love	love	love	love	love	love	love	love	love	love	love	love	love	love	love	love	love	love	love	love	love	love	love	love	love	love	love	love	love	love	love	love	love	love	love	love	love	love	love	love	love
	line	brush ID	bursh radius	palette	R color				opaque	particle 	prtAcc	med noise	central	part	radiusParticle	repopulating	uncleared	uncleared	uninverted	cursor size	no echo	no echo	MusXY	hig color	MusRad	MusPrt	hig hue variation	XY	_Col_Rad	FlashTrack1	flashPart	flashPart_duration	penPrCoef	penHCoef	penVCoef	notrack synch	drawing track	video track	track0 decay sign	track1 decay sign	trckDcay0	trckDcay1	track0CompW	track1CompW 	track0FinalW	track1FinalW 	track_playon_off	track_playon_off	source_track_rec-on_off	source_track_rec-on_off	target_track_rec-on_off	target_track_rec-on_off	with automatic beats	beat duration	with video	videoThreshold	videoGamma	initial BG subtraction	image jitter amplitude	mask jiter amplitude	audio track size	macroffset all tracks	macroffset all tracks random	microffset all tracks	microffset all tracks random	image swap duration	image swap frequency	sample swap duration	sample swap frequency	text swap duration	text swap frequency	audio volume	scene number	Predatr's params
	0	0	1	3	1	1	1	1	1	0	0.01	4.3	0.5	0.5	0.5	0	0	0	0	3	0	0	0	1.87	18.75	0.2	0.5625	0	0	0	0	0	0	0	0	0	1	1	1	1	0	0	1	1	0	0	0	0	0	0	0	0	1	1	1	0.32	0.75	1	0.02	0.04	2.439375	0	0	0	0	1	2	2	4	1	4	1	6	0.29375
	0	0	1	3	1	1	1	1	1	0	0.01	4.3	0.5	0.5	0.5	0	0	0	0	3	0	0	0	1.87	21.875	0.2	0.65625	0	0	0	0	0	0	0	0	0	1	1	1	1	0	0	1	1	0	0	0	0	0	0	0	0	1	1	1	0.32	0.75	1	0.02	0.04	2.3459375	0	0	0	0	1	2	2	4	1	4	1	6	0.309375
	k	k	k	k	k	k	k	k	k	k	k	k	k	k	k	k	k	k	k	k	k	k	k	k	k	k	k	k	k	k	k	k	k	k	k	k	k	k	k	k	k	k	k	k	k	k	k	k	k	k	k	k	k	k	k	k	k	k	k	k	l	k	k	k	k	k	k	k	k	k	k	k	s	l
/scene																																																																										
scene	photooftheday	60																																																																								
photooftheday	photooftheday	photooftheday	photooftheday	photooftheday	photooftheday	photooftheday	photooftheday	photooftheday	photooftheday	photooftheday	photooftheday	photooftheday	photooftheday	photooftheday	photooftheday	photooftheday	photooftheday	photooftheday	photooftheday	photooftheday	photooftheday	photooftheday	photooftheday	photooftheday	photooftheday	photooftheday	photooftheday	photooftheday	photooftheday	photooftheday	photooftheday	photooftheday	photooftheday	photooftheday	photooftheday	photooftheday	photooftheday	photooftheday	photooftheday	photooftheday	photooftheday	photooftheday	photooftheday	photooftheday	photooftheday	photooftheday	photooftheday	photooftheday	photooftheday	photooftheday	photooftheday	photooftheday	photooftheday	photooftheday	photooftheday	photooftheday	photooftheday	photooftheday	photooftheday	photooftheday	photooftheday	photooftheday	photooftheday	photooftheday	photooftheday	photooftheday	photooftheday	photooftheday	photooftheday	photooftheday	photooftheday	photooftheday	photooftheday	photooftheday
	line	brush ID	bursh radius	palette	R color				opaque	particle 	prtAcc	med noise	central	part	radiusParticle	repopulating	uncleared	uncleared	uninverted	cursor size	no echo	no echo	MusXY	hig color	MusRad	MusPrt	hig hue variation	XY	_Col_Rad	FlashTrack1	flashPart	flashPart_duration	penPrCoef	penHCoef	penVCoef	notrack synch	drawing track	video track	track0 decay sign	track1 decay sign	trckDcay0	trckDcay1	track0CompW	track1CompW 	track0FinalW	track1FinalW 	track_playon_off	track_playon_off	source_track_rec-on_off	source_track_rec-on_off	target_track_rec-on_off	target_track_rec-on_off	with automatic beats	beat duration	with video	videoThreshold	videoGamma	initial BG subtraction	image jitter amplitude	mask jiter amplitude	audio track size	macroffset all tracks	macroffset all tracks random	microffset all tracks	microffset all tracks random	image swap duration	image swap frequency	sample swap duration	sample swap frequency	text swap duration	text swap frequency	audio volume	scene number	Predatr's params
	0	0	1	3	1	1	1	1	1	0	0.01	4.3	0.5	0.5	0.5	0	0	0	0	3	0	0	0	1.87	21.875	0.2	0.65625	0	0	0	0	0	0	0	0	0	1	1	1	1	0	0	1	1	0	0	0	0	0	0	0	0	1	1	1	0.32	0.75	1	0.02	0.04	2.3459375	0	0	0	0	1	2	2	4	1	4	1	7	0.309375
	0	0	1	3	1	1	1	1	1	0	0.01	4.3	0.5	0.5	0.5	0	0	0	0	3	0	0	0	1.87	25	0.2	0.75	0	0	0	0	0	0	0	0	0	1	1	1	1	0	0	1	1	0	0	0	0	0	0	0	0	1	1	1	0.32	0.75	1	0.02	0.04	2.2525	0	0	0	0	1	2	2	4	1	4	1	7	0.325
	k	k	k	k	k	k	k	k	k	k	k	k	k	k	k	k	k	k	k	k	k	k	k	k	k	k	k	k	k	k	k	k	k	k	k	k	k	k	k	k	k	k	k	k	k	k	k	k	k	k	k	k	k	k	k	k	k	k	k	k	l	k	k	k	k	k	k	k	k	k	k	k	s	l
/scene																																																																										
scene	photo	60																																																																								
photo	photo	photo	photo	photo	photo	photo	photo	photo	photo	photo	photo	photo	photo	photo	photo	photo	photo	photo	photo	photo	photo	photo	photo	photo	photo	photo	photo	photo	photo	photo	photo	photo	photo	photo	photo	photo	photo	photo	photo	photo	photo	photo	photo	photo	photo	photo	photo	photo	photo	photo	photo	photo	photo	photo	photo	photo	photo	photo	photo	photo	photo	photo	photo	photo	photo	photo	photo	photo	photo	photo	photo	photo	photo	photo
	line	brush ID	bursh radius	palette	R color				opaque	particle 	prtAcc	med noise	central	part	radiusParticle	repopulating	uncleared	uncleared	uninverted	cursor size	no echo	no echo	MusXY	hig color	MusRad	MusPrt	hig hue variation	XY	_Col_Rad	FlashTrack1	flashPart	flashPart_duration	penPrCoef	penHCoef	penVCoef	notrack synch	drawing track	video track	track0 decay sign	track1 decay sign	trckDcay0	trckDcay1	track0CompW	track1CompW 	track0FinalW	track1FinalW 	track_playon_off	track_playon_off	source_track_rec-on_off	source_track_rec-on_off	target_track_rec-on_off	target_track_rec-on_off	with automatic beats	beat duration	with video	videoThreshold	videoGamma	initial BG subtraction	image jitter amplitude	mask jiter amplitude	audio track size	macroffset all tracks	macroffset all tracks random	microffset all tracks	microffset all tracks random	image swap duration	image swap frequency	sample swap duration	sample swap frequency	text swap duration	text swap frequency	audio volume	scene number	Predatr's params
	0	0	1	3	1	1	1	1	1	0	0.01	4.3	0.5	0.5	0.5	0	0	0	0	3	0	0	0	1.87	25	0.2	0.75	0	0	0	0	0	0	0	0	0	1	1	1	1	0	0	1	1	0	0	0	0	0	0	0	0	1	1	1	0.32	0.75	1	0.02	0.04	2.2525	0	0	0	0	1	2	2	4	1	4	1	8	0.325
	0	0	1	3	1	1	1	1	1	0	0.01	4.3	0.5	0.5	0.5	0	0	0	0	3	0	0	0	1.87	28.125	0.2	0.84375	0	0	0	0	0	0	0	0	0	1	1	1	1	0	0	1	1	0	0	0	0	0	0	0	0	1	1	1	0.32	0.75	1	0.02	0.04	2.1590625	0	0	0	0	1	2	2	4	1	4	1	8	0.340625
	k	k	k	k	k	k	k	k	k	k	k	k	k	k	k	k	k	k	k	k	k	k	k	k	k	k	k	k	k	k	k	k	k	k	k	k	k	k	k	k	k	k	k	k	k	k	k	k	k	k	k	k	k	k	k	k	k	k	k	k	l	k	k	k	k	k	k	k	k	k	k	k	s	l
/scene																																																																										
scene	photography	60																																																																								
photography	photography	photography	photography	photography	photography	photography	photography	photography	photography	photography	photography	photography	photography	photography	photography	photography	photography	photography	photography	photography	photography	photography	photography	photography	photography	photography	photography	photography	photography	photography	photography	photography	photography	photography	photography	photography	photography	photography	photography	photography	photography	photography	photography	photography	photography	photography	photography	photography	photography	photography	photography	photography	photography	photography	photography	photography	photography	photography	photography	photography	photography	photography	photography	photography	photography	photography	photography	photography	photography	photography	photography	photography	photography	photography
	line	brush ID	bursh radius	palette	R color				opaque	particle 	prtAcc	med noise	central	part	radiusParticle	repopulating	uncleared	uncleared	uninverted	cursor size	no echo	no echo	MusXY	hig color	MusRad	MusPrt	hig hue variation	XY	_Col_Rad	FlashTrack1	flashPart	flashPart_duration	penPrCoef	penHCoef	penVCoef	notrack synch	drawing track	video track	track0 decay sign	track1 decay sign	trckDcay0	trckDcay1	track0CompW	track1CompW 	track0FinalW	track1FinalW 	track_playon_off	track_playon_off	source_track_rec-on_off	source_track_rec-on_off	target_track_rec-on_off	target_track_rec-on_off	with automatic beats	beat duration	with video	videoThreshold	videoGamma	initial BG subtraction	image jitter amplitude	mask jiter amplitude	audio track size	macroffset all tracks	macroffset all tracks random	microffset all tracks	microffset all tracks random	image swap duration	image swap frequency	sample swap duration	sample swap frequency	text swap duration	text swap frequency	audio volume	scene number	Predatr's params
	0	0	1	3	1	1	1	1	1	0	0.01	4.3	0.5	0.5	0.5	0	0	0	0	3	0	0	0	1.87	28.125	0.2	0.84375	0	0	0	0	0	0	0	0	0	1	1	1	1	0	0	1	1	0	0	0	0	0	0	0	0	1	1	1	0.32	0.75	1	0.02	0.04	2.1590625	0	0	0	0	1	2	2	4	1	4	1	9	0.340625
	0	0	1	3	1	1	1	1	1	0	0.01	4.3	0.5	0.5	0.5	0	0	0	0	3	0	0	0	1.87	31.25	0.2	0.9375	0	0	0	0	0	0	0	0	0	1	1	1	1	0	0	1	1	0	0	0	0	0	0	0	0	1	1	1	0.32	0.75	1	0.02	0.04	2.065625	0	0	0	0	1	2	2	4	1	4	1	9	0.35625
	k	k	k	k	k	k	k	k	k	k	k	k	k	k	k	k	k	k	k	k	k	k	k	k	k	k	k	k	k	k	k	k	k	k	k	k	k	k	k	k	k	k	k	k	k	k	k	k	k	k	k	k	k	k	k	k	k	k	k	k	l	k	k	k	k	k	k	k	k	k	k	k	s	l
/scene																																																																										
scene	travel	60																																																																								
travel	travel	travel	travel	travel	travel	travel	travel	travel	travel	travel	travel	travel	travel	travel	travel	travel	travel	travel	travel	travel	travel	travel	travel	travel	travel	travel	travel	travel	travel	travel	travel	travel	travel	travel	travel	travel	travel	travel	travel	travel	travel	travel	travel	travel	travel	travel	travel	travel	travel	travel	travel	travel	travel	travel	travel	travel	travel	travel	travel	travel	travel	travel	travel	travel	travel	travel	travel	travel	travel	travel	travel	travel	travel	travel
	line	brush ID	bursh radius	palette	R color				opaque	particle 	prtAcc	med noise	central	part	radiusParticle	repopulating	uncleared	uncleared	uninverted	cursor size	no echo	no echo	MusXY	hig color	MusRad	MusPrt	hig hue variation	XY	_Col_Rad	FlashTrack1	flashPart	flashPart_duration	penPrCoef	penHCoef	penVCoef	notrack synch	drawing track	video track	track0 decay sign	track1 decay sign	trckDcay0	trckDcay1	track0CompW	track1CompW 	track0FinalW	track1FinalW 	track_playon_off	track_playon_off	source_track_rec-on_off	source_track_rec-on_off	target_track_rec-on_off	target_track_rec-on_off	with automatic beats	beat duration	with video	videoThreshold	videoGamma	initial BG subtraction	image jitter amplitude	mask jiter amplitude	audio track size	macroffset all tracks	macroffset all tracks random	microffset all tracks	microffset all tracks random	image swap duration	image swap frequency	sample swap duration	sample swap frequency	text swap duration	text swap frequency	audio volume	scene number	Predatr's params
	0	0	1	3	1	1	1	1	1	0	0.01	4.3	0.5	0.5	0.5	0	0	0	0	3	0	0	0	1.87	31.25	0.2	0.9375	0	0	0	0	0	0	0	0	0	1	1	1	1	0	0	1	1	0	0	0	0	0	0	0	0	1	1	1	0.32	0.75	1	0.02	0.04	2.065625	0	0	0	0	1	2	2	4	1	4	1	10	0.35625
	0	0	1	3	1	1	1	1	1	0	0.01	4.3	0.5	0.5	0.5	0	0	0	0	3	0	0	0	1.87	34.375	0.2	1.03125	0	0	0	0	0	0	0	0	0	1	1	1	1	0	0	1	1	0	0	0	0	0	0	0	0	1	1	1	0.32	0.75	1	0.02	0.04	1.9721875	0	0	0	0	1	2	2	4	1	4	1	10	0.371875
	k	k	k	k	k	k	k	k	k	k	k	k	k	k	k	k	k	k	k	k	k	k	k	k	k	k	k	k	k	k	k	k	k	k	k	k	k	k	k	k	k	k	k	k	k	k	k	k	k	k	k	k	k	k	k	k	k	k	k	k	l	k	k	k	k	k	k	k	k	k	k	k	s	l
/scene																																																																										
scene	cellphone	60																																																																								
cellphone	cellphone	cellphone	cellphone	cellphone	cellphone	cellphone	cellphone	cellphone	cellphone	cellphone	cellphone	cellphone	cellphone	cellphone	cellphone	cellphone	cellphone	cellphone	cellphone	cellphone	cellphone	cellphone	cellphone	cellphone	cellphone	cellphone	cellphone	cellphone	cellphone	cellphone	cellphone	cellphone	cellphone	cellphone	cellphone	cellphone	cellphone	cellphone	cellphone	cellphone	cellphone	cellphone	cellphone	cellphone	cellphone	cellphone	cellphone	cellphone	cellphone	cellphone	cellphone	cellphone	cellphone	cellphone	cellphone	cellphone	cellphone	cellphone	cellphone	cellphone	cellphone	cellphone	cellphone	cellphone	cellphone	cellphone	cellphone	cellphone	cellphone	cellphone	cellphone	cellphone	cellphone	cellphone
	line	brush ID	bursh radius	palette	R color				opaque	particle 	prtAcc	med noise	central	part	radiusParticle	repopulating	uncleared	uncleared	uninverted	cursor size	no echo	no echo	MusXY	hig color	MusRad	MusPrt	hig hue variation	XY	_Col_Rad	FlashTrack1	flashPart	flashPart_duration	penPrCoef	penHCoef	penVCoef	notrack synch	drawing track	video track	track0 decay sign	track1 decay sign	trckDcay0	trckDcay1	track0CompW	track1CompW 	track0FinalW	track1FinalW 	track_playon_off	track_playon_off	source_track_rec-on_off	source_track_rec-on_off	target_track_rec-on_off	target_track_rec-on_off	with automatic beats	beat duration	with video	videoThreshold	videoGamma	initial BG subtraction	image jitter amplitude	mask jiter amplitude	audio track size	macroffset all tracks	macroffset all tracks random	microffset all tracks	microffset all tracks random	image swap duration	image swap frequency	sample swap duration	sample swap frequency	text swap duration	text swap frequency	audio volume	scene number	Predatr's params
	0	0	1	3	1	1	1	1	1	0	0.01	4.3	0.5	0.5	0.5	0	0	0	0	3	0	0	0	1.87	34.375	0.2	1.03125	0	0	0	0	0	0	0	0	0	1	1	1	1	0	0	1	1	0	0	0	0	0	0	0	0	1	1	1	0.32	0.75	1	0.02	0.04	1.9721875	0	0	0	0	1	2	2	4	1	4	1	11	0.371875
	0	0	1	3	1	1	1	1	1	0	0.01	4.3	0.5	0.5	0.5	0	0	0	0	3	0	0	0	1.87	37.5	0.2	1.125	0	0	0	0	0	0	0	0	0	1	1	1	1	0	0	1	1	0	0	0	0	0	0	0	0	1	1	1	0.32	0.75	1	0.02	0.04	1.87875	0	0	0	0	1	2	2	4	1	4	1	11	0.3875
	k	k	k	k	k	k	k	k	k	k	k	k	k	k	k	k	k	k	k	k	k	k	k	k	k	k	k	k	k	k	k	k	k	k	k	k	k	k	k	k	k	k	k	k	k	k	k	k	k	k	k	k	k	k	k	k	k	k	k	k	l	k	k	k	k	k	k	k	k	k	k	k	s	l
/scene																																																																										
scene	deal	60																																																																								
deal	deal	deal	deal	deal	deal	deal	deal	deal	deal	deal	deal	deal	deal	deal	deal	deal	deal	deal	deal	deal	deal	deal	deal	deal	deal	deal	deal	deal	deal	deal	deal	deal	deal	deal	deal	deal	deal	deal	deal	deal	deal	deal	deal	deal	deal	deal	deal	deal	deal	deal	deal	deal	deal	deal	deal	deal	deal	deal	deal	deal	deal	deal	deal	deal	deal	deal	deal	deal	deal	deal	deal	deal	deal	deal
	line	brush ID	bursh radius	palette	R color				opaque	particle 	prtAcc	med noise	central	part	radiusParticle	repopulating	uncleared	uncleared	uninverted	cursor size	no echo	no echo	MusXY	hig color	MusRad	MusPrt	hig hue variation	XY	_Col_Rad	FlashTrack1	flashPart	flashPart_duration	penPrCoef	penHCoef	penVCoef	notrack synch	drawing track	video track	track0 decay sign	track1 decay sign	trckDcay0	trckDcay1	track0CompW	track1CompW 	track0FinalW	track1FinalW 	track_playon_off	track_playon_off	source_track_rec-on_off	source_track_rec-on_off	target_track_rec-on_off	target_track_rec-on_off	with automatic beats	beat duration	with video	videoThreshold	videoGamma	initial BG subtraction	image jitter amplitude	mask jiter amplitude	audio track size	macroffset all tracks	macroffset all tracks random	microffset all tracks	microffset all tracks random	image swap duration	image swap frequency	sample swap duration	sample swap frequency	text swap duration	text swap frequency	audio volume	scene number	Predatr's params
	0	0	1	3	1	1	1	1	1	0	0.01	4.3	0.5	0.5	0.5	0	0	0	0	3	0	0	0	1.87	37.5	0.2	1.125	0	0	0	0	0	0	0	0	0	1	1	1	1	0	0	1	1	0	0	0	0	0	0	0	0	1	1	1	0.32	0.75	1	0.02	0.04	1.87875	0	0	0	0	1	2	2	4	1	4	1	12	0.3875
	0	0	1	3	1	1	1	1	1	0	0.01	4.3	0.5	0.5	0.5	0	0	0	0	3	0	0	0	1.87	40.625	0.2	1.21875	0	0	0	0	0	0	0	0	0	1	1	1	1	0	0	1	1	0	0	0	0	0	0	0	0	1	1	1	0.32	0.75	1	0.02	0.04	1.7853125	0	0	0	0	1	2	2	4	1	4	1	12	0.403125
	k	k	k	k	k	k	k	k	k	k	k	k	k	k	k	k	k	k	k	k	k	k	k	k	k	k	k	k	k	k	k	k	k	k	k	k	k	k	k	k	k	k	k	k	k	k	k	k	k	k	k	k	k	k	k	k	k	k	k	k	l	k	k	k	k	k	k	k	k	k	k	k	s	l
/scene																																																																										
scene	mobile	60																																																																								
mobile	mobile	mobile	mobile	mobile	mobile	mobile	mobile	mobile	mobile	mobile	mobile	mobile	mobile	mobile	mobile	mobile	mobile	mobile	mobile	mobile	mobile	mobile	mobile	mobile	mobile	mobile	mobile	mobile	mobile	mobile	mobile	mobile	mobile	mobile	mobile	mobile	mobile	mobile	mobile	mobile	mobile	mobile	mobile	mobile	mobile	mobile	mobile	mobile	mobile	mobile	mobile	mobile	mobile	mobile	mobile	mobile	mobile	mobile	mobile	mobile	mobile	mobile	mobile	mobile	mobile	mobile	mobile	mobile	mobile	mobile	mobile	mobile	mobile	mobile
	line	brush ID	bursh radius	palette	R color				opaque	particle 	prtAcc	med noise	central	part	radiusParticle	repopulating	uncleared	uncleared	uninverted	cursor size	no echo	no echo	MusXY	hig color	MusRad	MusPrt	hig hue variation	XY	_Col_Rad	FlashTrack1	flashPart	flashPart_duration	penPrCoef	penHCoef	penVCoef	notrack synch	drawing track	video track	track0 decay sign	track1 decay sign	trckDcay0	trckDcay1	track0CompW	track1CompW 	track0FinalW	track1FinalW 	track_playon_off	track_playon_off	source_track_rec-on_off	source_track_rec-on_off	target_track_rec-on_off	target_track_rec-on_off	with automatic beats	beat duration	with video	videoThreshold	videoGamma	initial BG subtraction	image jitter amplitude	mask jiter amplitude	audio track size	macroffset all tracks	macroffset all tracks random	microffset all tracks	microffset all tracks random	image swap duration	image swap frequency	sample swap duration	sample swap frequency	text swap duration	text swap frequency	audio volume	scene number	Predatr's params
	0	0	1	3	1	1	1	1	1	0	0.01	4.3	0.5	0.5	0.5	0	0	0	0	3	0	0	0	1.87	40.625	0.2	1.21875	0	0	0	0	0	0	0	0	0	1	1	1	1	0	0	1	1	0	0	0	0	0	0	0	0	1	1	1	0.32	0.75	1	0.02	0.04	1.7853125	0	0	0	0	1	2	2	4	1	4	1	13	0.403125
	0	0	1	3	1	1	1	1	1	0	0.01	4.3	0.5	0.5	0.5	0	0	0	0	3	0	0	0	1.87	43.75	0.2	1.3125	0	0	0	0	0	0	0	0	0	1	1	1	1	0	0	1	1	0	0	0	0	0	0	0	0	1	1	1	0.32	0.75	1	0.02	0.04	1.691875	0	0	0	0	1	2	2	4	1	4	1	13	0.41875
	k	k	k	k	k	k	k	k	k	k	k	k	k	k	k	k	k	k	k	k	k	k	k	k	k	k	k	k	k	k	k	k	k	k	k	k	k	k	k	k	k	k	k	k	k	k	k	k	k	k	k	k	k	k	k	k	k	k	k	k	l	k	k	k	k	k	k	k	k	k	k	k	s	l
/scene																																																																										
scene	apple	60																																																																								
apple	apple	apple	apple	apple	apple	apple	apple	apple	apple	apple	apple	apple	apple	apple	apple	apple	apple	apple	apple	apple	apple	apple	apple	apple	apple	apple	apple	apple	apple	apple	apple	apple	apple	apple	apple	apple	apple	apple	apple	apple	apple	apple	apple	apple	apple	apple	apple	apple	apple	apple	apple	apple	apple	apple	apple	apple	apple	apple	apple	apple	apple	apple	apple	apple	apple	apple	apple	apple	apple	apple	apple	apple	apple	apple
	line	brush ID	bursh radius	palette	R color				opaque	particle 	prtAcc	med noise	central	part	radiusParticle	repopulating	uncleared	uncleared	uninverted	cursor size	no echo	no echo	MusXY	hig color	MusRad	MusPrt	hig hue variation	XY	_Col_Rad	FlashTrack1	flashPart	flashPart_duration	penPrCoef	penHCoef	penVCoef	notrack synch	drawing track	video track	track0 decay sign	track1 decay sign	trckDcay0	trckDcay1	track0CompW	track1CompW 	track0FinalW	track1FinalW 	track_playon_off	track_playon_off	source_track_rec-on_off	source_track_rec-on_off	target_track_rec-on_off	target_track_rec-on_off	with automatic beats	beat duration	with video	videoThreshold	videoGamma	initial BG subtraction	image jitter amplitude	mask jiter amplitude	audio track size	macroffset all tracks	macroffset all tracks random	microffset all tracks	microffset all tracks random	image swap duration	image swap frequency	sample swap duration	sample swap frequency	text swap duration	text swap frequency	audio volume	scene number	Predatr's params
	0	0	1	3	1	1	1	1	1	0	0.01	4.3	0.5	0.5	0.5	0	0	0	0	3	0	0	0	1.87	43.75	0.2	1.3125	0	0	0	0	0	0	0	0	0	1	1	1	1	0	0	1	1	0	0	0	0	0	0	0	0	1	1	1	0.32	0.75	1	0.02	0.04	1.691875	0	0	0	0	1	2	2	4	1	4	1	14	0.41875
	0	0	1	3	1	1	1	1	1	0	0.01	4.3	0.5	0.5	0.5	0	0	0	0	3	0	0	0	1.87	46.875	0.2	1.40625	0	0	0	0	0	0	0	0	0	1	1	1	1	0	0	1	1	0	0	0	0	0	0	0	0	1	1	1	0.32	0.75	1	0.02	0.04	1.5984375	0	0	0	0	1	2	2	4	1	4	1	14	0.434375
	k	k	k	k	k	k	k	k	k	k	k	k	k	k	k	k	k	k	k	k	k	k	k	k	k	k	k	k	k	k	k	k	k	k	k	k	k	k	k	k	k	k	k	k	k	k	k	k	k	k	k	k	k	k	k	k	k	k	k	k	l	k	k	k	k	k	k	k	k	k	k	k	s	l
/scene																																																																										
scene	phone	60																																																																								
phone	phone	phone	phone	phone	phone	phone	phone	phone	phone	phone	phone	phone	phone	phone	phone	phone	phone	phone	phone	phone	phone	phone	phone	phone	phone	phone	phone	phone	phone	phone	phone	phone	phone	phone	phone	phone	phone	phone	phone	phone	phone	phone	phone	phone	phone	phone	phone	phone	phone	phone	phone	phone	phone	phone	phone	phone	phone	phone	phone	phone	phone	phone	phone	phone	phone	phone	phone	phone	phone	phone	phone	phone	phone	phone
	line	brush ID	bursh radius	palette	R color				opaque	particle 	prtAcc	med noise	central	part	radiusParticle	repopulating	uncleared	uncleared	uninverted	cursor size	no echo	no echo	MusXY	hig color	MusRad	MusPrt	hig hue variation	XY	_Col_Rad	FlashTrack1	flashPart	flashPart_duration	penPrCoef	penHCoef	penVCoef	notrack synch	drawing track	video track	track0 decay sign	track1 decay sign	trckDcay0	trckDcay1	track0CompW	track1CompW 	track0FinalW	track1FinalW 	track_playon_off	track_playon_off	source_track_rec-on_off	source_track_rec-on_off	target_track_rec-on_off	target_track_rec-on_off	with automatic beats	beat duration	with video	videoThreshold	videoGamma	initial BG subtraction	image jitter amplitude	mask jiter amplitude	audio track size	macroffset all tracks	macroffset all tracks random	microffset all tracks	microffset all tracks random	image swap duration	image swap frequency	sample swap duration	sample swap frequency	text swap duration	text swap frequency	audio volume	scene number	Predatr's params
	0	0	1	3	1	1	1	1	1	0	0.01	4.3	0.5	0.5	0.5	0	0	0	0	3	0	0	0	1.87	46.875	0.2	1.40625	0	0	0	0	0	0	0	0	0	1	1	1	1	0	0	1	1	0	0	0	0	0	0	0	0	1	1	1	0.32	0.75	1	0.02	0.04	1.5984375	0	0	0	0	1	2	2	4	1	4	1	15	0.434375
	0	0	1	3	1	1	1	1	1	0	0.01	4.3	0.5	0.5	0.5	0	0	0	0	3	0	0	0	1.87	50	0.2	1.5	0	0	0	0	0	0	0	0	0	1	1	1	1	0	0	1	1	0	0	0	0	0	0	0	0	1	1	1	0.32	0.75	1	0.02	0.04	1.505	0	0	0	0	1	2	2	4	1	4	1	15	0.45
	k	k	k	k	k	k	k	k	k	k	k	k	k	k	k	k	k	k	k	k	k	k	k	k	k	k	k	k	k	k	k	k	k	k	k	k	k	k	k	k	k	k	k	k	k	k	k	k	k	k	k	k	k	k	k	k	k	k	k	k	l	k	k	k	k	k	k	k	k	k	k	k	s	l
/scene																																																																										
scene	freepalestine	60																																																																								
freepalestine	freepalestine	freepalestine	freepalestine	freepalestine	freepalestine	freepalestine	freepalestine	freepalestine	freepalestine	freepalestine	freepalestine	freepalestine	freepalestine	freepalestine	freepalestine	freepalestine	freepalestine	freepalestine	freepalestine	freepalestine	freepalestine	freepalestine	freepalestine	freepalestine	freepalestine	freepalestine	freepalestine	freepalestine	freepalestine	freepalestine	freepalestine	freepalestine	freepalestine	freepalestine	freepalestine	freepalestine	freepalestine	freepalestine	freepalestine	freepalestine	freepalestine	freepalestine	freepalestine	freepalestine	freepalestine	freepalestine	freepalestine	freepalestine	freepalestine	freepalestine	freepalestine	freepalestine	freepalestine	freepalestine	freepalestine	freepalestine	freepalestine	freepalestine	freepalestine	freepalestine	freepalestine	freepalestine	freepalestine	freepalestine	freepalestine	freepalestine	freepalestine	freepalestine	freepalestine	freepalestine	freepalestine	freepalestine	freepalestine	freepalestine
	line	brush ID	bursh radius	palette	R color				opaque	particle 	prtAcc	med noise	central	part	radiusParticle	repopulating	uncleared	uncleared	uninverted	cursor size	no echo	no echo	MusXY	hig color	MusRad	MusPrt	hig hue variation	XY	_Col_Rad	FlashTrack1	flashPart	flashPart_duration	penPrCoef	penHCoef	penVCoef	notrack synch	drawing track	video track	track0 decay sign	track1 decay sign	trckDcay0	trckDcay1	track0CompW	track1CompW 	track0FinalW	track1FinalW 	track_playon_off	track_playon_off	source_track_rec-on_off	source_track_rec-on_off	target_track_rec-on_off	target_track_rec-on_off	with automatic beats	beat duration	with video	videoThreshold	videoGamma	initial BG subtraction	image jitter amplitude	mask jiter amplitude	audio track size	macroffset all tracks	macroffset all tracks random	microffset all tracks	microffset all tracks random	image swap duration	image swap frequency	sample swap duration	sample swap frequency	text swap duration	text swap frequency	audio volume	scene number	Predatr's params
	0	0	1	3	1	1	1	1	1	0	0.01	4.3	0.5	0.5	0.5	0	0	0	0	3	0	0	0	1.87	50	0.2	1.5	0	0	0	0	0	0	0	0	0	1	1	1	1	0	0	1	1	0	0	0	0	0	0	0	0	1	1	1	0.32	0.75	1	0.02	0.04	1.505	0	0	0	0	1	2	2	4	1	4	1	16	0.45
	0	0	1	3	1	1	1	1	1	0	0.01	4.3	0.5	0.5	0.5	0	0	0	0	3	0	0	0	1.87	53.125	0.2	1.59375	0	0	0	0	0	0	0	0	0	1	1	1	1	0	0	1	1	0	0	0	0	0	0	0	0	1	1	1	0.32	0.75	1	0.02	0.04	1.4115625	0	0	0	0	1	2	2	4	1	4	1	16	0.465625
	k	k	k	k	k	k	k	k	k	k	k	k	k	k	k	k	k	k	k	k	k	k	k	k	k	k	k	k	k	k	k	k	k	k	k	k	k	k	k	k	k	k	k	k	k	k	k	k	k	k	k	k	k	k	k	k	k	k	k	k	l	k	k	k	k	k	k	k	k	k	k	k	s	l
/scene																																																																										
scene	israel	60																																																																								
israel	israel	israel	israel	israel	israel	israel	israel	israel	israel	israel	israel	israel	israel	israel	israel	israel	israel	israel	israel	israel	israel	israel	israel	israel	israel	israel	israel	israel	israel	israel	israel	israel	israel	israel	israel	israel	israel	israel	israel	israel	israel	israel	israel	israel	israel	israel	israel	israel	israel	israel	israel	israel	israel	israel	israel	israel	israel	israel	israel	israel	israel	israel	israel	israel	israel	israel	israel	israel	israel	israel	israel	israel	israel	israel
	line	brush ID	bursh radius	palette	R color				opaque	particle 	prtAcc	med noise	central	part	radiusParticle	repopulating	uncleared	uncleared	uninverted	cursor size	no echo	no echo	MusXY	hig color	MusRad	MusPrt	hig hue variation	XY	_Col_Rad	FlashTrack1	flashPart	flashPart_duration	penPrCoef	penHCoef	penVCoef	notrack synch	drawing track	video track	track0 decay sign	track1 decay sign	trckDcay0	trckDcay1	track0CompW	track1CompW 	track0FinalW	track1FinalW 	track_playon_off	track_playon_off	source_track_rec-on_off	source_track_rec-on_off	target_track_rec-on_off	target_track_rec-on_off	with automatic beats	beat duration	with video	videoThreshold	videoGamma	initial BG subtraction	image jitter amplitude	mask jiter amplitude	audio track size	macroffset all tracks	macroffset all tracks random	microffset all tracks	microffset all tracks random	image swap duration	image swap frequency	sample swap duration	sample swap frequency	text swap duration	text swap frequency	audio volume	scene number	Predatr's params
	0	0	1	3	1	1	1	1	1	0	0.01	4.3	0.5	0.5	0.5	0	0	0	0	3	0	0	0	1.87	53.125	0.2	1.59375	0	0	0	0	0	0	0	0	0	1	1	1	1	0	0	1	1	0	0	0	0	0	0	0	0	1	1	1	0.32	0.75	1	0.02	0.04	1.4115625	0	0	0	0	1	2	2	4	1	4	1	17	0.465625
	0	0	1	3	1	1	1	1	1	0	0.01	4.3	0.5	0.5	0.5	0	0	0	0	3	0	0	0	1.87	56.25	0.2	1.6875	0	0	0	0	0	0	0	0	0	1	1	1	1	0	0	1	1	0	0	0	0	0	0	0	0	1	1	1	0.32	0.75	1	0.02	0.04	1.318125	0	0	0	0	1	2	2	4	1	4	1	17	0.48125
	k	k	k	k	k	k	k	k	k	k	k	k	k	k	k	k	k	k	k	k	k	k	k	k	k	k	k	k	k	k	k	k	k	k	k	k	k	k	k	k	k	k	k	k	k	k	k	k	k	k	k	k	k	k	k	k	k	k	k	k	l	k	k	k	k	k	k	k	k	k	k	k	s	l
/scene																																																																										
scene	gaza	60																																																																								
gaza	gaza	gaza	gaza	gaza	gaza	gaza	gaza	gaza	gaza	gaza	gaza	gaza	gaza	gaza	gaza	gaza	gaza	gaza	gaza	gaza	gaza	gaza	gaza	gaza	gaza	gaza	gaza	gaza	gaza	gaza	gaza	gaza	gaza	gaza	gaza	gaza	gaza	gaza	gaza	gaza	gaza	gaza	gaza	gaza	gaza	gaza	gaza	gaza	gaza	gaza	gaza	gaza	gaza	gaza	gaza	gaza	gaza	gaza	gaza	gaza	gaza	gaza	gaza	gaza	gaza	gaza	gaza	gaza	gaza	gaza	gaza	gaza	gaza	gaza
	line	brush ID	bursh radius	palette	R color				opaque	particle 	prtAcc	med noise	central	part	radiusParticle	repopulating	uncleared	uncleared	uninverted	cursor size	no echo	no echo	MusXY	hig color	MusRad	MusPrt	hig hue variation	XY	_Col_Rad	FlashTrack1	flashPart	flashPart_duration	penPrCoef	penHCoef	penVCoef	notrack synch	drawing track	video track	track0 decay sign	track1 decay sign	trckDcay0	trckDcay1	track0CompW	track1CompW 	track0FinalW	track1FinalW 	track_playon_off	track_playon_off	source_track_rec-on_off	source_track_rec-on_off	target_track_rec-on_off	target_track_rec-on_off	with automatic beats	beat duration	with video	videoThreshold	videoGamma	initial BG subtraction	image jitter amplitude	mask jiter amplitude	audio track size	macroffset all tracks	macroffset all tracks random	microffset all tracks	microffset all tracks random	image swap duration	image swap frequency	sample swap duration	sample swap frequency	text swap duration	text swap frequency	audio volume	scene number	Predatr's params
	0	0	1	3	1	1	1	1	1	0	0.01	4.3	0.5	0.5	0.5	0	0	0	0	3	0	0	0	1.87	56.25	0.2	1.6875	0	0	0	0	0	0	0	0	0	1	1	1	1	0	0	1	1	0	0	0	0	0	0	0	0	1	1	1	0.32	0.75	1	0.02	0.04	1.318125	0	0	0	0	1	2	2	4	1	4	1	18	0.48125
	0	0	1	3	1	1	1	1	1	0	0.01	4.3	0.5	0.5	0.5	0	0	0	0	3	0	0	0	1.87	59.375	0.2	1.78125	0	0	0	0	0	0	0	0	0	1	1	1	1	0	0	1	1	0	0	0	0	0	0	0	0	1	1	1	0.32	0.75	1	0.02	0.04	1.2246875	0	0	0	0	1	2	2	4	1	4	1	18	0.496875
	k	k	k	k	k	k	k	k	k	k	k	k	k	k	k	k	k	k	k	k	k	k	k	k	k	k	k	k	k	k	k	k	k	k	k	k	k	k	k	k	k	k	k	k	k	k	k	k	k	k	k	k	k	k	k	k	k	k	k	k	l	k	k	k	k	k	k	k	k	k	k	k	s	l
/scene																																																																										
scene	palestine	60																																																																								
palestine	palestine	palestine	palestine	palestine	palestine	palestine	palestine	palestine	palestine	palestine	palestine	palestine	palestine	palestine	palestine	palestine	palestine	palestine	palestine	palestine	palestine	palestine	palestine	palestine	palestine	palestine	palestine	palestine	palestine	palestine	palestine	palestine	palestine	palestine	palestine	palestine	palestine	palestine	palestine	palestine	palestine	palestine	palestine	palestine	palestine	palestine	palestine	palestine	palestine	palestine	palestine	palestine	palestine	palestine	palestine	palestine	palestine	palestine	palestine	palestine	palestine	palestine	palestine	palestine	palestine	palestine	palestine	palestine	palestine	palestine	palestine	palestine	palestine	palestine
	line	brush ID	bursh radius	palette	R color				opaque	particle 	prtAcc	med noise	central	part	radiusParticle	repopulating	uncleared	uncleared	uninverted	cursor size	no echo	no echo	MusXY	hig color	MusRad	MusPrt	hig hue variation	XY	_Col_Rad	FlashTrack1	flashPart	flashPart_duration	penPrCoef	penHCoef	penVCoef	notrack synch	drawing track	video track	track0 decay sign	track1 decay sign	trckDcay0	trckDcay1	track0CompW	track1CompW 	track0FinalW	track1FinalW 	track_playon_off	track_playon_off	source_track_rec-on_off	source_track_rec-on_off	target_track_rec-on_off	target_track_rec-on_off	with automatic beats	beat duration	with video	videoThreshold	videoGamma	initial BG subtraction	image jitter amplitude	mask jiter amplitude	audio track size	macroffset all tracks	macroffset all tracks random	microffset all tracks	microffset all tracks random	image swap duration	image swap frequency	sample swap duration	sample swap frequency	text swap duration	text swap frequency	audio volume	scene number	Predatr's params
	0	0	1	3	1	1	1	1	1	0	0.01	4.3	0.5	0.5	0.5	0	0	0	0	3	0	0	0	1.87	59.375	0.2	1.78125	0	0	0	0	0	0	0	0	0	1	1	1	1	0	0	1	1	0	0	0	0	0	0	0	0	1	1	1	0.32	0.75	1	0.02	0.04	1.2246875	0	0	0	0	1	2	2	4	1	4	1	19	0.496875
	0	0	1	3	1	1	1	1	1	0	0.01	4.3	0.5	0.5	0.5	0	0	0	0	3	0	0	0	1.87	62.5	0.2	1.875	0	0	0	0	0	0	0	0	0	1	1	1	1	0	0	1	1	0	0	0	0	0	0	0	0	1	1	1	0.32	0.75	1	0.02	0.04	1.13125	0	0	0	0	1	2	2	4	1	4	1	19	0.5125
	k	k	k	k	k	k	k	k	k	k	k	k	k	k	k	k	k	k	k	k	k	k	k	k	k	k	k	k	k	k	k	k	k	k	k	k	k	k	k	k	k	k	k	k	k	k	k	k	k	k	k	k	k	k	k	k	k	k	k	k	l	k	k	k	k	k	k	k	k	k	k	k	s	l
/scene																																																																										
scene	IDF	60																																																																								
IDF	IDF	IDF	IDF	IDF	IDF	IDF	IDF	IDF	IDF	IDF	IDF	IDF	IDF	IDF	IDF	IDF	IDF	IDF	IDF	IDF	IDF	IDF	IDF	IDF	IDF	IDF	IDF	IDF	IDF	IDF	IDF	IDF	IDF	IDF	IDF	IDF	IDF	IDF	IDF	IDF	IDF	IDF	IDF	IDF	IDF	IDF	IDF	IDF	IDF	IDF	IDF	IDF	IDF	IDF	IDF	IDF	IDF	IDF	IDF	IDF	IDF	IDF	IDF	IDF	IDF	IDF	IDF	IDF	IDF	IDF	IDF	IDF	IDF	IDF
	line	brush ID	bursh radius	palette	R color				opaque	particle 	prtAcc	med noise	central	part	radiusParticle	repopulating	uncleared	uncleared	uninverted	cursor size	no echo	no echo	MusXY	hig color	MusRad	MusPrt	hig hue variation	XY	_Col_Rad	FlashTrack1	flashPart	flashPart_duration	penPrCoef	penHCoef	penVCoef	notrack synch	drawing track	video track	track0 decay sign	track1 decay sign	trckDcay0	trckDcay1	track0CompW	track1CompW 	track0FinalW	track1FinalW 	track_playon_off	track_playon_off	source_track_rec-on_off	source_track_rec-on_off	target_track_rec-on_off	target_track_rec-on_off	with automatic beats	beat duration	with video	videoThreshold	videoGamma	initial BG subtraction	image jitter amplitude	mask jiter amplitude	audio track size	macroffset all tracks	macroffset all tracks random	microffset all tracks	microffset all tracks random	image swap duration	image swap frequency	sample swap duration	sample swap frequency	text swap duration	text swap frequency	audio volume	scene number	Predatr's params
	0	0	1	3	1	1	1	1	1	0	0.01	4.3	0.5	0.5	0.5	0	0	0	0	3	0	0	0	1.87	62.5	0.2	1.875	0	0	0	0	0	0	0	0	0	1	1	1	1	0	0	1	1	0	0	0	0	0	0	0	0	1	1	1	0.32	0.75	1	0.02	0.04	1.13125	0	0	0	0	1	2	2	4	1	4	1	20	0.5125
	0	0	1	3	1	1	1	1	1	0	0.01	4.3	0.5	0.5	0.5	0	0	0	0	3	0	0	0	1.87	65.625	0.2	1.96875	0	0	0	0	0	0	0	0	0	1	1	1	1	0	0	1	1	0	0	0	0	0	0	0	0	1	1	1	0.32	0.75	1	0.02	0.04	1.0378125	0	0	0	2.5	1	2	2	4	1	4	1	20	0.528125
	k	k	k	k	k	k	k	k	k	k	k	k	k	k	k	k	k	k	k	k	k	k	k	k	k	k	k	k	k	k	k	k	k	k	k	k	k	k	k	k	k	k	k	k	k	k	k	k	k	k	k	k	k	k	k	k	k	k	k	k	l	k	k	k	k	k	k	k	k	k	k	k	s	l
/scene																																																																										
scene	gbagbo	60																																																																								
gbagbo	gbagbo	gbagbo	gbagbo	gbagbo	gbagbo	gbagbo	gbagbo	gbagbo	gbagbo	gbagbo	gbagbo	gbagbo	gbagbo	gbagbo	gbagbo	gbagbo	gbagbo	gbagbo	gbagbo	gbagbo	gbagbo	gbagbo	gbagbo	gbagbo	gbagbo	gbagbo	gbagbo	gbagbo	gbagbo	gbagbo	gbagbo	gbagbo	gbagbo	gbagbo	gbagbo	gbagbo	gbagbo	gbagbo	gbagbo	gbagbo	gbagbo	gbagbo	gbagbo	gbagbo	gbagbo	gbagbo	gbagbo	gbagbo	gbagbo	gbagbo	gbagbo	gbagbo	gbagbo	gbagbo	gbagbo	gbagbo	gbagbo	gbagbo	gbagbo	gbagbo	gbagbo	gbagbo	gbagbo	gbagbo	gbagbo	gbagbo	gbagbo	gbagbo	gbagbo	gbagbo	gbagbo	gbagbo	gbagbo	gbagbo
	line	brush ID	bursh radius	palette	R color				opaque	particle 	prtAcc	med noise	central	part	radiusParticle	repopulating	uncleared	uncleared	uninverted	cursor size	no echo	no echo	MusXY	hig color	MusRad	MusPrt	hig hue variation	XY	_Col_Rad	FlashTrack1	flashPart	flashPart_duration	penPrCoef	penHCoef	penVCoef	notrack synch	drawing track	video track	track0 decay sign	track1 decay sign	trckDcay0	trckDcay1	track0CompW	track1CompW 	track0FinalW	track1FinalW 	track_playon_off	track_playon_off	source_track_rec-on_off	source_track_rec-on_off	target_track_rec-on_off	target_track_rec-on_off	with automatic beats	beat duration	with video	videoThreshold	videoGamma	initial BG subtraction	image jitter amplitude	mask jiter amplitude	audio track size	macroffset all tracks	macroffset all tracks random	microffset all tracks	microffset all tracks random	image swap duration	image swap frequency	sample swap duration	sample swap frequency	text swap duration	text swap frequency	audio volume	scene number	Predatr's params
	0	0	1	3	1	1	1	1	1	0	0.01	4.3	0.5	0.5	0.5	0	0	0	0	3	0	0	0	1.87	65.625	0.2	1.96875	0	0	0	0	0	0	0	0	0	1	1	1	1	0	0	1	1	0	0	0	0	0	0	0	0	1	1	1	0.32	0.75	1	0.02	0.04	1.0378125	0	0	0	2.5	1	2	2	4	1	4	1	21	0.528125
	0	0	1	3	1	1	1	1	1	0	0.01	4.3	0.5	0.5	0.5	0	0	0	0	3	0	0	0	1.87	68.75	0.2	2.0625	0	0	0	0	0	0	0	0	0	1	1	1	1	0	0	1	1	0	0	0	0	0	0	0	0	1	1	1	0.32	0.75	1	0.02	0.04	0.944375	0	0	0	5	1	2	2	4	1	4	1	21	0.54375
	k	k	k	k	k	k	k	k	k	k	k	k	k	k	k	k	k	k	k	k	k	k	k	k	k	k	k	k	k	k	k	k	k	k	k	k	k	k	k	k	k	k	k	k	k	k	k	k	k	k	k	k	k	k	k	k	k	k	k	k	l	k	k	k	k	k	k	k	k	k	k	k	s	l
/scene																																																																										
scene	quenelle	60																																																																								
quenelle	quenelle	quenelle	quenelle	quenelle	quenelle	quenelle	quenelle	quenelle	quenelle	quenelle	quenelle	quenelle	quenelle	quenelle	quenelle	quenelle	quenelle	quenelle	quenelle	quenelle	quenelle	quenelle	quenelle	quenelle	quenelle	quenelle	quenelle	quenelle	quenelle	quenelle	quenelle	quenelle	quenelle	quenelle	quenelle	quenelle	quenelle	quenelle	quenelle	quenelle	quenelle	quenelle	quenelle	quenelle	quenelle	quenelle	quenelle	quenelle	quenelle	quenelle	quenelle	quenelle	quenelle	quenelle	quenelle	quenelle	quenelle	quenelle	quenelle	quenelle	quenelle	quenelle	quenelle	quenelle	quenelle	quenelle	quenelle	quenelle	quenelle	quenelle	quenelle	quenelle	quenelle	quenelle
	line	brush ID	bursh radius	palette	R color				opaque	particle 	prtAcc	med noise	central	part	radiusParticle	repopulating	uncleared	uncleared	uninverted	cursor size	no echo	no echo	MusXY	hig color	MusRad	MusPrt	hig hue variation	XY	_Col_Rad	FlashTrack1	flashPart	flashPart_duration	penPrCoef	penHCoef	penVCoef	notrack synch	drawing track	video track	track0 decay sign	track1 decay sign	trckDcay0	trckDcay1	track0CompW	track1CompW 	track0FinalW	track1FinalW 	track_playon_off	track_playon_off	source_track_rec-on_off	source_track_rec-on_off	target_track_rec-on_off	target_track_rec-on_off	with automatic beats	beat duration	with video	videoThreshold	videoGamma	initial BG subtraction	image jitter amplitude	mask jiter amplitude	audio track size	macroffset all tracks	macroffset all tracks random	microffset all tracks	microffset all tracks random	image swap duration	image swap frequency	sample swap duration	sample swap frequency	text swap duration	text swap frequency	audio volume	scene number	Predatr's params
	0	0	1	3	1	1	1	1	1	0	0.01	4.3	0.5	0.5	0.5	0	0	0	0	3	0	0	0	1.87	68.75	0.2	2.0625	0	0	0	0	0	0	0	0	0	1	1	1	1	0	0	1	1	0	0	0	0	0	0	0	0	1	1	1	0.32	0.75	1	0.02	0.04	0.944375	0	0	0	5	1	2	2	4	1	4	1	22	0.54375
	0	0	1	3	1	1	1	1	1	0	0.01	4.3	0.5	0.5	0.5	0	0	0	0	3	0	0	0	1.87	71.875	0.2	2.15625	0	0	0	0	0	0	0	0	0	1	1	1	1	0	0	1	1	0	0	0	0	0	0	0	0	1	1	1	0.32	0.75	1	0.02	0.04	0.8509375	0	0	0	7.5	1	2	2	4	1	4	1	22	0.559375
	k	k	k	k	k	k	k	k	k	k	k	k	k	k	k	k	k	k	k	k	k	k	k	k	k	k	k	k	k	k	k	k	k	k	k	k	k	k	k	k	k	k	k	k	k	k	k	k	k	k	k	k	k	k	k	k	k	k	k	k	l	k	k	k	k	k	k	k	k	k	k	k	s	l
/scene																																																																										
scene	UOIF	60																																																																								
UOIF	UOIF	UOIF	UOIF	UOIF	UOIF	UOIF	UOIF	UOIF	UOIF	UOIF	UOIF	UOIF	UOIF	UOIF	UOIF	UOIF	UOIF	UOIF	UOIF	UOIF	UOIF	UOIF	UOIF	UOIF	UOIF	UOIF	UOIF	UOIF	UOIF	UOIF	UOIF	UOIF	UOIF	UOIF	UOIF	UOIF	UOIF	UOIF	UOIF	UOIF	UOIF	UOIF	UOIF	UOIF	UOIF	UOIF	UOIF	UOIF	UOIF	UOIF	UOIF	UOIF	UOIF	UOIF	UOIF	UOIF	UOIF	UOIF	UOIF	UOIF	UOIF	UOIF	UOIF	UOIF	UOIF	UOIF	UOIF	UOIF	UOIF	UOIF	UOIF	UOIF	UOIF	UOIF
	line	brush ID	bursh radius	palette	R color				opaque	particle 	prtAcc	med noise	central	part	radiusParticle	repopulating	uncleared	uncleared	uninverted	cursor size	no echo	no echo	MusXY	hig color	MusRad	MusPrt	hig hue variation	XY	_Col_Rad	FlashTrack1	flashPart	flashPart_duration	penPrCoef	penHCoef	penVCoef	notrack synch	drawing track	video track	track0 decay sign	track1 decay sign	trckDcay0	trckDcay1	track0CompW	track1CompW 	track0FinalW	track1FinalW 	track_playon_off	track_playon_off	source_track_rec-on_off	source_track_rec-on_off	target_track_rec-on_off	target_track_rec-on_off	with automatic beats	beat duration	with video	videoThreshold	videoGamma	initial BG subtraction	image jitter amplitude	mask jiter amplitude	audio track size	macroffset all tracks	macroffset all tracks random	microffset all tracks	microffset all tracks random	image swap duration	image swap frequency	sample swap duration	sample swap frequency	text swap duration	text swap frequency	audio volume	scene number	Predatr's params
	0	0	1	3	1	1	1	1	1	0	0.01	4.3	0.5	0.5	0.5	0	0	0	0	3	0	0	0	1.87	71.875	0.2	2.15625	0	0	0	0	0	0	0	0	0	1	1	1	1	0	0	1	1	0	0	0	0	0	0	0	0	1	1	1	0.32	0.75	1	0.02	0.04	0.8509375	0	0	0	7.5	1	2	2	4	1	4	1	23	0.559375
	0	0	1	3	1	1	1	1	1	0	0.01	4.3	0.5	0.5	0.5	0	0	0	0	3	0	0	0	1.87	75	0.2	2.25	0	0	0	0	0	0	0	0	0	1	1	1	1	0	0	1	1	0	0	0	0	0	0	0	0	1	1	1	0.32	0.75	1	0.02	0.04	0.7575	0	0	0	10	1	2	2	4	1	4	1	23	0.575
	k	k	k	k	k	k	k	k	k	k	k	k	k	k	k	k	k	k	k	k	k	k	k	k	k	k	k	k	k	k	k	k	k	k	k	k	k	k	k	k	k	k	k	k	k	k	k	k	k	k	k	k	k	k	k	k	k	k	k	k	l	k	k	k	k	k	k	k	k	k	k	k	s	l
/scene																																																																										
scene	islamistes	60																																																																								
islamistes	islamistes	islamistes	islamistes	islamistes	islamistes	islamistes	islamistes	islamistes	islamistes	islamistes	islamistes	islamistes	islamistes	islamistes	islamistes	islamistes	islamistes	islamistes	islamistes	islamistes	islamistes	islamistes	islamistes	islamistes	islamistes	islamistes	islamistes	islamistes	islamistes	islamistes	islamistes	islamistes	islamistes	islamistes	islamistes	islamistes	islamistes	islamistes	islamistes	islamistes	islamistes	islamistes	islamistes	islamistes	islamistes	islamistes	islamistes	islamistes	islamistes	islamistes	islamistes	islamistes	islamistes	islamistes	islamistes	islamistes	islamistes	islamistes	islamistes	islamistes	islamistes	islamistes	islamistes	islamistes	islamistes	islamistes	islamistes	islamistes	islamistes	islamistes	islamistes	islamistes	islamistes	islamistes
	line	brush ID	bursh radius	palette	R color				opaque	particle 	prtAcc	med noise	central	part	radiusParticle	repopulating	uncleared	uncleared	uninverted	cursor size	no echo	no echo	MusXY	hig color	MusRad	MusPrt	hig hue variation	XY	_Col_Rad	FlashTrack1	flashPart	flashPart_duration	penPrCoef	penHCoef	penVCoef	notrack synch	drawing track	video track	track0 decay sign	track1 decay sign	trckDcay0	trckDcay1	track0CompW	track1CompW 	track0FinalW	track1FinalW 	track_playon_off	track_playon_off	source_track_rec-on_off	source_track_rec-on_off	target_track_rec-on_off	target_track_rec-on_off	with automatic beats	beat duration	with video	videoThreshold	videoGamma	initial BG subtraction	image jitter amplitude	mask jiter amplitude	audio track size	macroffset all tracks	macroffset all tracks random	microffset all tracks	microffset all tracks random	image swap duration	image swap frequency	sample swap duration	sample swap frequency	text swap duration	text swap frequency	audio volume	scene number	Predatr's params
	0	0	1	3	1	1	1	1	1	0	0.01	4.3	0.5	0.5	0.5	0	0	0	0	3	0	0	0	1.87	75	0.2	2.25	0	0	0	0	0	0	0	0	0	1	1	1	1	0	0	1	1	0	0	0	0	0	0	0	0	1	1	1	0.32	0.75	1	0.02	0.04	0.7575	0	0	0	10	1	2	2	4	1	4	1	24	0.575
	0	0	1	3	1	1	1	1	1	0	0.01	4.3	0.5	0.5	0.5	0	0	0	0	3	0	0	0	1.87	78.125	0.2	2.34375	0	0	0	0	0	0	0	0	0	1	1	1	1	0	0	1	1	0	0	0	0	0	0	0	0	1	1	1	0.32	0.75	1	0.02	0.04	0.6640625	0	0	0	12.5	1	2	2	4	1	4	1	24	0.590625
	k	k	k	k	k	k	k	k	k	k	k	k	k	k	k	k	k	k	k	k	k	k	k	k	k	k	k	k	k	k	k	k	k	k	k	k	k	k	k	k	k	k	k	k	k	k	k	k	k	k	k	k	k	k	k	k	k	k	k	k	l	k	k	k	k	k	k	k	k	k	k	k	s	l
/scene																																																																										
scene	armee	60																																																																								
armee	armee	armee	armee	armee	armee	armee	armee	armee	armee	armee	armee	armee	armee	armee	armee	armee	armee	armee	armee	armee	armee	armee	armee	armee	armee	armee	armee	armee	armee	armee	armee	armee	armee	armee	armee	armee	armee	armee	armee	armee	armee	armee	armee	armee	armee	armee	armee	armee	armee	armee	armee	armee	armee	armee	armee	armee	armee	armee	armee	armee	armee	armee	armee	armee	armee	armee	armee	armee	armee	armee	armee	armee	armee	armee
	line	brush ID	bursh radius	palette	R color				opaque	particle 	prtAcc	med noise	central	part	radiusParticle	repopulating	uncleared	uncleared	uninverted	cursor size	no echo	no echo	MusXY	hig color	MusRad	MusPrt	hig hue variation	XY	_Col_Rad	FlashTrack1	flashPart	flashPart_duration	penPrCoef	penHCoef	penVCoef	notrack synch	drawing track	video track	track0 decay sign	track1 decay sign	trckDcay0	trckDcay1	track0CompW	track1CompW 	track0FinalW	track1FinalW 	track_playon_off	track_playon_off	source_track_rec-on_off	source_track_rec-on_off	target_track_rec-on_off	target_track_rec-on_off	with automatic beats	beat duration	with video	videoThreshold	videoGamma	initial BG subtraction	image jitter amplitude	mask jiter amplitude	audio track size	macroffset all tracks	macroffset all tracks random	microffset all tracks	microffset all tracks random	image swap duration	image swap frequency	sample swap duration	sample swap frequency	text swap duration	text swap frequency	audio volume	scene number	Predatr's params
	0	0	1	3	1	1	1	1	1	0	0.01	4.3	0.5	0.5	0.5	0	0	0	0	3	0	0	0	1.87	78.125	0.2	2.34375	0	0	0	0	0	0	0	0	0	1	1	1	1	0	0	1	1	0	0	0	0	0	0	0	0	1	1	1	0.32	0.75	1	0.02	0.04	0.6640625	0	0	0	12.5	1	2	2	4	1	4	1	25	0.590625
	0	0	1	3	1	1	1	1	1	0	0.01	4.3	0.5	0.5	0.5	0	0	0	0	3	0	0	0	1.87	81.25	0.2	2.4375	0	0	0	0	0	0	0	0	0	1	1	1	1	0	0	1	1	0	0	0	0	0	0	0	0	1	1	1	0.32	0.75	1	0.02	0.04	0.570625	0	0	0	15	1	2	2	4	1	4	1	25	0.60625
	k	k	k	k	k	k	k	k	k	k	k	k	k	k	k	k	k	k	k	k	k	k	k	k	k	k	k	k	k	k	k	k	k	k	k	k	k	k	k	k	k	k	k	k	k	k	k	k	k	k	k	k	k	k	k	k	k	k	k	k	l	k	k	k	k	k	k	k	k	k	k	k	s	l
/scene																																																																										
scene	bouchart	60																																																																								
bouchart	bouchart	bouchart	bouchart	bouchart	bouchart	bouchart	bouchart	bouchart	bouchart	bouchart	bouchart	bouchart	bouchart	bouchart	bouchart	bouchart	bouchart	bouchart	bouchart	bouchart	bouchart	bouchart	bouchart	bouchart	bouchart	bouchart	bouchart	bouchart	bouchart	bouchart	bouchart	bouchart	bouchart	bouchart	bouchart	bouchart	bouchart	bouchart	bouchart	bouchart	bouchart	bouchart	bouchart	bouchart	bouchart	bouchart	bouchart	bouchart	bouchart	bouchart	bouchart	bouchart	bouchart	bouchart	bouchart	bouchart	bouchart	bouchart	bouchart	bouchart	bouchart	bouchart	bouchart	bouchart	bouchart	bouchart	bouchart	bouchart	bouchart	bouchart	bouchart	bouchart	bouchart	bouchart
	line	brush ID	bursh radius	palette	R color				opaque	particle 	prtAcc	med noise	central	part	radiusParticle	repopulating	uncleared	uncleared	uninverted	cursor size	no echo	no echo	MusXY	hig color	MusRad	MusPrt	hig hue variation	XY	_Col_Rad	FlashTrack1	flashPart	flashPart_duration	penPrCoef	penHCoef	penVCoef	notrack synch	drawing track	video track	track0 decay sign	track1 decay sign	trckDcay0	trckDcay1	track0CompW	track1CompW 	track0FinalW	track1FinalW 	track_playon_off	track_playon_off	source_track_rec-on_off	source_track_rec-on_off	target_track_rec-on_off	target_track_rec-on_off	with automatic beats	beat duration	with video	videoThreshold	videoGamma	initial BG subtraction	image jitter amplitude	mask jiter amplitude	audio track size	macroffset all tracks	macroffset all tracks random	microffset all tracks	microffset all tracks random	image swap duration	image swap frequency	sample swap duration	sample swap frequency	text swap duration	text swap frequency	audio volume	scene number	Predatr's params
	0	0	1	3	1	1	1	1	1	0	0.01	4.3	0.5	0.5	0.5	0	0	0	0	3	0	0	0	1.87	81.25	0.2	2.4375	0	0	0	0	0	0	0	0	0	1	1	1	1	0	0	1	1	0	0	0	0	0	0	0	0	1	1	1	0.32	0.75	1	0.02	0.04	0.570625	0	0	0	15	1	2	2	4	1	4	1	26	0.60625
	0	0	1	3	1	1	1	1	1	0	0.01	4.3	0.5	0.5	0.5	0	0	0	0	3	0	0	0	1.87	84.375	0.2	2.53125	0	0	0	0	0	0	0	0	0	1	1	1	1	0	0	1	1	0	0	0	0	0	0	0	0	1	1	1	0.32	0.75	1	0.02	0.04	0.4771875	0	0	0	17.5	1	2	2	4	1	4	1	26	0.621875
	k	k	k	k	k	k	k	k	k	k	k	k	k	k	k	k	k	k	k	k	k	k	k	k	k	k	k	k	k	k	k	k	k	k	k	k	k	k	k	k	k	k	k	k	k	k	k	k	k	k	k	k	k	k	k	k	k	k	k	k	l	k	k	k	k	k	k	k	k	k	k	k	s	l
/scene																																																																										
scene	desplanques	60																																																																								
desplanques	desplanques	desplanques	desplanques	desplanques	desplanques	desplanques	desplanques	desplanques	desplanques	desplanques	desplanques	desplanques	desplanques	desplanques	desplanques	desplanques	desplanques	desplanques	desplanques	desplanques	desplanques	desplanques	desplanques	desplanques	desplanques	desplanques	desplanques	desplanques	desplanques	desplanques	desplanques	desplanques	desplanques	desplanques	desplanques	desplanques	desplanques	desplanques	desplanques	desplanques	desplanques	desplanques	desplanques	desplanques	desplanques	desplanques	desplanques	desplanques	desplanques	desplanques	desplanques	desplanques	desplanques	desplanques	desplanques	desplanques	desplanques	desplanques	desplanques	desplanques	desplanques	desplanques	desplanques	desplanques	desplanques	desplanques	desplanques	desplanques	desplanques	desplanques	desplanques	desplanques	desplanques	desplanques
	line	brush ID	bursh radius	palette	R color				opaque	particle 	prtAcc	med noise	central	part	radiusParticle	repopulating	uncleared	uncleared	uninverted	cursor size	no echo	no echo	MusXY	hig color	MusRad	MusPrt	hig hue variation	XY	_Col_Rad	FlashTrack1	flashPart	flashPart_duration	penPrCoef	penHCoef	penVCoef	notrack synch	drawing track	video track	track0 decay sign	track1 decay sign	trckDcay0	trckDcay1	track0CompW	track1CompW 	track0FinalW	track1FinalW 	track_playon_off	track_playon_off	source_track_rec-on_off	source_track_rec-on_off	target_track_rec-on_off	target_track_rec-on_off	with automatic beats	beat duration	with video	videoThreshold	videoGamma	initial BG subtraction	image jitter amplitude	mask jiter amplitude	audio track size	macroffset all tracks	macroffset all tracks random	microffset all tracks	microffset all tracks random	image swap duration	image swap frequency	sample swap duration	sample swap frequency	text swap duration	text swap frequency	audio volume	scene number	Predatr's params
	0	0	1	3	1	1	1	1	1	0	0.01	4.3	0.5	0.5	0.5	0	0	0	0	3	0	0	0	1.87	84.375	0.2	2.53125	0	0	0	0	0	0	0	0	0	1	1	1	1	0	0	1	1	0	0	0	0	0	0	0	0	1	1	1	0.32	0.75	1	0.02	0.04	0.4771875	0	0	0	17.5	1	2	2	4	1	4	1	27	0.621875
	0	0	1	3	1	1	1	1	1	0	0.01	4.3	0.5	0.5	0.5	0	0	0	0	3	0	0	0	1.87	87.5	0.2	2.625	0	0	0	0	0	0	0	0	0	1	1	1	1	0	0	1	1	0	0	0	0	0	0	0	0	1	1	1	0.32	0.75	1	0.02	0.04	0.38375	0	0	0	20	1	2	2	4	1	4	1	27	0.6375
	k	k	k	k	k	k	k	k	k	k	k	k	k	k	k	k	k	k	k	k	k	k	k	k	k	k	k	k	k	k	k	k	k	k	k	k	k	k	k	k	k	k	k	k	k	k	k	k	k	k	k	k	k	k	k	k	k	k	k	k	l	k	k	k	k	k	k	k	k	k	k	k	s	l
/scene																																																																										
scene	piquemal	60																																																																								
piquemal	piquemal	piquemal	piquemal	piquemal	piquemal	piquemal	piquemal	piquemal	piquemal	piquemal	piquemal	piquemal	piquemal	piquemal	piquemal	piquemal	piquemal	piquemal	piquemal	piquemal	piquemal	piquemal	piquemal	piquemal	piquemal	piquemal	piquemal	piquemal	piquemal	piquemal	piquemal	piquemal	piquemal	piquemal	piquemal	piquemal	piquemal	piquemal	piquemal	piquemal	piquemal	piquemal	piquemal	piquemal	piquemal	piquemal	piquemal	piquemal	piquemal	piquemal	piquemal	piquemal	piquemal	piquemal	piquemal	piquemal	piquemal	piquemal	piquemal	piquemal	piquemal	piquemal	piquemal	piquemal	piquemal	piquemal	piquemal	piquemal	piquemal	piquemal	piquemal	piquemal	piquemal	piquemal
	line	brush ID	bursh radius	palette	R color				opaque	particle 	prtAcc	med noise	central	part	radiusParticle	repopulating	uncleared	uncleared	uninverted	cursor size	no echo	no echo	MusXY	hig color	MusRad	MusPrt	hig hue variation	XY	_Col_Rad	FlashTrack1	flashPart	flashPart_duration	penPrCoef	penHCoef	penVCoef	notrack synch	drawing track	video track	track0 decay sign	track1 decay sign	trckDcay0	trckDcay1	track0CompW	track1CompW 	track0FinalW	track1FinalW 	track_playon_off	track_playon_off	source_track_rec-on_off	source_track_rec-on_off	target_track_rec-on_off	target_track_rec-on_off	with automatic beats	beat duration	with video	videoThreshold	videoGamma	initial BG subtraction	image jitter amplitude	mask jiter amplitude	audio track size	macroffset all tracks	macroffset all tracks random	microffset all tracks	microffset all tracks random	image swap duration	image swap frequency	sample swap duration	sample swap frequency	text swap duration	text swap frequency	audio volume	scene number	Predatr's params
	0	0	1	3	1	1	1	1	1	0	0.01	4.3	0.5	0.5	0.5	0	0	0	0	3	0	0	0	1.87	87.5	0.2	2.625	0	0	0	0	0	0	0	0	0	1	1	1	1	0	0	1	1	0	0	0	0	0	0	0	0	1	1	1	0.32	0.75	1	0.02	0.04	0.38375	0	0	0	20	1	2	2	4	1	4	1	28	0.6375
	0	0	1	3	1	1	1	1	1	0	0.01	4.3	0.5	0.5	0.5	0	0	0	0	3	0	0	0	1.87	90.625	0.2	2.71875	0	0	0	0	0	0	0	0	0	1	1	1	1	0	0	1	1	0	0	0	0	0	0	0	0	1	1	1	0.32	0.75	1	0.02	0.04	0.2903125	0	0	0	22.5	1	2	2	4	1	4	1	28	0.653125
	k	k	k	k	k	k	k	k	k	k	k	k	k	k	k	k	k	k	k	k	k	k	k	k	k	k	k	k	k	k	k	k	k	k	k	k	k	k	k	k	k	k	k	k	k	k	k	k	k	k	k	k	k	k	k	k	k	k	k	k	l	k	k	k	k	k	k	k	k	k	k	k	s	l
/scene																																																																										
scene	calais	60																																																																								
calais	calais	calais	calais	calais	calais	calais	calais	calais	calais	calais	calais	calais	calais	calais	calais	calais	calais	calais	calais	calais	calais	calais	calais	calais	calais	calais	calais	calais	calais	calais	calais	calais	calais	calais	calais	calais	calais	calais	calais	calais	calais	calais	calais	calais	calais	calais	calais	calais	calais	calais	calais	calais	calais	calais	calais	calais	calais	calais	calais	calais	calais	calais	calais	calais	calais	calais	calais	calais	calais	calais	calais	calais	calais	calais
	line	brush ID	bursh radius	palette	R color				opaque	particle 	prtAcc	med noise	central	part	radiusParticle	repopulating	uncleared	uncleared	uninverted	cursor size	no echo	no echo	MusXY	hig color	MusRad	MusPrt	hig hue variation	XY	_Col_Rad	FlashTrack1	flashPart	flashPart_duration	penPrCoef	penHCoef	penVCoef	notrack synch	drawing track	video track	track0 decay sign	track1 decay sign	trckDcay0	trckDcay1	track0CompW	track1CompW 	track0FinalW	track1FinalW 	track_playon_off	track_playon_off	source_track_rec-on_off	source_track_rec-on_off	target_track_rec-on_off	target_track_rec-on_off	with automatic beats	beat duration	with video	videoThreshold	videoGamma	initial BG subtraction	image jitter amplitude	mask jiter amplitude	audio track size	macroffset all tracks	macroffset all tracks random	microffset all tracks	microffset all tracks random	image swap duration	image swap frequency	sample swap duration	sample swap frequency	text swap duration	text swap frequency	audio volume	scene number	Predatr's params
	0	0	1	3	1	1	1	1	1	0	0.01	4.3	0.5	0.5	0.5	0	0	0	0	3	0	0	0	1.87	90.625	0.2	2.71875	0	0	0	0	0	0	0	0	0	1	1	1	1	0	0	1	1	0	0	0	0	0	0	0	0	1	1	1	0.32	0.75	1	0.02	0.04	0.2903125	0	0	0	22.5	1	2	2	4	1	4	1	29	0.653125
	0	0	1	3	1	1	1	1	1	0	0.01	4.3	0.5	0.5	0.5	0	0	0	0	3	0	0	0	1.87	93.75	0.2	2.8125	0	0	0	0	0	0	0	0	0	1	1	1	1	0	0	1	1	0	0	0	0	0	0	0	0	1	1	1	0.32	0.75	1	0.02	0.04	0.196875	0	0	0	25	1	2	2	4	1	4	1	29	0.66875
	k	k	k	k	k	k	k	k	k	k	k	k	k	k	k	k	k	k	k	k	k	k	k	k	k	k	k	k	k	k	k	k	k	k	k	k	k	k	k	k	k	k	k	k	k	k	k	k	k	k	k	k	k	k	k	k	k	k	k	k	l	k	k	k	k	k	k	k	k	k	k	k	s	l
/scene																																																																										
scene	france	60																																																																								
france	france	france	france	france	france	france	france	france	france	france	france	france	france	france	france	france	france	france	france	france	france	france	france	france	france	france	france	france	france	france	france	france	france	france	france	france	france	france	france	france	france	france	france	france	france	france	france	france	france	france	france	france	france	france	france	france	france	france	france	france	france	france	france	france	france	france	france	france	france	france	france	france	france	france
	line	brush ID	bursh radius	palette	R color				opaque	particle 	prtAcc	med noise	central	part	radiusParticle	repopulating	uncleared	uncleared	uninverted	cursor size	no echo	no echo	MusXY	hig color	MusRad	MusPrt	hig hue variation	XY	_Col_Rad	FlashTrack1	flashPart	flashPart_duration	penPrCoef	penHCoef	penVCoef	notrack synch	drawing track	video track	track0 decay sign	track1 decay sign	trckDcay0	trckDcay1	track0CompW	track1CompW 	track0FinalW	track1FinalW 	track_playon_off	track_playon_off	source_track_rec-on_off	source_track_rec-on_off	target_track_rec-on_off	target_track_rec-on_off	with automatic beats	beat duration	with video	videoThreshold	videoGamma	initial BG subtraction	image jitter amplitude	mask jiter amplitude	audio track size	macroffset all tracks	macroffset all tracks random	microffset all tracks	microffset all tracks random	image swap duration	image swap frequency	sample swap duration	sample swap frequency	text swap duration	text swap frequency	audio volume	scene number	Predatr's params
	0	0	1	3	1	1	1	1	1	0	0.01	4.3	0.5	0.5	0.5	0	0	0	0	3	0	0	0	1.87	93.75	0.2	2.8125	0	0	0	0	0	0	0	0	0	1	1	1	1	0	0	1	1	0	0	0	0	0	0	0	0	1	1	1	0.32	0.75	1	0.02	0.04	0.196875	0	0	0	25	1	2	2	4	1	4	1	30	0.66875
	0	0	1	3	1	1	1	1	1	0	0.01	4.3	0.5	0.5	0.5	0	0	0	0	3	0	0	0	1.87	96.875	0.2	2.90625	0	0	0	0	0	0	0	0	0	1	1	1	1	0	0	1	1	0	0	0	0	0	0	0	0	1	1	1	0.32	0.75	1	0.02	0.04	0.1034375	0	0	0	27.5	1	2	2	4	1	4	1	30	0.684375
	k	k	k	k	k	k	k	k	k	k	k	k	k	k	k	k	k	k	k	k	k	k	k	k	k	k	k	k	k	k	k	k	k	k	k	k	k	k	k	k	k	k	k	k	k	k	k	k	k	k	k	k	k	k	k	k	k	k	k	k	l	k	k	k	k	k	k	k	k	k	k	k	s	l
/scene																																																																										
scene	stateofemergency	60																																																																								
stateofemergency	stateofemergency	stateofemergency	stateofemergency	stateofemergency	stateofemergency	stateofemergency	stateofemergency	stateofemergency	stateofemergency	stateofemergency	stateofemergency	stateofemergency	stateofemergency	stateofemergency	stateofemergency	stateofemergency	stateofemergency	stateofemergency	stateofemergency	stateofemergency	stateofemergency	stateofemergency	stateofemergency	stateofemergency	stateofemergency	stateofemergency	stateofemergency	stateofemergency	stateofemergency	stateofemergency	stateofemergency	stateofemergency	stateofemergency	stateofemergency	stateofemergency	stateofemergency	stateofemergency	stateofemergency	stateofemergency	stateofemergency	stateofemergency	stateofemergency	stateofemergency	stateofemergency	stateofemergency	stateofemergency	stateofemergency	stateofemergency	stateofemergency	stateofemergency	stateofemergency	stateofemergency	stateofemergency	stateofemergency	stateofemergency	stateofemergency	stateofemergency	stateofemergency	stateofemergency	stateofemergency	stateofemergency	stateofemergency	stateofemergency	stateofemergency	stateofemergency	stateofemergency	stateofemergency	stateofemergency	stateofemergency	stateofemergency	stateofemergency	stateofemergency	stateofemergency	stateofemergency
	line	brush ID	bursh radius	palette	R color				opaque	particle 	prtAcc	med noise	central	part	radiusParticle	repopulating	uncleared	uncleared	uninverted	cursor size	no echo	no echo	MusXY	hig color	MusRad	MusPrt	hig hue variation	XY	_Col_Rad	FlashTrack1	flashPart	flashPart_duration	penPrCoef	penHCoef	penVCoef	notrack synch	drawing track	video track	track0 decay sign	track1 decay sign	trckDcay0	trckDcay1	track0CompW	track1CompW 	track0FinalW	track1FinalW 	track_playon_off	track_playon_off	source_track_rec-on_off	source_track_rec-on_off	target_track_rec-on_off	target_track_rec-on_off	with automatic beats	beat duration	with video	videoThreshold	videoGamma	initial BG subtraction	image jitter amplitude	mask jiter amplitude	audio track size	macroffset all tracks	macroffset all tracks random	microffset all tracks	microffset all tracks random	image swap duration	image swap frequency	sample swap duration	sample swap frequency	text swap duration	text swap frequency	audio volume	scene number	Predatr's params
	0	0	1	3	1	1	1	1	1	0	0.01	4.3	0.5	0.5	0.5	0	0	0	0	3	0	0	0	1.87	96.875	0.2	2.90625	0	0	0	0	0	0	0	0	0	1	1	1	1	0	0	1	1	0	0	0	0	0	0	0	0	1	1	1	0.32	0.75	1	0.02	0.04	0.1034375	0	0	0	27.5	1	2	2	4	1	4	1	31	0.684375
	0	0	1	3	1	1	1	1	1	0	0.01	4.3	0.5	0.5	0.5	0	0	0	0	3	0	0	0	1.87	100	0.2	3	0	0	0	0	0	0	0	0	0	1	1	1	1	0	0	1	1	0	0	0	0	0	0	0	0	1	1	1	0.32	0.75	1	0.02	0.04	0.01	0	0	0	30	1	2	2	4	1	4	1	31	0.7
	k	k	k	k	k	k	k	k	k	k	k	k	k	k	k	k	k	k	k	k	k	k	k	k	k	k	k	k	k	k	k	k	k	k	k	k	k	k	k	k	k	k	k	k	k	k	k	k	k	k	k	k	k	k	k	k	k	k	k	k	l	k	k	k	k	k	k	k	k	k	k	k	s	l
/scene																																																																										
/scenario																																																																										
