RANK,0,1,2,3,4,5,6,7,8,9,10,11,12,13,14,15,16,17,18,19,20,21,22,23,24,25,26,27,28,29,30,31,32,33,34,35,36,37,38,39,40,41,42,43,44,45,46,47,48,49,50,51,52,53,54,55,56,57,58,59,60,61,62,63,64,65,66,67,68,69,70,71,72,73,74,75,76,77,78,79,80,81,82,83,84,85,86,87,88,89,90,91,92,93,94,95,96,97,98,99,100,101,102,103,104,105,106,107,108,109,110,111,112,113,114,115,116,117,118,119,120,121,122,123,124,125,126,127,128,129,130,131,132,133,134,135,136,137,138,139,140,141,142,143,144,145,146,147,148,149,150,151,152,153,154
VERBATIM,auto_beat,clear all Layers,clear layer,current background capture,BG Subtraction on/off,mute screen,invert,snapshot onOff,cursor size,beat duration,Blend Transparency,CA mix weight,ID comment,track0 mix weight,ID comment,track0 mix weight,ID comment,CA Master weight,ID comment,track0 Master weight,ID comment,track0 Master weight,ID comment,echo,ID comment,echo neg,ID comment,CA decay,CA decay pulse,track0 decay,ID comment,track1 decay,ID comment,pen radius,pen radius pulse,palette for pen,palette for pen,Grey level for pen,ID comment,A color,ID comment,pen brush,pen radius replay,pen radius replay pulse,ID comment,ID comment,current drawing track,current video track,current photo track,ID comment,ID comment,ID comment,ID comment,ID comment,ID comment,ID comment,ID comment,path1 record on/off,path2 record on/off,path3 record on/off,path4 record on/off,path5 record on/off,path3 record on/off,path7 record on/off,path1 replay track,path2 replay track,path3 replay track,path4 replay track,path5 replay track,path6 replay track,path7 replay track,noise scale,ID comment,pixel acc,pixel acc pulse,pixel acc center-x,ID comment,pixel acc center-y,ID comment,pixel radius ,pixel radius pulse,pixel mode,repopuplating BG (grid),ID comment,repopuplating Path,ID comment,palette for repop,repop color pulse,Grey level for repop,ID comment,camera white balance red,camera white balance blue,camera exposure,camera gain,cameraBrightness,camera saturation,camera contrast,camera gamma,camera capture frequency,movie no,movie capture frequency,photo diaporama index,photo diaporama fade dur,photo diaporama plateau dur,current SvgGpu images,soundtrack no,camera threshold,ID comment,camera Weight,ID comment,Sobel camera,ID comment,movie weight,ID comment,Sobel movie,ID comment,invert movie,ID comment,ID comment,ID comment,video saturation ,video saturation pulse,ID comment,ID comment,photo weight,ID comment,ID comment,ID comment, Flash track1->BG freq,Flash pixel freq,Flash pixel duration,camera flash length (in frames),camera flash bright (in frames),camera flash beat no,beat threshold,beat min duration (ms),input volume,Min input volume,pen pressure coef,pen angleH coef,pen angleV coef,tracks sync on/off,cumul video,CA update step,color interface display,fast vs slow CA color spreading,freeze on/off,sound enveloppe min,sound envelope max,adc weight (eg microphone),soundtrack weight,sample setUp,sensor spatial pattern,sensor activation,sensor volume
TYPE,bool,bool,bool,bool,bool,bool,bool,bool,int,float,float,float,float,float,float,float,float,float,float,float,float,float,float,float,float,float,float,float,float,float,float,float,float,float,float,float,float,float,float,float,float,int ,float,float,float,float,int,int,int,float,float,float,float,float,float,float,float,path,path,path,path,path,path,path,int,int,int,int,int,int,int,float,float,float,float,float,float,float,float,float,float,int,float,float,float,float,float,float,float,float,float,float,float,float,float,float,float,float,float,int,float,int,float,float,int,int,float,float,float,float,float,float,float,float,float,float,bool,bool,float,float,float,float,float,float,float,float,float,float,int,int,int,float,float,int,float,float,float,float,float,float,float,bool,int,int,bool,bool,bool,float,float,float,float,float,int ,int ,float
ID,auto_beat,clearAllLayers,clearLayer,reset_camera,camera_BG_subtr,mute_second_screen,invertAllLayers,take_snapshots,cursorSize,auto_beat_duration,master,CAMixingWeight,CAMixingWeight_pulse,trackMixingWeight_0,trackMixingWeight_0_pulse,trackMixingWeight_1,trackMixingWeight_1_pulse,CAMasterWeight,CAMasterWeight_pulse,trackMasterWeight_0,trackMasterWeight_0_pulse,trackMasterWeight_1,trackMasterWeight_1_pulse,echo,echo_pulse,echoNeg,echoNeg_pulse,CAdecay,CAdecay_pulse,trkDecay_0,trkDecay_0_pulse,trkDecay_1,trkDecay_1_pulse,pen_radius,pen_radius_pulse,pen_color,pen_color_pulse,pen_grey,pen_grey_pulse,pen_color_a,pen_color_a_pulse,pen_brush,pen_radius_replay,pen_radius_replay_pulse,pen_color_replay,pen_color_replay_pulse,currentDrawingTrack,currentVideoTrack,currentPhotoTrack,track_x_transl_0,track_x_transl_0_pulse,track_y_transl_0,track_y_transl_0_pulse,track_x_transl_1,track_x_transl_1_pulse,track_y_transl_1,track_y_transl_1_pulse,path_record_1,path_record_2,path_record_3,path_record_4,path_record_5,path_record_6,path_record_7,path_replay_trackNo_1,path_replay_trackNo_2,path_replay_trackNo_3,path_replay_trackNo_4,path_replay_trackNo_5,path_replay_trackNo_6,path_replay_trackNo_7,noiseScale,noiseScale_pulse,pixel_acc,pixel_acc_pulse,pixel_acc_shiftX,pixel_acc_shiftX_pulse,pixel_acc_shiftY,pixel_acc_shiftY_pulse,pixel_radius,pixel_radius_pulse,pixel_mode,repop_BG,repop_BG_pulse,repop_path,repop_path_pulse,repop_color,repop_color_pulse,repop_grey,repop_grey_pulse,cameraWB_R,cameraWB_B,cameraExposure,cameraGain,cameraBrightness,cameraSaturation,cameraContrast,cameraGamma,cameraCaptFreq,playing_movieNo,movieCaptFreq,photo_diaporama,photo_diaporama_fade,photo_diaporama_plateau,activeClipArts,playing_soundtrackNo,cameraThreshold,cameraThreshold_pulse,cameraWeight,cameraWeight_pulse,cameraSobel,cameraSobel_pulse,movieWeight,movieWeight_pulse,movieSobel,movieSobel_pulse,invertMovie,invertCamera,video_hue,video_hue_pulse,video_satur,video_satur_pulse,video_value,video_value_pulse,photoWeight,photoWeight_pulse,photo_hue,photo_hue_pulse,flashTrkBG_freq_1,flashPixel_freq,flashPixel_duration,flashCameraTrkLength,flashCameraTrkBright,flashCameraTrkBeat,beat_threshold,beat_delay,sound_volume,sound_min,pen_radius_pressure_coef,pen_radius_angleHor_coef,pen_radius_angleVer_coef,tracksSync,cameraCumul,CAstep,interfaceOnScreen,CAcolorSpread,freeze,sound_env_min,sound_env_max,audioInput_weight,soundtrack_weight,sensor_sample_setUp,sensor_layout,sensor_activation,sensor_vol
FUNCTION,NULL,clearAllLayers_callBack,clearLayer_callBack,NULL,NULL,NULL,NULL,NULL,NULL,NULL,NULL,NULL,NULL,NULL,NULL,NULL,NULL,NULL,NULL,NULL,NULL,NULL,NULL,NULL,NULL,NULL,NULL,NULL,NULL,NULL,NULL,NULL,NULL,NULL,NULL,pen_color_callBack,NULL,NULL,NULL,NULL,NULL,pen_brush_callBack,NULL,NULL,NULL,NULL,NULL,NULL,NULL,NULL,NULL,NULL,NULL,NULL,NULL,NULL,NULL,path_record_1_callBack,path_record_2_callBack,path_record_3_callBack,path_record_4_callBack,path_record_5_callBack,path_record_6_callBack,path_record_7_callBack,path_replay_trackNo_1_callBack,path_replay_trackNo_2_callBack,path_replay_trackNo_3_callBack,path_replay_trackNo_4_callBack,path_replay_trackNo_5_callBack,path_replay_trackNo_6_callBack,path_replay_trackNo_7_callBack,NULL,NULL,NULL,NULL,NULL,NULL,NULL,NULL,NULL,NULL,NULL,NULL,NULL,NULL,NULL,NULL,NULL,NULL,NULL,cameraWB_R_callBack,cameraWB_B_callBack,cameraExposure_callBack,cameraGain_callBack,cameraBrightness_callBack,cameraSaturation_callBack,cameraContrast_callBack,cameraGamma_callBack,NULL,playing_movieNo_callBack,NULL,photo_diaporama_callBack,NULL,NULL,NULL,NULL,NULL,NULL,NULL,NULL,NULL,NULL,NULL,NULL,NULL,NULL,NULL,NULL,NULL,NULL,NULL,NULL,NULL,NULL,NULL,NULL,NULL,NULL,NULL,NULL,NULL,flashCameraTrkLength_callBack,NULL,NULL,NULL,NULL,NULL,NULL,NULL,NULL,NULL,NULL,NULL,NULL,NULL,NULL,NULL,NULL,NULL,audioInput_weight_callBack,soundtrack_weight_callBack,NULL,NULL,NULL,NULL
GUI,auto_beat,clearAllLayers,clearLayer,reset_camera,camera_BG_subtr,mute_second_screen,invertAllLayers,take_snapshots,cursorSize,auto_beat_duration,master,CAMixingWeight,CAMixingWeight_pulse,trackMixingWeight_0,trackMixingWeight_0_pulse,trackMixingWeight_1,trackMixingWeight_1_pulse,CAMasterWeight,CAMasterWeight_pulse,trackMasterWeight_0,trackMasterWeight_0_pulse,trackMasterWeight_1,trackMasterWeight_1_pulse,echo,echo_pulse,echoNeg,echoNeg_pulse,CAdecay,CAdecay_pulse,trkDecay_0,trkDecay_0_pulse,trkDecay_1,trkDecay_1_pulse,pen_radius,pen_radius_pulse,pen_color,pen_color_pulse,pen_grey,pen_grey_pulse,pen_color_a,pen_color_a_pulse,pen_brush,pen_radius_replay,pen_radius_replay_pulse,pen_color_replay,pen_color_replay_pulse,currentDrawingTrack,currentVideoTrack,currentPhotoTrack,track_x_transl_0,track_x_transl_0_pulse,track_y_transl_0,track_y_transl_0_pulse,track_x_transl_1,track_x_transl_1_pulse,track_y_transl_1,track_y_transl_1_pulse,path_record_1,path_record_2,path_record_3,path_record_4,path_record_5,path_record_6,path_record_7,path_replay_trackNo_1,path_replay_trackNo_2,path_replay_trackNo_3,path_replay_trackNo_4,path_replay_trackNo_5,path_replay_trackNo_6,path_replay_trackNo_7,noiseScale,noiseScale_pulse,pixel_acc,pixel_acc_pulse,pixel_acc_shiftX,pixel_acc_shiftX_pulse,pixel_acc_shiftY,pixel_acc_shiftY_pulse,pixel_radius,pixel_radius_pulse,pixel_mode,repop_BG,repop_BG_pulse,repop_path,repop_path_pulse,repop_color,repop_color_pulse,repop_grey,repop_grey_pulse,cameraWB_R,cameraWB_B,cameraExposure,cameraGain,cameraBrightness,cameraSaturation,cameraContrast,cameraGamma,cameraCaptFreq,playing_movieNo,movieCaptFreq,photo_diaporama,photo_diaporama_fade,photo_diaporama_plateau,activeClipArts,playing_soundtrackNo,cameraThreshold,cameraThreshold_pulse,cameraWeight,cameraWeight_pulse,cameraSobel,cameraSobel_pulse,movieWeight,movieWeight_pulse,movieSobel,movieSobel_pulse,invertMovie,invertCamera,video_hue,video_hue_pulse,video_satur,video_satur_pulse,video_value,video_value_pulse,photoWeight,photoWeight_pulse,photo_hue,photo_hue_pulse,flashTrkBG_freq_1,flashPixel_freq,flashPixel_duration,flashCameraTrkLength,flashCameraTrkBright,flashCameraTrkBeat,beat_threshold,beat_delay,sound_volume,sound_min,pen_radius_pressure_coef,pen_radius_angleHor_coef,pen_radius_angleVer_coef,tracksSync,cameraCumul,CAstep,interfaceOnScreen,CAcolorSpread,freeze,sound_env_min,sound_env_max,audioInput_weight,soundtrack_weight,sensor_sample_setUp,sensor_layout,sensor_activation,sensor_vol
SHADER,*,*,*,*,Update_fs,Master_fs,Master_fs,*,Master_fs,*,Master_fs,Mixing_fs,*,Mixing_fs,*,Mixing_fs,*,Master_fs,*,Master_fs,*,Master_fs,*,Mixing_fs,*,Mixing_fs,*,Update_fs,*,Update_fs,*,Update_fs,*,*,*,*,*,*,*,*,*,*,*,*,*,*,Update_fs,Update_fs,Update_fs,*,*,*,*,*,*,*,*,*,*,*,*,*,*,*,Update_fs,Update_fs,Update_fs,Update_fs,Update_fs,Update_fs,Update_fs,Update_fs,*,Update_fs,*,Update_fs,*,Update_fs,*,Update_fs,*,Update_fs,Update_fs,*,ParticleAnimation_fs,*,*,*,*,*,*,*,*,*,*,*,*,Update_fs,*,*,*,*,*,*,Update_fs,*,Update_fs,*,Update_fs,*,Update_fs,*,Update_fs,*,Update_fs,*,Update_fs,*,Update_fs,*,Update_fs,Update_fs,Update_fs,*,Update_fs,*,Update_fs,*,*,*,*,*,*,*,*,*,*,*,*,*,*,*,Update_fs,Update_fs,Master_fs,Update_fs,Update_fs,*,*,*,*,*,*,*,*
PULSE,*,*,*,*,*,*,*,*,*,*,*,pulsed_absolute,*,pulsed_absolute,*,pulsed_absolute,*,pulsed_absolute,*,pulsed_absolute,*,pulsed_absolute,*,pulsed_absolute,*,pulsed_absolute,*,pulsed_absolute,*,pulsed_absolute,*,pulsed_absolute,*,pulsed_special,*,pulsed_special,*,pulsed_special,*,pulsed_special,*,*,pulsed_special,*,pulsed_special,*,*,*,*,pulsed_differential,*,pulsed_differential,*,pulsed_differential,*,pulsed_differential,*,*,*,*,*,*,*,*,*,*,*,*,*,*,*,pulsed_absolute,*,pulsed_absolute,*,pulsed_absolute,*,pulsed_absolute,*,pulsed_absolute,*,*,pulsed_absolute,*,pulsed_absolute,*,pulsed_special,*,pulsed_special,*,*,*,*,*,*,*,*,*,*,*,*,*,*,*,*,*,pulsed_absolute,*,pulsed_absolute,*,pulsed_absolute,*,pulsed_absolute,*,pulsed_absolute,*,*,*,pulsed_absolute,*,pulsed_absolute,*,pulsed_absolute,*,pulsed_absolute,*,pulsed_absolute,*,*,*,*,*,*,*,*,*,*,*,*,*,*,*,*,*,*,*,*,*,*,*,*,*,*,*,*
initial_values,,,,,,,,,,,,,,,,,,,,,,,,,,,,,,,,,,,,,,,,,,,,,,,,,,,,,,,,,,,,,,,,,,,,,,,,,,,,,,,,,,,,,,,,,,,,,,,,,,,,,,,,,,,,,,,,,,,,,,,,,,,,,,,,,,,,,,,,,,,,,,,,,,,,,,,,,,,
 ,0,0,0,0,1,0,0,0,3,1,1,0,0,0,0,0,0,0,0,0,0,0,0,0,0,0,0,0,-0.13,0,0,0,0,1,5,0.58,0,1,0,1,0,0,1,0,0,0,0,1,1,0,0,0,0,0,0,0,0,0,0,0,0,0,0,0,-1,-1,-1,-1,-1,-1,-1,0.574899,0,0.001,0,0.5,0,0.5,0,0,0,0,0,0,0,0,0.5,0,1,0,-1,17,-5,0,-2.64123,0,42.80328,46.590118,2,-1,25,-1,0.2,10000,0,-1,0.22095,0,0,0,0,0,0,0,0.50448,0,0,0,0,0,0,0,0,0,0,0,0,0,0,0,0,10,1,0,0.35,150,0,1,0,0,0,0,0,1,0,1,0,25,91,0,0,1,0,0,1
/initial_values,,,,,,,,,,,,,,,,,,,,,,,,,,,,,,,,,,,,,,,,,,,,,,,,,,,,,,,,,,,,,,,,,,,,,,,,,,,,,,,,,,,,,,,,,,,,,,,,,,,,,,,,,,,,,,,,,,,,,,,,,,,,,,,,,,,,,,,,,,,,,,,,,,,,,,,,,,,
scenario,4,,,,,,,,,,,,,,,,,,,,,,,,,,,,,,,,,,,,,,,,,,,,,,,,,,,,,,,,,,,,,,,,,,,,,,,,,,,,,,,,,,,,,,,,,,,,,,,,,,,,,,,,,,,,,,,,,,,,,,,,,,,,,,,,,,,,,,,,,,,,,,,,,,,,,,,,,,
scene,1_PORTUGAL,1200,prolong_when_ends,,,,,,,,,,,,,,,,,,,,,,,,,,,,,,,,,,,,,,,,,,,,,,,,,,,,,,,,,,,,,,,,,,,,,,,,,,,,,,,,,,,,,,,,,,,,,,,,,,,,,,,,,,,,,,,,,,,,,,,,,,,,,,,,,,,,,,,,,,,,,,,,,,,,,,,,
1_PORTUGAL,1_PORTUGAL,1_PORTUGAL,1_PORTUGAL,1_PORTUGAL,1_PORTUGAL,1_PORTUGAL,1_PORTUGAL,1_PORTUGAL,1_PORTUGAL,1_PORTUGAL,1_PORTUGAL,1_PORTUGAL,1_PORTUGAL,1_PORTUGAL,1_PORTUGAL,1_PORTUGAL,1_PORTUGAL,1_PORTUGAL,1_PORTUGAL,1_PORTUGAL,1_PORTUGAL,1_PORTUGAL,1_PORTUGAL,1_PORTUGAL,1_PORTUGAL,1_PORTUGAL,1_PORTUGAL,1_PORTUGAL,1_PORTUGAL,1_PORTUGAL,1_PORTUGAL,1_PORTUGAL,1_PORTUGAL,1_PORTUGAL,1_PORTUGAL,1_PORTUGAL,1_PORTUGAL,1_PORTUGAL,1_PORTUGAL,1_PORTUGAL,1_PORTUGAL,1_PORTUGAL,1_PORTUGAL,1_PORTUGAL,1_PORTUGAL,1_PORTUGAL,1_PORTUGAL,1_PORTUGAL,1_PORTUGAL,1_PORTUGAL,1_PORTUGAL,1_PORTUGAL,1_PORTUGAL,1_PORTUGAL,1_PORTUGAL,1_PORTUGAL,1_PORTUGAL,1_PORTUGAL,1_PORTUGAL,1_PORTUGAL,1_PORTUGAL,1_PORTUGAL,1_PORTUGAL,1_PORTUGAL,1_PORTUGAL,1_PORTUGAL,1_PORTUGAL,1_PORTUGAL,1_PORTUGAL,1_PORTUGAL,1_PORTUGAL,1_PORTUGAL,1_PORTUGAL,1_PORTUGAL,1_PORTUGAL,1_PORTUGAL,1_PORTUGAL,1_PORTUGAL,1_PORTUGAL,1_PORTUGAL,1_PORTUGAL,1_PORTUGAL,1_PORTUGAL,1_PORTUGAL,1_PORTUGAL,1_PORTUGAL,1_PORTUGAL,1_PORTUGAL,1_PORTUGAL,1_PORTUGAL,1_PORTUGAL,1_PORTUGAL,1_PORTUGAL,1_PORTUGAL,1_PORTUGAL,1_PORTUGAL,1_PORTUGAL,1_PORTUGAL,1_PORTUGAL,1_PORTUGAL,1_PORTUGAL,1_PORTUGAL,1_PORTUGAL,1_PORTUGAL,1_PORTUGAL,1_PORTUGAL,1_PORTUGAL,1_PORTUGAL,1_PORTUGAL,1_PORTUGAL,1_PORTUGAL,1_PORTUGAL,1_PORTUGAL,1_PORTUGAL,1_PORTUGAL,1_PORTUGAL,1_PORTUGAL,1_PORTUGAL,1_PORTUGAL,1_PORTUGAL,1_PORTUGAL,1_PORTUGAL,1_PORTUGAL,1_PORTUGAL,1_PORTUGAL,1_PORTUGAL,1_PORTUGAL,1_PORTUGAL,1_PORTUGAL,1_PORTUGAL,1_PORTUGAL,1_PORTUGAL,1_PORTUGAL,1_PORTUGAL,1_PORTUGAL,1_PORTUGAL,1_PORTUGAL,1_PORTUGAL,1_PORTUGAL,1_PORTUGAL,1_PORTUGAL,1_PORTUGAL,1_PORTUGAL,1_PORTUGAL,1_PORTUGAL,1_PORTUGAL,1_PORTUGAL,1_PORTUGAL,1_PORTUGAL,1_PORTUGAL,1_PORTUGAL,1_PORTUGAL,1_PORTUGAL,1_PORTUGAL,1_PORTUGAL
ID,auto_beat,clearAllLayers,clearLayer,reset_camera,camera_BG_subtr,mute_second_screen,invertAllLayers,take_snapshots,cursorSize,auto_beat_duration,master,CAMixingWeight,CAMixingWeight_pulse,trackMixingWeight_0,trackMixingWeight_0_pulse,trackMixingWeight_1,trackMixingWeight_1_pulse,CAMasterWeight,CAMasterWeight_pulse,trackMasterWeight_0,trackMasterWeight_0_pulse,trackMasterWeight_1,trackMasterWeight_1_pulse,echo,echo_pulse,echoNeg,echoNeg_pulse,CAdecay,CAdecay_pulse,trkDecay_0,trkDecay_0_pulse,trkDecay_1,trkDecay_1_pulse,pen_radius,pen_radius_pulse,pen_color,pen_color_pulse,pen_grey,pen_grey_pulse,pen_color_a,pen_color_a_pulse,pen_brush,pen_radius_replay,pen_radius_replay_pulse,pen_color_replay,pen_color_replay_pulse,currentDrawingTrack,currentVideoTrack,currentPhotoTrack,track_x_transl_0,track_x_transl_0_pulse,track_y_transl_0,track_y_transl_0_pulse,track_x_transl_1,track_x_transl_1_pulse,track_y_transl_1,track_y_transl_1_pulse,path_record_1,path_record_2,path_record_3,path_record_4,path_record_5,path_record_6,path_record_7,path_replay_trackNo_1,path_replay_trackNo_2,path_replay_trackNo_3,path_replay_trackNo_4,path_replay_trackNo_5,path_replay_trackNo_6,path_replay_trackNo_7,noiseScale,noiseScale_pulse,pixel_acc,pixel_acc_pulse,pixel_acc_shiftX,pixel_acc_shiftX_pulse,pixel_acc_shiftY,pixel_acc_shiftY_pulse,pixel_radius,pixel_radius_pulse,pixel_mode,repop_BG,repop_BG_pulse,repop_path,repop_path_pulse,repop_color,repop_color_pulse,repop_grey,repop_grey_pulse,cameraWB_R,cameraWB_B,cameraExposure,cameraGain,cameraBrightness,cameraSaturation,cameraContrast,cameraGamma,cameraCaptFreq,playing_movieNo,movieCaptFreq,photo_diaporama,photo_diaporama_fade,photo_diaporama_plateau,activeClipArts,playing_soundtrackNo,cameraThreshold,cameraThreshold_pulse,cameraWeight,cameraWeight_pulse,cameraSobel,cameraSobel_pulse,movieWeight,movieWeight_pulse,movieSobel,movieSobel_pulse,invertMovie,invertCamera,video_hue,video_hue_pulse,video_satur,video_satur_pulse,video_value,video_value_pulse,photoWeight,photoWeight_pulse,photo_hue,photo_hue_pulse,flashTrkBG_freq_1,flashPixel_freq,flashPixel_duration,flashCameraTrkLength,flashCameraTrkBright,flashCameraTrkBeat,beat_threshold,beat_delay,sound_volume,sound_min,pen_radius_pressure_coef,pen_radius_angleHor_coef,pen_radius_angleVer_coef,tracksSync,cameraCumul,CAstep,interfaceOnScreen,CAcolorSpread,freeze,sound_env_min,sound_env_max,audioInput_weight,soundtrack_weight,sensor_sample_setUp,sensor_layout,sensor_activation,sensor_vol
 ,0,0,0,0,1,0,0,0,3,1,1,0,0,0,0,0,0,0,0,0,0,0,0,0,0,0,0,0,-0.13,0.00208,0,0,0,1,0,0,0,1,0,1,0,0,1,0,0,0,0,1,1,0,0,0,0,0,0,0,0,1,0,0,0,0,0,0,-1,-1,-1,-1,-1,-1,-1,0.574899,0,0.001,0,0.5,0,0.5,0,0,0,0,0,0,0,0,0.5,0,1,0,-1,17,-5,0,-2.64123,0,42.80328,46.590118,2,-1,20,-1,0.2,10000,0,-1,0.22095,0,0,0,0,0,0,0,0,0,0,0,0,0,0.5,0,0,0,0,0,0,0,0,0,0,10,1,0,0.35,150,0,1,0,0,0,0,0,1,0,1,0,25,91,0,0,1,0,0,1
 ,0,0,0,0,1,0,0,0,3,1,1,0,0,0,0,0,0,0,0,0,0,0,0,0,0,0,0,0,-0.13,0.00208,0,0,0,1,0,0,0,1,0,1,0,0,1,0,0,0,0,1,1,0,0,0,0,0,0,0,0,1,0,0,0,0,0,0,-1,-1,-1,-1,-1,-1,-1,0.574899,0,0.001,0,0.5,0,0.5,0,0,0,0,0,0,0,0,0.5,0,1,0,-1,17,-5,0,-2.64123,0,42.80328,46.590118,2,-1,20,-1,0.2,10000,0,-1,0.22095,0,0,0,0,0,0,0,0,0,0,0,0,0,0.5,0,0,0,0,0,0,0,0,0,0,10,1,0,0.35,150,0,1,0,0,0,0,0,1,0,1,0,25,91,0,0,1,0,0,1
,k,s,s,s,s,s,s,s,s,s,s,s,s,s,s,s,s,s,s,s,s,s,s,s,s,s,s,s,s,s,s,s,s,s,s,s,s,s,s,s,s,s,k,s,s,s,s,s,s,s,s,s,s,s,s,s,s,s,s,s,s,s,s,s,s,s,s,s,s,s,s,s,s,s,s,s,s,s,s,s,s,s,s,s,s,s,s,s,s,s,s,s,s,s,s,s,s,s,s,s,s,s,s,s,s,s,s,s,s,s,s,s,s,s,s,s,s,s,s,s,s,s,s,s,s,s,s,s,s,s,s,s,s,s,k,s,k,k,s,s,s,s,s,s,s,s,s,k,k,s,s,s,s,s,k
/scene,,,,,,,,,,,,,,,,,,,,,,,,,,,,,,,,,,,,,,,,,,,,,,,,,,,,,,,,,,,,,,,,,,,,,,,,,,,,,,,,,,,,,,,,,,,,,,,,,,,,,,,,,,,,,,,,,,,,,,,,,,,,,,,,,,,,,,,,,,,,,,,,,,,,,,,,,,,
scene,2_DANEMARK,1200,prolong_when_ends,,,,,,,,,,,,,,,,,,,,,,,,,,,,,,,,,,,,,,,,,,,,,,,,,,,,,,,,,,,,,,,,,,,,,,,,,,,,,,,,,,,,,,,,,,,,,,,,,,,,,,,,,,,,,,,,,,,,,,,,,,,,,,,,,,,,,,,,,,,,,,,,,,,,,,,,
2_DANEMARK,2_DANEMARK,2_DANEMARK,2_DANEMARK,2_DANEMARK,2_DANEMARK,2_DANEMARK,2_DANEMARK,2_DANEMARK,2_DANEMARK,2_DANEMARK,2_DANEMARK,2_DANEMARK,2_DANEMARK,2_DANEMARK,2_DANEMARK,2_DANEMARK,2_DANEMARK,2_DANEMARK,2_DANEMARK,2_DANEMARK,2_DANEMARK,2_DANEMARK,2_DANEMARK,2_DANEMARK,2_DANEMARK,2_DANEMARK,2_DANEMARK,2_DANEMARK,2_DANEMARK,2_DANEMARK,2_DANEMARK,2_DANEMARK,2_DANEMARK,2_DANEMARK,2_DANEMARK,2_DANEMARK,2_DANEMARK,2_DANEMARK,2_DANEMARK,2_DANEMARK,2_DANEMARK,2_DANEMARK,2_DANEMARK,2_DANEMARK,2_DANEMARK,2_DANEMARK,2_DANEMARK,2_DANEMARK,2_DANEMARK,2_DANEMARK,2_DANEMARK,2_DANEMARK,2_DANEMARK,2_DANEMARK,2_DANEMARK,2_DANEMARK,2_DANEMARK,2_DANEMARK,2_DANEMARK,2_DANEMARK,2_DANEMARK,2_DANEMARK,2_DANEMARK,2_DANEMARK,2_DANEMARK,2_DANEMARK,2_DANEMARK,2_DANEMARK,2_DANEMARK,2_DANEMARK,2_DANEMARK,2_DANEMARK,2_DANEMARK,2_DANEMARK,2_DANEMARK,2_DANEMARK,2_DANEMARK,2_DANEMARK,2_DANEMARK,2_DANEMARK,2_DANEMARK,2_DANEMARK,2_DANEMARK,2_DANEMARK,2_DANEMARK,2_DANEMARK,2_DANEMARK,2_DANEMARK,2_DANEMARK,2_DANEMARK,2_DANEMARK,2_DANEMARK,2_DANEMARK,2_DANEMARK,2_DANEMARK,2_DANEMARK,2_DANEMARK,2_DANEMARK,2_DANEMARK,2_DANEMARK,2_DANEMARK,2_DANEMARK,2_DANEMARK,2_DANEMARK,2_DANEMARK,2_DANEMARK,2_DANEMARK,2_DANEMARK,2_DANEMARK,2_DANEMARK,2_DANEMARK,2_DANEMARK,2_DANEMARK,2_DANEMARK,2_DANEMARK,2_DANEMARK,2_DANEMARK,2_DANEMARK,2_DANEMARK,2_DANEMARK,2_DANEMARK,2_DANEMARK,2_DANEMARK,2_DANEMARK,2_DANEMARK,2_DANEMARK,2_DANEMARK,2_DANEMARK,2_DANEMARK,2_DANEMARK,2_DANEMARK,2_DANEMARK,2_DANEMARK,2_DANEMARK,2_DANEMARK,2_DANEMARK,2_DANEMARK,2_DANEMARK,2_DANEMARK,2_DANEMARK,2_DANEMARK,2_DANEMARK,2_DANEMARK,2_DANEMARK,2_DANEMARK,2_DANEMARK,2_DANEMARK,2_DANEMARK,2_DANEMARK,2_DANEMARK,2_DANEMARK,2_DANEMARK,2_DANEMARK,2_DANEMARK,2_DANEMARK
ID,auto_beat,clearAllLayers,clearLayer,reset_camera,camera_BG_subtr,mute_second_screen,invertAllLayers,take_snapshots,cursorSize,auto_beat_duration,master,CAMixingWeight,CAMixingWeight_pulse,trackMixingWeight_0,trackMixingWeight_0_pulse,trackMixingWeight_1,trackMixingWeight_1_pulse,CAMasterWeight,CAMasterWeight_pulse,trackMasterWeight_0,trackMasterWeight_0_pulse,trackMasterWeight_1,trackMasterWeight_1_pulse,echo,echo_pulse,echoNeg,echoNeg_pulse,CAdecay,CAdecay_pulse,trkDecay_0,trkDecay_0_pulse,trkDecay_1,trkDecay_1_pulse,pen_radius,pen_radius_pulse,pen_color,pen_color_pulse,pen_grey,pen_grey_pulse,pen_color_a,pen_color_a_pulse,pen_brush,pen_radius_replay,pen_radius_replay_pulse,pen_color_replay,pen_color_replay_pulse,currentDrawingTrack,currentVideoTrack,currentPhotoTrack,track_x_transl_0,track_x_transl_0_pulse,track_y_transl_0,track_y_transl_0_pulse,track_x_transl_1,track_x_transl_1_pulse,track_y_transl_1,track_y_transl_1_pulse,path_record_1,path_record_2,path_record_3,path_record_4,path_record_5,path_record_6,path_record_7,path_replay_trackNo_1,path_replay_trackNo_2,path_replay_trackNo_3,path_replay_trackNo_4,path_replay_trackNo_5,path_replay_trackNo_6,path_replay_trackNo_7,noiseScale,noiseScale_pulse,pixel_acc,pixel_acc_pulse,pixel_acc_shiftX,pixel_acc_shiftX_pulse,pixel_acc_shiftY,pixel_acc_shiftY_pulse,pixel_radius,pixel_radius_pulse,pixel_mode,repop_BG,repop_BG_pulse,repop_path,repop_path_pulse,repop_color,repop_color_pulse,repop_grey,repop_grey_pulse,cameraWB_R,cameraWB_B,cameraExposure,cameraGain,cameraBrightness,cameraSaturation,cameraContrast,cameraGamma,cameraCaptFreq,playing_movieNo,movieCaptFreq,photo_diaporama,photo_diaporama_fade,photo_diaporama_plateau,activeClipArts,playing_soundtrackNo,cameraThreshold,cameraThreshold_pulse,cameraWeight,cameraWeight_pulse,cameraSobel,cameraSobel_pulse,movieWeight,movieWeight_pulse,movieSobel,movieSobel_pulse,invertMovie,invertCamera,video_hue,video_hue_pulse,video_satur,video_satur_pulse,video_value,video_value_pulse,photoWeight,photoWeight_pulse,photo_hue,photo_hue_pulse,flashTrkBG_freq_1,flashPixel_freq,flashPixel_duration,flashCameraTrkLength,flashCameraTrkBright,flashCameraTrkBeat,beat_threshold,beat_delay,sound_volume,sound_min,pen_radius_pressure_coef,pen_radius_angleHor_coef,pen_radius_angleVer_coef,tracksSync,cameraCumul,CAstep,interfaceOnScreen,CAcolorSpread,freeze,sound_env_min,sound_env_max,audioInput_weight,soundtrack_weight,sensor_sample_setUp,sensor_layout,sensor_activation,sensor_vol
 ,0,0,0,0,1,0,0,0,3,1,1,0,0,0,0,0,0,0,0,0,0,0,0,0,0,0,0,0,-0.13,0.00208,0,0,0,1,0,0,0,1,0,1,0,0,1,0,0,0,0,1,1,0,0,0,0,0,0,0,0,0,1,0,0,0,0,0,-1,-1,-1,-1,-1,-1,-1,0.574899,0,0.001,0,0.5,0,0.5,0,0,0,0,0,0,0,0,0.5,0,1,0,-1,17,-5,0,-2.64123,0,42.80328,46.590118,2,-1,20,-1,0.2,10000,0,-1,0.22095,0,0,0,0,0,0,0,0,0,0,0,0,0,0.5,0,0,0,0,0,0,0,0,0,0,10,1,0,0.35,150,0,1,0,0,0,0,0,1,0,1,0,25,91,0,0,1,0,0,1
 ,0,0,0,0,1,0,0,0,3,1,1,0,0,0,0,0,0,0,0,0,0,0,0,0,0,0,0,0,-0.13,0.00208,0,0,0,1,0,0,0,1,0,1,0,0,1,0,0,0,0,1,1,0,0,0,0,0,0,0,0,0,1,0,0,0,0,0,-1,-1,-1,-1,-1,-1,-1,0.574899,0,0.001,0,0.5,0,0.5,0,0,0,0,0,0,0,0,0.5,0,1,0,-1,17,-5,0,-2.64123,0,42.80328,46.590118,2,-1,20,-1,0.2,10000,0,-1,0.22095,0,0,0,0,0,0,0,0,0,0,0,0,0,0.5,0,0,0,0,0,0,0,0,0,0,10,1,0,0.35,150,0,1,0,0,0,0,0,1,0,1,0,25,91,0,0,1,0,0,1
,k,s,s,s,s,s,s,s,s,s,s,s,s,s,s,s,s,s,s,s,s,s,s,s,s,s,s,s,s,s,s,s,s,s,s,s,s,s,s,s,s,s,k,s,s,s,s,s,s,s,s,s,s,s,s,s,s,s,s,s,s,s,s,s,s,s,s,s,s,s,s,s,s,s,s,s,s,s,s,s,s,s,s,s,s,s,s,s,s,s,s,s,s,s,s,s,s,s,s,s,s,s,s,s,s,s,s,s,s,s,s,s,s,s,s,s,s,s,s,s,s,s,s,s,s,s,s,s,s,s,s,s,s,s,k,s,k,k,s,s,s,s,s,s,s,s,s,k,k,s,s,s,s,s,k
/scene,,,,,,,,,,,,,,,,,,,,,,,,,,,,,,,,,,,,,,,,,,,,,,,,,,,,,,,,,,,,,,,,,,,,,,,,,,,,,,,,,,,,,,,,,,,,,,,,,,,,,,,,,,,,,,,,,,,,,,,,,,,,,,,,,,,,,,,,,,,,,,,,,,,,,,,,,,,
scene,3_SWEDEN,1200,prolong_when_ends,,,,,,,,,,,,,,,,,,,,,,,,,,,,,,,,,,,,,,,,,,,,,,,,,,,,,,,,,,,,,,,,,,,,,,,,,,,,,,,,,,,,,,,,,,,,,,,,,,,,,,,,,,,,,,,,,,,,,,,,,,,,,,,,,,,,,,,,,,,,,,,,,,,,,,,,
3_SWEDEN,3_SWEDEN,3_SWEDEN,3_SWEDEN,3_SWEDEN,3_SWEDEN,3_SWEDEN,3_SWEDEN,3_SWEDEN,3_SWEDEN,3_SWEDEN,3_SWEDEN,3_SWEDEN,3_SWEDEN,3_SWEDEN,3_SWEDEN,3_SWEDEN,3_SWEDEN,3_SWEDEN,3_SWEDEN,3_SWEDEN,3_SWEDEN,3_SWEDEN,3_SWEDEN,3_SWEDEN,3_SWEDEN,3_SWEDEN,3_SWEDEN,3_SWEDEN,3_SWEDEN,3_SWEDEN,3_SWEDEN,3_SWEDEN,3_SWEDEN,3_SWEDEN,3_SWEDEN,3_SWEDEN,3_SWEDEN,3_SWEDEN,3_SWEDEN,3_SWEDEN,3_SWEDEN,3_SWEDEN,3_SWEDEN,3_SWEDEN,3_SWEDEN,3_SWEDEN,3_SWEDEN,3_SWEDEN,3_SWEDEN,3_SWEDEN,3_SWEDEN,3_SWEDEN,3_SWEDEN,3_SWEDEN,3_SWEDEN,3_SWEDEN,3_SWEDEN,3_SWEDEN,3_SWEDEN,3_SWEDEN,3_SWEDEN,3_SWEDEN,3_SWEDEN,3_SWEDEN,3_SWEDEN,3_SWEDEN,3_SWEDEN,3_SWEDEN,3_SWEDEN,3_SWEDEN,3_SWEDEN,3_SWEDEN,3_SWEDEN,3_SWEDEN,3_SWEDEN,3_SWEDEN,3_SWEDEN,3_SWEDEN,3_SWEDEN,3_SWEDEN,3_SWEDEN,3_SWEDEN,3_SWEDEN,3_SWEDEN,3_SWEDEN,3_SWEDEN,3_SWEDEN,3_SWEDEN,3_SWEDEN,3_SWEDEN,3_SWEDEN,3_SWEDEN,3_SWEDEN,3_SWEDEN,3_SWEDEN,3_SWEDEN,3_SWEDEN,3_SWEDEN,3_SWEDEN,3_SWEDEN,3_SWEDEN,3_SWEDEN,3_SWEDEN,3_SWEDEN,3_SWEDEN,3_SWEDEN,3_SWEDEN,3_SWEDEN,3_SWEDEN,3_SWEDEN,3_SWEDEN,3_SWEDEN,3_SWEDEN,3_SWEDEN,3_SWEDEN,3_SWEDEN,3_SWEDEN,3_SWEDEN,3_SWEDEN,3_SWEDEN,3_SWEDEN,3_SWEDEN,3_SWEDEN,3_SWEDEN,3_SWEDEN,3_SWEDEN,3_SWEDEN,3_SWEDEN,3_SWEDEN,3_SWEDEN,3_SWEDEN,3_SWEDEN,3_SWEDEN,3_SWEDEN,3_SWEDEN,3_SWEDEN,3_SWEDEN,3_SWEDEN,3_SWEDEN,3_SWEDEN,3_SWEDEN,3_SWEDEN,3_SWEDEN,3_SWEDEN,3_SWEDEN,3_SWEDEN,3_SWEDEN,3_SWEDEN,3_SWEDEN,3_SWEDEN,3_SWEDEN,3_SWEDEN,3_SWEDEN,3_SWEDEN,3_SWEDEN
ID,auto_beat,clearAllLayers,clearLayer,reset_camera,camera_BG_subtr,mute_second_screen,invertAllLayers,take_snapshots,cursorSize,auto_beat_duration,master,CAMixingWeight,CAMixingWeight_pulse,trackMixingWeight_0,trackMixingWeight_0_pulse,trackMixingWeight_1,trackMixingWeight_1_pulse,CAMasterWeight,CAMasterWeight_pulse,trackMasterWeight_0,trackMasterWeight_0_pulse,trackMasterWeight_1,trackMasterWeight_1_pulse,echo,echo_pulse,echoNeg,echoNeg_pulse,CAdecay,CAdecay_pulse,trkDecay_0,trkDecay_0_pulse,trkDecay_1,trkDecay_1_pulse,pen_radius,pen_radius_pulse,pen_color,pen_color_pulse,pen_grey,pen_grey_pulse,pen_color_a,pen_color_a_pulse,pen_brush,pen_radius_replay,pen_radius_replay_pulse,pen_color_replay,pen_color_replay_pulse,currentDrawingTrack,currentVideoTrack,currentPhotoTrack,track_x_transl_0,track_x_transl_0_pulse,track_y_transl_0,track_y_transl_0_pulse,track_x_transl_1,track_x_transl_1_pulse,track_y_transl_1,track_y_transl_1_pulse,path_record_1,path_record_2,path_record_3,path_record_4,path_record_5,path_record_6,path_record_7,path_replay_trackNo_1,path_replay_trackNo_2,path_replay_trackNo_3,path_replay_trackNo_4,path_replay_trackNo_5,path_replay_trackNo_6,path_replay_trackNo_7,noiseScale,noiseScale_pulse,pixel_acc,pixel_acc_pulse,pixel_acc_shiftX,pixel_acc_shiftX_pulse,pixel_acc_shiftY,pixel_acc_shiftY_pulse,pixel_radius,pixel_radius_pulse,pixel_mode,repop_BG,repop_BG_pulse,repop_path,repop_path_pulse,repop_color,repop_color_pulse,repop_grey,repop_grey_pulse,cameraWB_R,cameraWB_B,cameraExposure,cameraGain,cameraBrightness,cameraSaturation,cameraContrast,cameraGamma,cameraCaptFreq,playing_movieNo,movieCaptFreq,photo_diaporama,photo_diaporama_fade,photo_diaporama_plateau,activeClipArts,playing_soundtrackNo,cameraThreshold,cameraThreshold_pulse,cameraWeight,cameraWeight_pulse,cameraSobel,cameraSobel_pulse,movieWeight,movieWeight_pulse,movieSobel,movieSobel_pulse,invertMovie,invertCamera,video_hue,video_hue_pulse,video_satur,video_satur_pulse,video_value,video_value_pulse,photoWeight,photoWeight_pulse,photo_hue,photo_hue_pulse,flashTrkBG_freq_1,flashPixel_freq,flashPixel_duration,flashCameraTrkLength,flashCameraTrkBright,flashCameraTrkBeat,beat_threshold,beat_delay,sound_volume,sound_min,pen_radius_pressure_coef,pen_radius_angleHor_coef,pen_radius_angleVer_coef,tracksSync,cameraCumul,CAstep,interfaceOnScreen,CAcolorSpread,freeze,sound_env_min,sound_env_max,audioInput_weight,soundtrack_weight,sensor_sample_setUp,sensor_layout,sensor_activation,sensor_vol
 ,0,0,0,0,1,0,0,0,3,1,1,0,0,0,0,0,0,0,0,0,0,0,0,0,0,0,0,0,-0.13,0.00208,0,0,0,1,0,0,0,1,0,1,0,0,1,0,0,0,0,1,1,0,0,0,0,0,0,0,0,0,0,1,0,0,0,0,-1,-1,-1,-1,-1,-1,-1,0.574899,0,0.001,0,0.5,0,0.5,0,0,0,0,0,0,0,0,0.5,0,1,0,-1,17,-5,0,-2.64123,0,42.80328,46.590118,2,-1,20,-1,0.2,10000,0,-1,0.22095,0,0,0,0,0,0,0,0,0,0,0,0,0,0.5,0,0,0,0,0,0,0,0,0,0,10,1,0,0.35,150,0,1,0,0,0,0,0,1,0,1,0,25,91,0,0,1,0,0,1
 ,0,0,0,0,1,0,0,0,3,1,1,0,0,0,0,0,0,0,0,0,0,0,0,0,0,0,0,0,-0.13,0.00208,0,0,0,1,0,0,0,1,0,1,0,0,1,0,0,0,0,1,1,0,0,0,0,0,0,0,0,0,0,1,0,0,0,0,-1,-1,-1,-1,-1,-1,-1,0.574899,0,0.001,0,0.5,0,0.5,0,0,0,0,0,0,0,0,0.5,0,1,0,-1,17,-5,0,-2.64123,0,42.80328,46.590118,2,-1,20,-1,0.2,10000,0,-1,0.22095,0,0,0,0,0,0,0,0,0,0,0,0,0,0.5,0,0,0,0,0,0,0,0,0,0,10,1,0,0.35,150,0,1,0,0,0,0,0,1,0,1,0,25,91,0,0,1,0,0,1
,k,s,s,s,s,s,s,s,s,s,s,s,s,s,s,s,s,s,s,s,s,s,s,s,s,s,s,s,s,s,s,s,s,s,s,s,s,s,s,s,s,s,k,s,s,s,s,s,s,s,s,s,s,s,s,s,s,s,s,s,s,s,s,s,s,s,s,s,s,s,s,s,s,s,s,s,s,s,s,s,s,s,s,s,s,s,s,s,s,s,s,s,s,s,s,s,s,s,s,s,s,s,s,s,s,s,s,s,s,s,s,s,s,s,s,s,s,s,s,s,s,s,s,s,s,s,s,s,s,s,s,s,s,s,k,s,k,k,s,s,s,s,s,s,s,s,s,k,k,s,s,s,s,s,k
/scene,,,,,,,,,,,,,,,,,,,,,,,,,,,,,,,,,,,,,,,,,,,,,,,,,,,,,,,,,,,,,,,,,,,,,,,,,,,,,,,,,,,,,,,,,,,,,,,,,,,,,,,,,,,,,,,,,,,,,,,,,,,,,,,,,,,,,,,,,,,,,,,,,,,,,,,,,,,
scene,4_GERMANY,1200,prolong_when_ends,,,,,,,,,,,,,,,,,,,,,,,,,,,,,,,,,,,,,,,,,,,,,,,,,,,,,,,,,,,,,,,,,,,,,,,,,,,,,,,,,,,,,,,,,,,,,,,,,,,,,,,,,,,,,,,,,,,,,,,,,,,,,,,,,,,,,,,,,,,,,,,,,,,,,,,,
4_GERMANY,4_GERMANY,4_GERMANY,4_GERMANY,4_GERMANY,4_GERMANY,4_GERMANY,4_GERMANY,4_GERMANY,4_GERMANY,4_GERMANY,4_GERMANY,4_GERMANY,4_GERMANY,4_GERMANY,4_GERMANY,4_GERMANY,4_GERMANY,4_GERMANY,4_GERMANY,4_GERMANY,4_GERMANY,4_GERMANY,4_GERMANY,4_GERMANY,4_GERMANY,4_GERMANY,4_GERMANY,4_GERMANY,4_GERMANY,4_GERMANY,4_GERMANY,4_GERMANY,4_GERMANY,4_GERMANY,4_GERMANY,4_GERMANY,4_GERMANY,4_GERMANY,4_GERMANY,4_GERMANY,4_GERMANY,4_GERMANY,4_GERMANY,4_GERMANY,4_GERMANY,4_GERMANY,4_GERMANY,4_GERMANY,4_GERMANY,4_GERMANY,4_GERMANY,4_GERMANY,4_GERMANY,4_GERMANY,4_GERMANY,4_GERMANY,4_GERMANY,4_GERMANY,4_GERMANY,4_GERMANY,4_GERMANY,4_GERMANY,4_GERMANY,4_GERMANY,4_GERMANY,4_GERMANY,4_GERMANY,4_GERMANY,4_GERMANY,4_GERMANY,4_GERMANY,4_GERMANY,4_GERMANY,4_GERMANY,4_GERMANY,4_GERMANY,4_GERMANY,4_GERMANY,4_GERMANY,4_GERMANY,4_GERMANY,4_GERMANY,4_GERMANY,4_GERMANY,4_GERMANY,4_GERMANY,4_GERMANY,4_GERMANY,4_GERMANY,4_GERMANY,4_GERMANY,4_GERMANY,4_GERMANY,4_GERMANY,4_GERMANY,4_GERMANY,4_GERMANY,4_GERMANY,4_GERMANY,4_GERMANY,4_GERMANY,4_GERMANY,4_GERMANY,4_GERMANY,4_GERMANY,4_GERMANY,4_GERMANY,4_GERMANY,4_GERMANY,4_GERMANY,4_GERMANY,4_GERMANY,4_GERMANY,4_GERMANY,4_GERMANY,4_GERMANY,4_GERMANY,4_GERMANY,4_GERMANY,4_GERMANY,4_GERMANY,4_GERMANY,4_GERMANY,4_GERMANY,4_GERMANY,4_GERMANY,4_GERMANY,4_GERMANY,4_GERMANY,4_GERMANY,4_GERMANY,4_GERMANY,4_GERMANY,4_GERMANY,4_GERMANY,4_GERMANY,4_GERMANY,4_GERMANY,4_GERMANY,4_GERMANY,4_GERMANY,4_GERMANY,4_GERMANY,4_GERMANY,4_GERMANY,4_GERMANY,4_GERMANY,4_GERMANY,4_GERMANY,4_GERMANY,4_GERMANY,4_GERMANY,4_GERMANY,4_GERMANY,4_GERMANY
ID,auto_beat,clearAllLayers,clearLayer,reset_camera,camera_BG_subtr,mute_second_screen,invertAllLayers,take_snapshots,cursorSize,auto_beat_duration,master,CAMixingWeight,CAMixingWeight_pulse,trackMixingWeight_0,trackMixingWeight_0_pulse,trackMixingWeight_1,trackMixingWeight_1_pulse,CAMasterWeight,CAMasterWeight_pulse,trackMasterWeight_0,trackMasterWeight_0_pulse,trackMasterWeight_1,trackMasterWeight_1_pulse,echo,echo_pulse,echoNeg,echoNeg_pulse,CAdecay,CAdecay_pulse,trkDecay_0,trkDecay_0_pulse,trkDecay_1,trkDecay_1_pulse,pen_radius,pen_radius_pulse,pen_color,pen_color_pulse,pen_grey,pen_grey_pulse,pen_color_a,pen_color_a_pulse,pen_brush,pen_radius_replay,pen_radius_replay_pulse,pen_color_replay,pen_color_replay_pulse,currentDrawingTrack,currentVideoTrack,currentPhotoTrack,track_x_transl_0,track_x_transl_0_pulse,track_y_transl_0,track_y_transl_0_pulse,track_x_transl_1,track_x_transl_1_pulse,track_y_transl_1,track_y_transl_1_pulse,path_record_1,path_record_2,path_record_3,path_record_4,path_record_5,path_record_6,path_record_7,path_replay_trackNo_1,path_replay_trackNo_2,path_replay_trackNo_3,path_replay_trackNo_4,path_replay_trackNo_5,path_replay_trackNo_6,path_replay_trackNo_7,noiseScale,noiseScale_pulse,pixel_acc,pixel_acc_pulse,pixel_acc_shiftX,pixel_acc_shiftX_pulse,pixel_acc_shiftY,pixel_acc_shiftY_pulse,pixel_radius,pixel_radius_pulse,pixel_mode,repop_BG,repop_BG_pulse,repop_path,repop_path_pulse,repop_color,repop_color_pulse,repop_grey,repop_grey_pulse,cameraWB_R,cameraWB_B,cameraExposure,cameraGain,cameraBrightness,cameraSaturation,cameraContrast,cameraGamma,cameraCaptFreq,playing_movieNo,movieCaptFreq,photo_diaporama,photo_diaporama_fade,photo_diaporama_plateau,activeClipArts,playing_soundtrackNo,cameraThreshold,cameraThreshold_pulse,cameraWeight,cameraWeight_pulse,cameraSobel,cameraSobel_pulse,movieWeight,movieWeight_pulse,movieSobel,movieSobel_pulse,invertMovie,invertCamera,video_hue,video_hue_pulse,video_satur,video_satur_pulse,video_value,video_value_pulse,photoWeight,photoWeight_pulse,photo_hue,photo_hue_pulse,flashTrkBG_freq_1,flashPixel_freq,flashPixel_duration,flashCameraTrkLength,flashCameraTrkBright,flashCameraTrkBeat,beat_threshold,beat_delay,sound_volume,sound_min,pen_radius_pressure_coef,pen_radius_angleHor_coef,pen_radius_angleVer_coef,tracksSync,cameraCumul,CAstep,interfaceOnScreen,CAcolorSpread,freeze,sound_env_min,sound_env_max,audioInput_weight,soundtrack_weight,sensor_sample_setUp,sensor_layout,sensor_activation,sensor_vol
 ,0,0,0,0,1,0,0,0,3,1,1,0,0,0,0,0,0,0,0,0,0,0,0,0,0,0,0,0,-0.13,0.00208,0,0,0,1,0,0,0,1,0,1,0,0,1,0,0,0,0,1,1,0,0,0,0,0,0,0,0,0,0,0,1,0,0,0,-1,-1,-1,-1,-1,-1,-1,0.574899,0,0.001,0,0.5,0,0.5,0,0,0,0,0,0,0,0,0.5,0,1,0,-1,17,-5,0,-2.64123,0,42.80328,46.590118,2,-1,20,-1,0.2,10000,0,-1,0.22095,0,0,0,0,0,0,0,0,0,0,0,0,0,0.5,0,0,0,0,0,0,0,0,0,0,10,1,0,0.35,150,0,1,0,0,0,0,0,1,0,1,0,25,91,0,0,1,0,0,1
 ,0,0,0,0,1,0,0,0,3,1,1,0,0,0,0,0,0,0,0,0,0,0,0,0,0,0,0,0,-0.13,0.00208,0,0,0,1,0,0,0,1,0,1,0,0,1,0,0,0,0,1,1,0,0,0,0,0,0,0,0,0,0,0,1,0,0,0,-1,-1,-1,-1,-1,-1,-1,0.574899,0,0.001,0,0.5,0,0.5,0,0,0,0,0,0,0,0,0.5,0,1,0,-1,17,-5,0,-2.64123,0,42.80328,46.590118,2,-1,20,-1,0.2,10000,0,-1,0.22095,0,0,0,0,0,0,0,0,0,0,0,0,0,0.5,0,0,0,0,0,0,0,0,0,0,10,1,0,0.35,150,0,1,0,0,0,0,0,1,0,1,0,25,91,0,0,1,0,0,1
,k,s,s,s,s,s,s,s,s,s,s,s,s,s,s,s,s,s,s,s,s,s,s,s,s,s,s,s,s,s,s,s,s,s,s,s,s,s,s,s,s,s,k,s,s,s,s,s,s,s,s,s,s,s,s,s,s,s,s,s,s,s,s,s,s,s,s,s,s,s,s,s,s,s,s,s,s,s,s,s,s,s,s,s,s,s,s,s,s,s,s,s,s,s,s,s,s,s,s,s,s,s,s,s,s,s,s,s,s,s,s,s,s,s,s,s,s,s,s,s,s,s,s,s,s,s,s,s,s,s,s,s,s,s,k,s,k,k,s,s,s,s,s,s,s,s,s,k,k,s,s,s,s,s,k
/scene,,,,,,,,,,,,,,,,,,,,,,,,,,,,,,,,,,,,,,,,,,,,,,,,,,,,,,,,,,,,,,,,,,,,,,,,,,,,,,,,,,,,,,,,,,,,,,,,,,,,,,,,,,,,,,,,,,,,,,,,,,,,,,,,,,,,,,,,,,,,,,,,,,,,,,,,,,,
/scenario,,,,,,,,,,,,,,,,,,,,,,,,,,,,,,,,,,,,,,,,,,,,,,,,,,,,,,,,,,,,,,,,,,,,,,,,,,,,,,,,,,,,,,,,,,,,,,,,,,,,,,,,,,,,,,,,,,,,,,,,,,,,,,,,,,,,,,,,,,,,,,,,,,,,,,,,,,,
videos,0,,,,,,,,,,,,,,,,,,,,,,,,,,,,,,,,,,,,,,,,,,,,,,,,,,,,,,,,,,,,,,,,,,,,,,,,,,,,,,,,,,,,,,,,,,,,,,,,,,,,,,,,,,,,,,,,,,,,,,,,,,,,,,,,,,,,,,,,,,,,,,,,,,,,,,,,,,
/videos,,,,,,,,,,,,,,,,,,,,,,,,,,,,,,,,,,,,,,,,,,,,,,,,,,,,,,,,,,,,,,,,,,,,,,,,,,,,,,,,,,,,,,,,,,,,,,,,,,,,,,,,,,,,,,,,,,,,,,,,,,,,,,,,,,,,,,,,,,,,,,,,,,,,,,,,,,,
photos,0,,,,,,,,,,,,,,,,,,,,,,,,,,,,,,,,,,,,,,,,,,,,,,,,,,,,,,,,,,,,,,,,,,,,,,,,,,,,,,,,,,,,,,,,,,,,,,,,,,,,,,,,,,,,,,,,,,,,,,,,,,,,,,,,,,,,,,,,,,,,,,,,,,,,,,,,,,
/photos,,,,,,,,,,,,,,,,,,,,,,,,,,,,,,,,,,,,,,,,,,,,,,,,,,,,,,,,,,,,,,,,,,,,,,,,,,,,,,,,,,,,,,,,,,,,,,,,,,,,,,,,,,,,,,,,,,,,,,,,,,,,,,,,,,,,,,,,,,,,,,,,,,,,,,,,,,,
soundtracks,0,,,,,,,,,,,,,,,,,,,,,,,,,,,,,,,,,,,,,,,,,,,,,,,,,,,,,,,,,,,,,,,,,,,,,,,,,,,,,,,,,,,,,,,,,,,,,,,,,,,,,,,,,,,,,,,,,,,,,,,,,,,,,,,,,,,,,,,,,,,,,,,,,,,,,,,,,,
/soundtracks,,,,,,,,,,,,,,,,,,,,,,,,,,,,,,,,,,,,,,,,,,,,,,,,,,,,,,,,,,,,,,,,,,,,,,,,,,,,,,,,,,,,,,,,,,,,,,,,,,,,,,,,,,,,,,,,,,,,,,,,,,,,,,,,,,,,,,,,,,,,,,,,,,,,,,,,,,,
svg_paths,0,path_No,track_No,radius,color_r,color_g,color_b,readSpeedScale,,,,,,,,,,,,,,,,,,,,,,,,,,,,,,,,,,,,,,,,,,,,,,,,,,,,,,,,,,,,,,,,,,,,,,,,,,,,,,,,,,,,,,,,,,,,,,,,,,,,,,,,,,,,,,,,,,,,,,,,,,,,,,,,,,,,,,,,,,,,,,,,,,,
/svg_paths,,,,,,,,,,,,,,,,,,,,,,,,,,,,,,,,,,,,,,,,,,,,,,,,,,,,,,,,,,,,,,,,,,,,,,,,,,,,,,,,,,,,,,,,,,,,,,,,,,,,,,,,,,,,,,,,,,,,,,,,,,,,,,,,,,,,,,,,,,,,,,,,,,,,,,,,,,,
svg_clip_arts,0,nb_layers,scale,translation_x,translation_y,rotation,color,,,,,,,,,,,,,,,,,,,,,,,,,,,,,,,,,,,,,,,,,,,,,,,,,,,,,,,,,,,,,,,,,,,,,,,,,,,,,,,,,,,,,,,,,,,,,,,,,,,,,,,,,,,,,,,,,,,,,,,,,,,,,,,,,,,,,,,,,,,,,,,,,,,,
/svg_clip_arts,,,,,,,,,,,,,,,,,,,,,,,,,,,,,,,,,,,,,,,,,,,,,,,,,,,,,,,,,,,,,,,,,,,,,,,,,,,,,,,,,,,,,,,,,,,,,,,,,,,,,,,,,,,,,,,,,,,,,,,,,,,,,,,,,,,,,,,,,,,,,,,,,,,,,,,,,,,
textures,6,suffix,usage,rank,dimension,nb_3D_textures,size_x,size_y,nb_bytes_per_pixel,is_rectangle,invert,,,,,,,,,,,,,,,,,,,,,,,,,,,,,,,,,,,,,,,,,,,,,,,,,,,,,,,,,,,,,,,,,,,,,,,,,,,,,,,,,,,,,,,,,,,,,,,,,,,,,,,,,,,,,,,,,,,,,,,,,,,,,,,,,,,,,,,,,,,,,,,,
texture,master_mask_circ,.png,master_mask,1,2,1,1920,1080,4,true,false,,,,,,,,,,,,,,,,,,,,,,,,,,,,,,,,,,,,,,,,,,,,,,,,,,,,,,,,,,,,,,,,,,,,,,,,,,,,,,,,,,,,,,,,,,,,,,,,,,,,,,,,,,,,,,,,,,,,,,,,,,,,,,,,,,,,,,,,,,,,,,,,
texture,etoiles/incandescent,.png,mesh,1,2,1,1024,1024,4,true,false,,,,,,,,,,,,,,,,,,,,,,,,,,,,,,,,,,,,,,,,,,,,,,,,,,,,,,,,,,,,,,,,,,,,,,,,,,,,,,,,,,,,,,,,,,,,,,,,,,,,,,,,,,,,,,,,,,,,,,,,,,,,,,,,,,,,,,,,,,,,,,,,
texture,Noise_voluspa_3D,.png,noise,1,3,2,2048,1024,4,true,true,,,,,,,,,,,,,,,,,,,,,,,,,,,,,,,,,,,,,,,,,,,,,,,,,,,,,,,,,,,,,,,,,,,,,,,,,,,,,,,,,,,,,,,,,,,,,,,,,,,,,,,,,,,,,,,,,,,,,,,,,,,,,,,,,,,,,,,,,,,,,,,,
texture,brushes/Pen_demo_3D,.png,brush,1,3,3,2048,2048,4,true,true,,,,,,,,,,,,,,,,,,,,,,,,,,,,,,,,,,,,,,,,,,,,,,,,,,,,,,,,,,,,,,,,,,,,,,,,,,,,,,,,,,,,,,,,,,,,,,,,,,,,,,,,,,,,,,,,,,,,,,,,,,,,,,,,,,,,,,,,,,,,,,,,
texture,comet,.png,curve_particle,1,2,1,512,256,4,false,false,,,,,,,,,,,,,,,,,,,,,,,,,,,,,,,,,,,,,,,,,,,,,,,,,,,,,,,,,,,,,,,,,,,,,,,,,,,,,,,,,,,,,,,,,,,,,,,,,,,,,,,,,,,,,,,,,,,,,,,,,,,,,,,,,,,,,,,,,,,,,,,,
texture,blurredDisk,.png,splat_particle,1,2,1,256,256,4,false,false,,,,,,,,,,,,,,,,,,,,,,,,,,,,,,,,,,,,,,,,,,,,,,,,,,,,,,,,,,,,,,,,,,,,,,,,,,,,,,,,,,,,,,,,,,,,,,,,,,,,,,,,,,,,,,,,,,,,,,,,,,,,,,,,,,,,,,,,,,,,,,,,
/textures,,,,,,,,,,,,,,,,,,,,,,,,,,,,,,,,,,,,,,,,,,,,,,,,,,,,,,,,,,,,,,,,,,,,,,,,,,,,,,,,,,,,,,,,,,,,,,,,,,,,,,,,,,,,,,,,,,,,,,,,,,,,,,,,,,,,,,,,,,,,,,,,,,,,,,,,,,,
palette_colors,6,,,,,,,,,,,,,,,,,,,,,,,,,,,,,,,,,,,,,,,,,,,,,,,,,,,,,,,,,,,,,,,,,,,,,,,,,,,,,,,,,,,,,,,,,,,,,,,,,,,,,,,,,,,,,,,,,,,,,,,,,,,,,,,,,,,,,,,,,,,,,,,,,,,,,,,,,,
red,200,0,50,255,0,0,200,50,0,,,,,,,,,,,,,,,,,,,,,,,,,,,,,,,,,,,,,,,,,,,,,,,,,,,,,,,,,,,,,,,,,,,,,,,,,,,,,,,,,,,,,,,,,,,,,,,,,,,,,,,,,,,,,,,,,,,,,,,,,,,,,,,,,,,,,,,,,,,,,,,,,,
magenta,200,50,255,255,0,255,255,50,200,,,,,,,,,,,,,,,,,,,,,,,,,,,,,,,,,,,,,,,,,,,,,,,,,,,,,,,,,,,,,,,,,,,,,,,,,,,,,,,,,,,,,,,,,,,,,,,,,,,,,,,,,,,,,,,,,,,,,,,,,,,,,,,,,,,,,,,,,,,,,,,,,,
blue,0,50,200,0,0,255,50,0,200,,,,,,,,,,,,,,,,,,,,,,,,,,,,,,,,,,,,,,,,,,,,,,,,,,,,,,,,,,,,,,,,,,,,,,,,,,,,,,,,,,,,,,,,,,,,,,,,,,,,,,,,,,,,,,,,,,,,,,,,,,,,,,,,,,,,,,,,,,,,,,,,,,
cyan,50,200,255,0,255,255,50,255,200,,,,,,,,,,,,,,,,,,,,,,,,,,,,,,,,,,,,,,,,,,,,,,,,,,,,,,,,,,,,,,,,,,,,,,,,,,,,,,,,,,,,,,,,,,,,,,,,,,,,,,,,,,,,,,,,,,,,,,,,,,,,,,,,,,,,,,,,,,,,,,,,,,
green,50,200,0,0,255,0,0,200,50,,,,,,,,,,,,,,,,,,,,,,,,,,,,,,,,,,,,,,,,,,,,,,,,,,,,,,,,,,,,,,,,,,,,,,,,,,,,,,,,,,,,,,,,,,,,,,,,,,,,,,,,,,,,,,,,,,,,,,,,,,,,,,,,,,,,,,,,,,,,,,,,,,
yellow,200,255,50,255,255,0,255,200,50,,,,,,,,,,,,,,,,,,,,,,,,,,,,,,,,,,,,,,,,,,,,,,,,,,,,,,,,,,,,,,,,,,,,,,,,,,,,,,,,,,,,,,,,,,,,,,,,,,,,,,,,,,,,,,,,,,,,,,,,,,,,,,,,,,,,,,,,,,,,,,,,,,
/palette_colors,,,,,,,,,,,,,,,,,,,,,,,,,,,,,,,,,,,,,,,,,,,,,,,,,,,,,,,,,,,,,,,,,,,,,,,,,,,,,,,,,,,,,,,,,,,,,,,,,,,,,,,,,,,,,,,,,,,,,,,,,,,,,,,,,,,,,,,,,,,,,,,,,,,,,,,,,,,
color_presets,6,,,,,,,,,,,,,,,,,,,,,,,,,,,,,,,,,,,,,,,,,,,,,,,,,,,,,,,,,,,,,,,,,,,,,,,,,,,,,,,,,,,,,,,,,,,,,,,,,,,,,,,,,,,,,,,,,,,,,,,,,,,,,,,,,,,,,,,,,,,,,,,,,,,,,,,,,,
re,0,,,,,,,,,,,,,,,,,,,,,,,,,,,,,,,,,,,,,,,,,,,,,,,,,,,,,,,,,,,,,,,,,,,,,,,,,,,,,,,,,,,,,,,,,,,,,,,,,,,,,,,,,,,,,,,,,,,,,,,,,,,,,,,,,,,,,,,,,,,,,,,,,,,,,,,,,,
ma,0.1667,,,,,,,,,,,,,,,,,,,,,,,,,,,,,,,,,,,,,,,,,,,,,,,,,,,,,,,,,,,,,,,,,,,,,,,,,,,,,,,,,,,,,,,,,,,,,,,,,,,,,,,,,,,,,,,,,,,,,,,,,,,,,,,,,,,,,,,,,,,,,,,,,,,,,,,,,,
bl,0.3333,,,,,,,,,,,,,,,,,,,,,,,,,,,,,,,,,,,,,,,,,,,,,,,,,,,,,,,,,,,,,,,,,,,,,,,,,,,,,,,,,,,,,,,,,,,,,,,,,,,,,,,,,,,,,,,,,,,,,,,,,,,,,,,,,,,,,,,,,,,,,,,,,,,,,,,,,,
cy,0.5,,,,,,,,,,,,,,,,,,,,,,,,,,,,,,,,,,,,,,,,,,,,,,,,,,,,,,,,,,,,,,,,,,,,,,,,,,,,,,,,,,,,,,,,,,,,,,,,,,,,,,,,,,,,,,,,,,,,,,,,,,,,,,,,,,,,,,,,,,,,,,,,,,,,,,,,,,
gr,0.6667,,,,,,,,,,,,,,,,,,,,,,,,,,,,,,,,,,,,,,,,,,,,,,,,,,,,,,,,,,,,,,,,,,,,,,,,,,,,,,,,,,,,,,,,,,,,,,,,,,,,,,,,,,,,,,,,,,,,,,,,,,,,,,,,,,,,,,,,,,,,,,,,,,,,,,,,,,
ye,0.8333,,,,,,,,,,,,,,,,,,,,,,,,,,,,,,,,,,,,,,,,,,,,,,,,,,,,,,,,,,,,,,,,,,,,,,,,,,,,,,,,,,,,,,,,,,,,,,,,,,,,,,,,,,,,,,,,,,,,,,,,,,,,,,,,,,,,,,,,,,,,,,,,,,,,,,,,,,
/color_presets,,,,,,,,,,,,,,,,,,,,,,,,,,,,,,,,,,,,,,,,,,,,,,,,,,,,,,,,,,,,,,,,,,,,,,,,,,,,,,,,,,,,,,,,,,,,,,,,,,,,,,,,,,,,,,,,,,,,,,,,,,,,,,,,,,,,,,,,,,,,,,,,,,,,,,,,,,,
