RANK	0	1	2	3	4	5	6	7	8	9	10	11	12	13	14	15	16	17	18	19	20	21	22	23	24	25	26	27	28	29	30	31	32	33	34	35	36	37	38	39	40	41	42	43	44	45	46	47	48	49	50	51	52	53	54	55	56	57	58	59	60	61	62	63	64	65	66	67	68	69	70	71	72	73	74	75	76	77	78	79	80	81	82	83	84	85	86	87	88	89	90	91	92	93	94	95	96	97	98	99	100	101	102	103	104	105	106	107	108	109	110	111	112	113	114	115	116	117	118	119	120	121	122	123	124	125	126	127	128	129	130
VERBATIM	drawing stroke	brush ID	pen radius	palette for pen	palette for partic	Grey level for pen	Grey level for partic	A color	Blend Transparency	part mode	part acc	part noise scale	part noise line scale	part noise type	part noise angle scale	part noise center-x	part noise center-y	part acc center-x	part acc center-y	radius particle	repopuplating track0	repopuplating CA	CA type	CA subtype	clear CA	clear layer	clear all Layers	copy track 1<->2	invert	cursor size	echo	echo neg	color pulse (pen)	color pulse (repop)	pen radius pulse	partic radius pulse	part pulse	color pulse (hue)	color pulse replay	pen radius pulse replay	track1 Flash track0 freq	track2 Flash track0 freq	track3 Flash track0 freq	track0 Flash CA freq	track1 Flash CA freq	track2 Flash CA freq	track3 Flash CA freq	Flash back freq	Flash part freq	Flash part duration	camera flash length (in frames)	camera flash bright (in frames)	camera flash beat no	pen pressure coef	pen angleH coef	pen angleV coef	tracks sync on/off	current drawing track	current video track	current photo track	track0 decay sign	track 1 decay sign	track 2 decay sign	track 3 decay sign	track0 decay	track1 decay	track2 decay	track3 decay	CA weight	track0 weight	track1 weight	track2 weight	track3 weight	CA weight	track0 weight	track1 weight	track2 weight	track3 weight	path0 replay on/off	path1 replay on/off	path2 replay on/off	path3 replay on/off	path0 record on/off	path1 record on/off	path2 record on/off	path3 record on/off	auto_beat	beat duration	CA decay sign	CA decay	CA decay pulse	CAParams1	CAParams2	CAParams3	CAParams4	CAParams5	CAParams6	CAParams7	CAParams8	invert video	cumul video	video saturation pulse	camera threshold	camera gamma	camera exposure	camera gain	cameraBrightness	camera saturation	camera contrast	camera capture frequency	movie capture frequency	camera Weight	movie weight	Sobel camera	Sobel movie	movie no	BG Subtraction on/off	CA update step	interface mode shift	fast vs slow CA color spreading	sound volume	Min sound volume	beat threshold	beat min duration (ms)	freeze on/off	photo weight	photo diaporama index	photo diaporama fade dur	photo diaporama plateau dur	sound reset	current background capture
TYPE	int 	int 	float	float	float	float	float	float	float	int	float	float	float	int	float	float	float	float	float	float	float	float	int	int	bool	bool	bool	bool	bool	int	float	float	float	float	float	float	float	float	float	float	int	int	int	int	int	int	int	int	int	int	float	float	int	float	float	float	bool	int	int	int	sign	sign	sign	sign	float	float	float	float	float	float	float	float	float	float	float	float	float	float	path	path	path	path	path	path	path	path	bool	float	sign	float	float	float	float	float	float	float	float	float	float	bool	int	float	float	float	float	float	float	float	float	float	float	float	float	float	float	int	bool	int	bool	bool	float	float	float	float	bool	float	int	float	float	bool	bool
ID	currentDrawingStroke	brushID	pen_radius	pen_color	repop_color	local_color_greyPen	local_color_greyRepop	local_color_a	blendTransp	particleMode	part_acc_factor	noiseScale	noiseLineScale	noiseType	noiseAngleScale	noiseCenter_0	noiseCenter_1	partAccCenter_0	partAccCenter_1	partic_radius	repopulatingBG	repopulatingCA	CAType	CASubType	clearCA	clearLayer	clearAllLayers	copyTrack12	invertAllLayers	cursorSize	echo	echoNeg	pen_color_pulse	repop_color_pulse	pen_radius_pulse	partic_radius_pulse	part_acc_pulse	repop_hue_pulse	pen_color_replay_pulse	pen_radius_replay_pulse	flashTrack0_freq_1	flashTrack0_freq_2	flashTrack0_freq_3	flashCA_freq_0	flashCA_freq_1	flashCA_freq_2	flashCA_freq_3	flashBack_freq	flashPart_freq	flashPart_duration	flashCameraLength	flashCameraBright	flashCameraBeat	pen_radius_pressure_coef	pen_radius_angleHor_coef	pen_radius_angleVer_coef	tracksSync	currentDrawingTrack	currentVideoTrack	currentPhotoTrack	trackdecay_sign_0	trackdecay_sign_1	trackdecay_sign_2	trackdecay_sign_3	trackdecay_0	trackdecay_1	trackdecay_2	trackdecay_3	CACompositionWeight	trackCompositionWeight_0	trackCompositionWeight_1	trackCompositionWeight_2	trackCompositionWeight_3	CAFinalWeight	trackFinalWeight_0	trackFinalWeight_1	trackFinalWeight_2	trackFinalWeight_3	path_replay_0	path_replay_1	path_replay_2	path_replay_3	path_record_0	path_record_1	path_record_2	path_record_3	auto_beat	auto_beat_duration	CAdecay_sign	CAdecay	CAdecay_pulse	CAParams1	CAParams2	CAParams3	CAParams4	CAParams5	CAParams6	CAParams7	CAParams8	invertMovie	cameraCumul	video_satur_pulse	cameraThreshold	cameraGamma	cameraExposure	cameraGain	cameraBrightness	cameraSaturation	cameraContrast	cameraCaptFreq	movieCaptFreq	cameraWeight	movieWeight	cameraSobel	movieSobel	playing_movieNo	BGSubtr	CAstep	interfaceMode	CAcolorSpread	sound_volume	sound_min	beat_threshold	beat_delay	freeze	photoWeight	photo_diaporama	photo_diaporama_fade	photo_diaporama_plateau	reset_sound	currentBGCapture
FUNCTION	currentDrawingStroke_callBack	brushID_callBack	NULL	NULL	NULL	NULL	NULL	NULL	NULL	NULL	NULL	NULL	NULL	NULL	NULL	NULL	NULL	partAccCenter_0_callBack	partAccCenter_1_callBack	NULL	NULL	NULL	NULL	NULL	clearCA_callBack	clearLayer_callBack	clearAllLayers_callBack	copyTrack12_callBack	NULL	NULL	NULL	NULL	NULL	NULL	NULL	NULL	NULL	NULL	NULL	NULL	NULL	NULL	NULL	NULL	NULL	NULL	NULL	NULL	NULL	NULL	flashCameraLength_callBack	NULL	NULL	NULL	NULL	NULL	NULL	NULL	NULL	NULL	NULL	NULL	NULL	NULL	NULL	NULL	NULL	NULL	NULL	NULL	NULL	NULL	NULL	NULL	NULL	NULL	NULL	NULL	path_replay_0_callBack	path_replay_1_callBack	path_replay_2_callBack	path_replay_3_callBack	path_record_0_callBack	path_record_1_callBack	path_record_2_callBack	path_record_3_callBack	NULL	NULL	NULL	NULL	NULL	NULL	NULL	NULL	NULL	NULL	NULL	NULL	NULL	NULL	NULL	NULL	NULL	NULL	cameraExposure_callBack	cameraGain_callBack	cameraBrightness_callBack	cameraSaturation_callBack	cameraContrast_callBack	NULL	NULL	NULL	NULL	NULL	NULL	playing_movieNo_callBack	NULL	NULL	NULL	NULL	NULL	NULL	NULL	NULL	NULL	NULL	photo_diaporama_callBack	NULL	NULL	reset_sound_callBack	NULL
GUI	NULL	brushID_can	NULL	pen_color_can	repop_color_can	local_color_greyPen_can	local_color_greyRepop_can	NULL	NULL	particleMode_can	part_acc_factor_can	noiseScale_can	noiseLineScale_can	noiseType_can	noiseAngleScale_can	noiseCenter_0_can	noiseCenter_1_can	NULL	NULL	partic_radius_can	repopulatingBG_can	repopulatingCA_can	CAType_can	CASubType_can	NULL	NULL	NULL	NULL	invertAllLayers_can	NULL	echo_can	echoNeg_can	pen_color_pulse_can	repop_color_pulse_can	pen_radius_pulse_can	partic_radius_pulse_can	part_acc_pulse_can	repop_hue_pulse_can	NULL	NULL	flashTrack0_freq_can 1	flashTrack0_freq_can 2	flashTrack0_freq_can 3	flashCA_freq_can 0	flashCA_freq_can 1	flashCA_freq_can 2	flashCA_freq_can 3	flashBack_freq_can	flashPart_freq_can	flashPart_duration_can	NULL	NULL	NULL	pen_radius_pressure_coef_can	NULL	NULL	NULL	currentDrawingTrack_can	currentVideoTrack_can	currentPhotoTrack_can	trackdecay_sign_can 0	trackdecay_sign_can 1	trackdecay_sign_can 2	trackdecay_sign_can 3	trackdecay_can 0	trackdecay_can 1	trackdecay_can 2	trackdecay_can 3	CACompositionWeight_can	trackCompositionWeight_can 0	trackCompositionWeight_can 1	trackCompositionWeight_can 2	trackCompositionWeight_can 3	CAFinalWeight_can	trackFinalWeight_can 0	trackFinalWeight_can 1	trackFinalWeight_can 2	trackFinalWeight_can 3	path_replay_can 0	path_replay_can 1	path_replay_can 2	path_replay_can 3	path_record_can 0	path_record_can 1	path_record_can 2	path_record_can 3	auto_beat_can	auto_beat_duration_can	CAdecay_sign_can	CAdecay_can	CAdecay_pulse_can	CAParams1_can	CAParams2_can	CAParams3_can	CAParams4_can	CAParams5_can	CAParams6_can	CAParams7_can	CAParams8_can	invertMovie_can	cameraCumul_can	video_satur_pulse_can	cameraThreshold_can	cameraGamma_can	cameraExposure_can	cameraGain_can	cameraBrightness_can	cameraSaturation_can	cameraContrast_can	cameraCaptFreq_can	movieCaptFreq_can	cameraWeight_can	movieWeight_can	cameraSobel_can	movieSobel_can	playing_movieNo_can	BGSubtr_can	CAstep_can	interfaceMode_can	CAcolorSpread_can	sound_volume_can	sound_min_can	beat_threshold_can	beat_delay_can	freeze_can	photoWeight_can	photo_diaporama_can	NULL	NULL	NULL	NULL
SHADER	*	*	*	*	*	*	*	*	Final_fs	Drawing_fs	*	Drawing_fs	Drawing_fs	Drawing_fs	Drawing_fs	Drawing_fs	Drawing_fs	Drawing_fs	Drawing_fs	*	Drawing_fs	Drawing_fs	Drawing_fs	Drawing_fs	*	*	*	*	Final_fs	Final_fs	Composition_fs	Composition_fs	*	*	*	*	NULL	*	*	*	*	*	*	*	*	*	*	*	*	*	*	*	*	*	*	*	*	Drawing_fs	Drawing_fs	Drawing_fs	*	*	*	*	*	*	*	*	Composition_fs	Composition_fs	Composition_fs	Composition_fs	Composition_fs	Final_fs	Final_fs	Final_fs	Final_fs	Final_fs	Drawing_fs	Drawing_fs	Drawing_fs	Drawing_fs	*	*	*	*	*	*	*	*	Drawing_fs	Drawing_fs	Drawing_fs	Drawing_fs	Drawing_fs	Drawing_fs	Drawing_fs	Drawing_fs	Drawing_fs	Drawing_fs	Drawing_fs	Drawing_fs	Camera_fs	Camera_fs	*	*	*	*	*	*	*	Drawing_fs	Drawing_fs	Drawing_fs	Drawing_fs	*	Camera_fs	Drawing_fs	*	Drawing_fs	*	*	*	*	Drawing_fs	*	*	*	*	*	*
CHAR-	*	&	r	o	o	B	B	*	*	*	a	*	*	*	*	*	*	*	*	*	*	*	H	h	*	*	c	*	I	*	?	*	*	*	k	*	*	*	*	*	*	*	*	*	*	*	*	*	*	p	*	*	*	*	*	*	:	*	*	*	*	*	*	*	d	*	*	*	*	*	*	*	*	*	*	*	*	*	1	2	3	3	7	8	9	9	*	*	*	i	i	*	*	*	*	*	*	*	*	I	I	*	*	*	*	*	*	*	*	*	*	*	*	*	*	*	*	*	*	*	*	*	*	*	*	*	*	*	*	*	*
CHAR+	l	m	R	O	O	z	z	*	*	P	A	$	$	P	$	*	*	*	*	*	*	*	G	g	*	*	*	*	*	*	!	*	*	*	K	*	*	*	*	*	*	*	*	*	*	*	*	*	*	Q	*	*	*	*	*	*	*	0	0	0	*	*	*	*	D	*	*	*	*	*	*	*	*	*	*	*	*	*	*	*	*	*	*	*	*	*	*	*	*	I	I	*	*	*	*	*	*	*	*	*	*	*	*	*	*	*	*	*	*	*	*	*	*	*	*	*	*	*	*	*	*	*	*	*	*	*	*	*	*	*	*
STEP-	-1	-1	-1	-0.1	-0.1	-1	-1	0	-1	-1	-0.1	-1	-1	-1	-1	-0.1	-0.1	-0.1	-0.1	-0.1	-1	-1	-1	-1	0	0	0	0	0	-1	-0.1	-0.1	-1	-1	-1	-1	-1	-1	-1	-1	-1	-1	-1	-1	-1	-1	-1	-1	-1	-1	-1	-1	-1	-1	-1	-1	0	-1	-1	-1	-1	-1	-1	-1	-0.001	-0.001	-0.001	-0.001	-1	-1	-1	-1	-1	-1	-1	-1	-1	-1	0	0	0	0	0	0	0	0	0	-0.1	-1	-0.001	-0.001	-0.1	-0.1	-0.1	-0.1	-0.1	-0.1	-0.1	-0.1	0	0	-0.1	-0.1	-0.1	-1	-1	-1	-1	-1	-1	-1	-0.1	-0.1	0	0	-1	0	-1	0	0	-0.1	-0.1	-0.1	-0.1	0	-0.1	-1	-1	-1	0	0
STEP+	1	1	1	0.1	0.1	1	1	1	1	1	0.1	1	1	1	1	0.1	0.1	0.1	0.1	0.1	1	1	1	1	0	0	0	0	0	1	0.1	0.1	1	1	1	1	1	1	1	1	1	1	1	1	1	1	1	1	1	1	1	1	1	1	1	1	1	1	1	1	1	1	1	1	0.001	0.001	0.001	0.001	1	1	1	1	1	1	1	1	1	1	1	1	1	1	1	1	1	1	1	0.1	1	0.001	0.001	0.1	0.1	0.1	0.1	0.1	0.1	0.1	0.1	0	0	0.1	0.1	0.1	1	1	1	1	1	1	1	0.1	0.1	0	0	1	0	1	0	0	0.1	0.1	0.1	0.1	0	0.1	1	1	1	0	0
MIN_OR_EQUAL	0	0	0	-9999	-9999	0	0	0	-9999	0	-9999	0	0	0	0	-9999	-9999	-9999	-9999	0	0	0	0	0	0	0	0	0	0	0	0	0	0	0	-9999	0	0	0	0	0	-9999	-9999	-9999	-9999	-9999	-9999	-9999	-9999	-9999	0	-13	-13	-1	-9999	-9999	-9999	0	0	0	0	-1	-1	-1	-1	-9999	-9999	-9999	-9999	0	0	0	0	0	0	0	0	0	0	0	0	0	0	0	0	0	0	0	0	-1	-9999	-9999	0	0	0	0	0	0	0	0	0	0	0	0	0	0	0	0	0	0	1	1	0	0	0	0	1	0	1	0	0	0	0	0	0	0	0	-1	-1	-1	0	0
MAX_OR_EQUAL	2	7	9999	9999	9999	1	1	1	9999	2	9999	7	7	1	7	9999	9999	9999	9999	1	10	10	9	42	1	1	1	1	1	10	1	1	9999	9999	9999	9999	9999	9999	9999	9999	9999	9999	9999	9999	9999	9999	9999	9999	9999	30	-1	-1	7	9999	9999	9999	1	2	2	2	1	1	1	1	9999	9999	9999	9999	1	1	1	1	1	1	1	1	1	1	1	1	1	1	1	1	1	1	1	1	1	9999	9999	1	1	1	1	1	1	1	1	1	1	1	1	1	128	128	128	128	128	1000	1000	1	1	1	1	10	1	100	1	1	1	1	1	1	1	1	10	10000	10	1	1
initial_values																							change	basic																																																																																																											
	0	0	3	3	3	1	1	1	1	1	0.01	0.04	0.5	0	0.5	1.7	1.7	0.5	0.5	0	0	0	3	3	0	0	0	0	0	3	0	0	3	3	0	0.2	3	0	0	0	0	0	0	0	0	0	0	0	0	0	10	1	9	0	0	0	0	1	3	2	1	1	1	1	0	0	0	0	1	1	1	1	1	0	0	0	0	0	0	0	0	0	0	0	0	0	0	0.5	1	0	0	0.755	0.598	0.598	0.606	0.669	0.464	0.236	0	0	0	0	0.28	1	-5	0	120	0	120	0	20	0	0	0	0	0	1	1	0	1	1	0	0.6	100	0	0	-1	2	10000	1	1
/initial_values																																																																																																																																			
scenario	13																																																																																																																																		
scene	le_cafe_du_port	275	prolong_when_ends																																																																																																																																
le_cafe_du_port	le_cafe_du_port	le_cafe_du_port	le_cafe_du_port	le_cafe_du_port	le_cafe_du_port	le_cafe_du_port	le_cafe_du_port	le_cafe_du_port	le_cafe_du_port	le_cafe_du_port	le_cafe_du_port	le_cafe_du_port	le_cafe_du_port	le_cafe_du_port	le_cafe_du_port	le_cafe_du_port	le_cafe_du_port	le_cafe_du_port	le_cafe_du_port	le_cafe_du_port	le_cafe_du_port	le_cafe_du_port	le_cafe_du_port	le_cafe_du_port	le_cafe_du_port	le_cafe_du_port	le_cafe_du_port	le_cafe_du_port	le_cafe_du_port	le_cafe_du_port	le_cafe_du_port	le_cafe_du_port	le_cafe_du_port	le_cafe_du_port	le_cafe_du_port	le_cafe_du_port	le_cafe_du_port	le_cafe_du_port	le_cafe_du_port	le_cafe_du_port	le_cafe_du_port	le_cafe_du_port	le_cafe_du_port	le_cafe_du_port	le_cafe_du_port	le_cafe_du_port	le_cafe_du_port	le_cafe_du_port	le_cafe_du_port	le_cafe_du_port	le_cafe_du_port	le_cafe_du_port	le_cafe_du_port	le_cafe_du_port	le_cafe_du_port	le_cafe_du_port	le_cafe_du_port	le_cafe_du_port	le_cafe_du_port	le_cafe_du_port	le_cafe_du_port	le_cafe_du_port	le_cafe_du_port	le_cafe_du_port	le_cafe_du_port	le_cafe_du_port	le_cafe_du_port	le_cafe_du_port	le_cafe_du_port	le_cafe_du_port	le_cafe_du_port	le_cafe_du_port	le_cafe_du_port	le_cafe_du_port	le_cafe_du_port	le_cafe_du_port	le_cafe_du_port	le_cafe_du_port	le_cafe_du_port	le_cafe_du_port	le_cafe_du_port	le_cafe_du_port	le_cafe_du_port	le_cafe_du_port	le_cafe_du_port	le_cafe_du_port	le_cafe_du_port	le_cafe_du_port	le_cafe_du_port	le_cafe_du_port	le_cafe_du_port	le_cafe_du_port	le_cafe_du_port	le_cafe_du_port	le_cafe_du_port	le_cafe_du_port	le_cafe_du_port	le_cafe_du_port	le_cafe_du_port	le_cafe_du_port	le_cafe_du_port	le_cafe_du_port	le_cafe_du_port	le_cafe_du_port	le_cafe_du_port	le_cafe_du_port	le_cafe_du_port	le_cafe_du_port	le_cafe_du_port	le_cafe_du_port	le_cafe_du_port	le_cafe_du_port	le_cafe_du_port	le_cafe_du_port	le_cafe_du_port	le_cafe_du_port	le_cafe_du_port	le_cafe_du_port	le_cafe_du_port	le_cafe_du_port	le_cafe_du_port	le_cafe_du_port	le_cafe_du_port	le_cafe_du_port	le_cafe_du_port	le_cafe_du_port	le_cafe_du_port	le_cafe_du_port	le_cafe_du_port	le_cafe_du_port	le_cafe_du_port
ID	currentDrawingStroke	brushID	pen_radius	pen_color	repop_color	local_color_greyPen	local_color_greyRepop	local_color_a	blendTransp	particleMode	part_acc_factor	noiseScale	noiseLineScale	noiseType	noiseAngleScale	noiseCenter_0	noiseCenter_1	partAccCenter_0	partAccCenter_1	partic_radius	repopulatingBG	repopulatingCA	CAType	CASubType	clearCA	clearLayer	clearAllLayers	copyTrack12	invertAllLayers	cursorSize	echo	echoNeg	pen_color_pulse	repop_color_pulse	pen_radius_pulse	partic_radius_pulse	part_acc_pulse	repop_hue_pulse	pen_color_replay_pulse	pen_radius_replay_pulse	flashTrack0_freq_1	flashTrack0_freq_2	flashTrack0_freq_3	flashCA_freq_0	flashCA_freq_1	flashCA_freq_2	flashCA_freq_3	flashBack_freq	flashPart_freq	flashPart_duration	flashCameraLength	flashCameraBright	flashCameraBeat	pen_radius_pressure_coef	pen_radius_angleHor_coef	pen_radius_angleVer_coef	tracksSync	currentDrawingTrack	currentVideoTrack	currentPhotoTrack	trackdecay_sign_0	trackdecay_sign_1	trackdecay_sign_2	trackdecay_sign_3	trackdecay_0	trackdecay_1	trackdecay_2	trackdecay_3	CACompositionWeight	trackCompositionWeight_0	trackCompositionWeight_1	trackCompositionWeight_2	trackCompositionWeight_3	CAFinalWeight	trackFinalWeight_0	trackFinalWeight_1	trackFinalWeight_2	trackFinalWeight_3	path_replay_0	path_replay_1	path_replay_2	path_replay_3	path_record_0	path_record_1	path_record_2	path_record_3	auto_beat	auto_beat_duration	CAdecay_sign	CAdecay	CAdecay_pulse	CAParams1	CAParams2	CAParams3	CAParams4	CAParams5	CAParams6	CAParams7	CAParams8	invertMovie	cameraCumul	video_satur_pulse	cameraThreshold	cameraGamma	cameraExposure	cameraGain	cameraBrightness	cameraSaturation	cameraContrast	cameraCaptFreq	movieCaptFreq	cameraWeight	movieWeight	cameraSobel	movieSobel	playing_movieNo	BGSubtr	CAstep	interfaceMode	CAcolorSpread	sound_volume	sound_min	beat_threshold	beat_delay	freeze	photo weight	photo_diaporama	photo_diaporama_fade	photo_diaporama_plateau	reset_sound	currentBGCapture
	0	0	1	6.22857	6.17286	0	0	1	1	1	0.01	0.04	0.5	3	0.511658	1.7	1.7	0.5	0.5	0	0	0	0	1	0	0	1	0	0	3	0	0	3	3	0	0.283469	0.3	0	0	0	0	0	0	0	0	0	0	0	0	0	10	1	9	6	0	0	0	1	3	2	1	1	1	1	0.001339	0	0	0.001	0	0	1	0	0	0	0	0	0	0	0	0	0	0	0	0	0	0	0	0.5	1	0.015755	0	0.755	0.598	0.598	0.606	0.669	0.464	0.236	0	0	2	1	0.175	1	-5	0	20	100	100	3	20	0	0	0	0	3	1	1	0	1	1	0	0.070816	496.122009	0	0	-1	2	12	1	0
	0	0	1	6.22857	6.17286	0	0	1	1	1	0.01	0.04	0.5	3	0.511658	1.7	1.7	0.5	0.5	0	0	0	0	1	0	0	1	0	0	3	0	0	3	3	0	0.283469	0.3	0	0	0	0	0	0	0	0	0	0	0	0	0	10	1	9	6	0	0	0	1	3	2	1	1	1	1	0.001339	0	0	0.001	0	0	1	0	0	0	0	0	0	0	0	0	0	0	0	0	0	0	0	0.5	1	0.015755	0	0.755	0.598	0.598	0.606	0.669	0.464	0.236	0	0	2	1	0.175	1	-5	0	20	100	100	3	20	0	0	0	0	3	1	1	0	1	1	0	0.070816	496.122009	0	0	-1	2	12	1	0
	s	s	s	s	s	s	s	s	k	s	s	s	s	s	s	s	s	s	s	s	s	s	s	s	s	s	s	s	s	s	s	s	s	s	s	s	s	s	s	s	s	s	s	s	s	s	s	s	s	s	s	s	s	s	s	s	s	s	s	s	s	s	s	s	s	s	s	s	s	s	s	s	s	s	s	s	s	s	s	s	s	s	s	s	s	s	s	s	s	s	l	s	s	s	s	s	s	s	s	s	s	s	s	s	s	s	s	s	s	s	s	s	s	s	s	s	s	s	s	s	s	s	s	s	s	s	s	s	s	s	s
/scene																																																																																																																																			
scene	dia_nous_sommes_marins	176	prolong_when_ends																																																																																																																																
dia_nous_sommes_marins	dia_nous_sommes_marins	dia_nous_sommes_marins	dia_nous_sommes_marins	dia_nous_sommes_marins	dia_nous_sommes_marins	dia_nous_sommes_marins	dia_nous_sommes_marins	dia_nous_sommes_marins	dia_nous_sommes_marins	dia_nous_sommes_marins	dia_nous_sommes_marins	dia_nous_sommes_marins	dia_nous_sommes_marins	dia_nous_sommes_marins	dia_nous_sommes_marins	dia_nous_sommes_marins	dia_nous_sommes_marins	dia_nous_sommes_marins	dia_nous_sommes_marins	dia_nous_sommes_marins	dia_nous_sommes_marins	dia_nous_sommes_marins	dia_nous_sommes_marins	dia_nous_sommes_marins	dia_nous_sommes_marins	dia_nous_sommes_marins	dia_nous_sommes_marins	dia_nous_sommes_marins	dia_nous_sommes_marins	dia_nous_sommes_marins	dia_nous_sommes_marins	dia_nous_sommes_marins	dia_nous_sommes_marins	dia_nous_sommes_marins	dia_nous_sommes_marins	dia_nous_sommes_marins	dia_nous_sommes_marins	dia_nous_sommes_marins	dia_nous_sommes_marins	dia_nous_sommes_marins	dia_nous_sommes_marins	dia_nous_sommes_marins	dia_nous_sommes_marins	dia_nous_sommes_marins	dia_nous_sommes_marins	dia_nous_sommes_marins	dia_nous_sommes_marins	dia_nous_sommes_marins	dia_nous_sommes_marins	dia_nous_sommes_marins	dia_nous_sommes_marins	dia_nous_sommes_marins	dia_nous_sommes_marins	dia_nous_sommes_marins	dia_nous_sommes_marins	dia_nous_sommes_marins	dia_nous_sommes_marins	dia_nous_sommes_marins	dia_nous_sommes_marins	dia_nous_sommes_marins	dia_nous_sommes_marins	dia_nous_sommes_marins	dia_nous_sommes_marins	dia_nous_sommes_marins	dia_nous_sommes_marins	dia_nous_sommes_marins	dia_nous_sommes_marins	dia_nous_sommes_marins	dia_nous_sommes_marins	dia_nous_sommes_marins	dia_nous_sommes_marins	dia_nous_sommes_marins	dia_nous_sommes_marins	dia_nous_sommes_marins	dia_nous_sommes_marins	dia_nous_sommes_marins	dia_nous_sommes_marins	dia_nous_sommes_marins	dia_nous_sommes_marins	dia_nous_sommes_marins	dia_nous_sommes_marins	dia_nous_sommes_marins	dia_nous_sommes_marins	dia_nous_sommes_marins	dia_nous_sommes_marins	dia_nous_sommes_marins	dia_nous_sommes_marins	dia_nous_sommes_marins	dia_nous_sommes_marins	dia_nous_sommes_marins	dia_nous_sommes_marins	dia_nous_sommes_marins	dia_nous_sommes_marins	dia_nous_sommes_marins	dia_nous_sommes_marins	dia_nous_sommes_marins	dia_nous_sommes_marins	dia_nous_sommes_marins	dia_nous_sommes_marins	dia_nous_sommes_marins	dia_nous_sommes_marins	dia_nous_sommes_marins	dia_nous_sommes_marins	dia_nous_sommes_marins	dia_nous_sommes_marins	dia_nous_sommes_marins	dia_nous_sommes_marins	dia_nous_sommes_marins	dia_nous_sommes_marins	dia_nous_sommes_marins	dia_nous_sommes_marins	dia_nous_sommes_marins	dia_nous_sommes_marins	dia_nous_sommes_marins	dia_nous_sommes_marins	dia_nous_sommes_marins	dia_nous_sommes_marins	dia_nous_sommes_marins	dia_nous_sommes_marins	dia_nous_sommes_marins	dia_nous_sommes_marins	dia_nous_sommes_marins	dia_nous_sommes_marins	dia_nous_sommes_marins	dia_nous_sommes_marins	dia_nous_sommes_marins	dia_nous_sommes_marins	dia_nous_sommes_marins	dia_nous_sommes_marins	dia_nous_sommes_marins	dia_nous_sommes_marins
ID	currentDrawingStroke	brushID	pen_radius	pen_color	repop_color	local_color_greyPen	local_color_greyRepop	local_color_a	blendTransp	particleMode	part_acc_factor	noiseScale	noiseLineScale	noiseType	noiseAngleScale	noiseCenter_0	noiseCenter_1	partAccCenter_0	partAccCenter_1	partic_radius	repopulatingBG	repopulatingCA	CAType	CASubType	clearCA	clearLayer	clearAllLayers	copyTrack12	invertAllLayers	cursorSize	echo	echoNeg	pen_color_pulse	repop_color_pulse	pen_radius_pulse	partic_radius_pulse	part_acc_pulse	repop_hue_pulse	pen_color_replay_pulse	pen_radius_replay_pulse	flashTrack0_freq_1	flashTrack0_freq_2	flashTrack0_freq_3	flashCA_freq_0	flashCA_freq_1	flashCA_freq_2	flashCA_freq_3	flashBack_freq	flashPart_freq	flashPart_duration	flashCameraLength	flashCameraBright	flashCameraBeat	pen_radius_pressure_coef	pen_radius_angleHor_coef	pen_radius_angleVer_coef	tracksSync	currentDrawingTrack	currentVideoTrack	currentPhotoTrack	trackdecay_sign_0	trackdecay_sign_1	trackdecay_sign_2	trackdecay_sign_3	trackdecay_0	trackdecay_1	trackdecay_2	trackdecay_3	CACompositionWeight	trackCompositionWeight_0	trackCompositionWeight_1	trackCompositionWeight_2	trackCompositionWeight_3	CAFinalWeight	trackFinalWeight_0	trackFinalWeight_1	trackFinalWeight_2	trackFinalWeight_3	path_replay_0	path_replay_1	path_replay_2	path_replay_3	path_record_0	path_record_1	path_record_2	path_record_3	auto_beat	auto_beat_duration	CAdecay_sign	CAdecay	CAdecay_pulse	CAParams1	CAParams2	CAParams3	CAParams4	CAParams5	CAParams6	CAParams7	CAParams8	invertMovie	cameraCumul	video_satur_pulse	cameraThreshold	cameraGamma	cameraExposure	cameraGain	cameraBrightness	cameraSaturation	cameraContrast	cameraCaptFreq	movieCaptFreq	cameraWeight	movieWeight	cameraSobel	movieSobel	playing_movieNo	BGSubtr	CAstep	interfaceMode	CAcolorSpread	sound_volume	sound_min	beat_threshold	beat_delay	freeze	photo weight	photo_diaporama	photo_diaporama_fade	photo_diaporama_plateau	reset_sound	currentBGCapture
	0	0	1	6.22857	6.17286	0	0	1	1	1	0.01	0.04	0.5	3	0.511658	1.7	1.7	0.5	0.5	0	0	0	0	0	0	0	1	0	0	3	0	0	3	3	0	0.283469	0.3	0	0	0	0	0	0	0	0	0	0	0	0	0	10	1	9	0	0	0	0	1	3	2	1	1	1	1	0.001339	0	0	0.001	0	0	0	1	0	0	0	0	0	0	0	0	0	0	0	0	0	0	0	0.5	1	0.015755	0	0.755	0.598	0.598	0.606	0.669	0.464	0.236	0	0	2	1	0.175	1	-5	0	20	100	100	3	0	0	0	0	0	0	1	1	0	1	1	0	0.070816	496.122009	0	1	0	2	12	1	1
	0	0	1	6.22857	6.17286	0	0	1	1	1	0.01	0.04	0.5	3	0.511658	1.7	1.7	0.5	0.5	0	0	0	0	0	0	0	1	0	0	3	0	0	3	3	0	0.283469	0.3	0	0	0	0	0	0	0	0	0	0	0	0	0	10	1	9	0	0	0	0	1	3	2	1	1	1	1	0.001339	0	0	0.001	0	0	0	1	0	0	0	0	0	0	0	0	0	0	0	0	0	0	0	0.5	1	0.015755	0	0.755	0.598	0.598	0.606	0.669	0.464	0.236	0	0	2	1	0.175	1	-5	0	20	100	100	3	0	0	0	0	0	0	1	1	0	1	1	0	0.070816	496.122009	0	1	0	2	12	1	1
	s	s	s	s	s	s	s	s	k	s	s	s	s	s	s	s	s	s	s	s	s	s	s	s	s	s	s	s	s	s	s	s	s	s	s	s	s	s	s	s	s	s	s	s	s	s	s	s	s	s	s	s	s	s	s	s	s	s	s	s	s	s	s	s	s	s	s	s	s	s	s	s	s	s	s	s	s	s	s	s	s	s	s	s	s	s	s	s	s	s	l	s	s	s	s	s	s	s	s	s	s	s	s	s	s	s	s	s	s	k	s	s	s	s	s	s	s	s	s	s	k	k	s	s	s	s	s	s	s	s	k
/scene																																																																																																																																			
scene	dia_encore_et_hop	162	prolong_when_ends																																																																																																																																
dia_encore_et_hop	dia_encore_et_hop	dia_encore_et_hop	dia_encore_et_hop	dia_encore_et_hop	dia_encore_et_hop	dia_encore_et_hop	dia_encore_et_hop	dia_encore_et_hop	dia_encore_et_hop	dia_encore_et_hop	dia_encore_et_hop	dia_encore_et_hop	dia_encore_et_hop	dia_encore_et_hop	dia_encore_et_hop	dia_encore_et_hop	dia_encore_et_hop	dia_encore_et_hop	dia_encore_et_hop	dia_encore_et_hop	dia_encore_et_hop	dia_encore_et_hop	dia_encore_et_hop	dia_encore_et_hop	dia_encore_et_hop	dia_encore_et_hop	dia_encore_et_hop	dia_encore_et_hop	dia_encore_et_hop	dia_encore_et_hop	dia_encore_et_hop	dia_encore_et_hop	dia_encore_et_hop	dia_encore_et_hop	dia_encore_et_hop	dia_encore_et_hop	dia_encore_et_hop	dia_encore_et_hop	dia_encore_et_hop	dia_encore_et_hop	dia_encore_et_hop	dia_encore_et_hop	dia_encore_et_hop	dia_encore_et_hop	dia_encore_et_hop	dia_encore_et_hop	dia_encore_et_hop	dia_encore_et_hop	dia_encore_et_hop	dia_encore_et_hop	dia_encore_et_hop	dia_encore_et_hop	dia_encore_et_hop	dia_encore_et_hop	dia_encore_et_hop	dia_encore_et_hop	dia_encore_et_hop	dia_encore_et_hop	dia_encore_et_hop	dia_encore_et_hop	dia_encore_et_hop	dia_encore_et_hop	dia_encore_et_hop	dia_encore_et_hop	dia_encore_et_hop	dia_encore_et_hop	dia_encore_et_hop	dia_encore_et_hop	dia_encore_et_hop	dia_encore_et_hop	dia_encore_et_hop	dia_encore_et_hop	dia_encore_et_hop	dia_encore_et_hop	dia_encore_et_hop	dia_encore_et_hop	dia_encore_et_hop	dia_encore_et_hop	dia_encore_et_hop	dia_encore_et_hop	dia_encore_et_hop	dia_encore_et_hop	dia_encore_et_hop	dia_encore_et_hop	dia_encore_et_hop	dia_encore_et_hop	dia_encore_et_hop	dia_encore_et_hop	dia_encore_et_hop	dia_encore_et_hop	dia_encore_et_hop	dia_encore_et_hop	dia_encore_et_hop	dia_encore_et_hop	dia_encore_et_hop	dia_encore_et_hop	dia_encore_et_hop	dia_encore_et_hop	dia_encore_et_hop	dia_encore_et_hop	dia_encore_et_hop	dia_encore_et_hop	dia_encore_et_hop	dia_encore_et_hop	dia_encore_et_hop	dia_encore_et_hop	dia_encore_et_hop	dia_encore_et_hop	dia_encore_et_hop	dia_encore_et_hop	dia_encore_et_hop	dia_encore_et_hop	dia_encore_et_hop	dia_encore_et_hop	dia_encore_et_hop	dia_encore_et_hop	dia_encore_et_hop	dia_encore_et_hop	dia_encore_et_hop	dia_encore_et_hop	dia_encore_et_hop	dia_encore_et_hop	dia_encore_et_hop	dia_encore_et_hop	dia_encore_et_hop	dia_encore_et_hop	dia_encore_et_hop	dia_encore_et_hop	dia_encore_et_hop	dia_encore_et_hop	dia_encore_et_hop
ID	currentDrawingStroke	brushID	pen_radius	pen_color	repop_color	local_color_greyPen	local_color_greyRepop	local_color_a	blendTransp	particleMode	part_acc_factor	noiseScale	noiseLineScale	noiseType	noiseAngleScale	noiseCenter_0	noiseCenter_1	partAccCenter_0	partAccCenter_1	partic_radius	repopulatingBG	repopulatingCA	CAType	CASubType	clearCA	clearLayer	clearAllLayers	copyTrack12	invertAllLayers	cursorSize	echo	echoNeg	pen_color_pulse	repop_color_pulse	pen_radius_pulse	partic_radius_pulse	part_acc_pulse	repop_hue_pulse	pen_color_replay_pulse	pen_radius_replay_pulse	flashTrack0_freq_1	flashTrack0_freq_2	flashTrack0_freq_3	flashCA_freq_0	flashCA_freq_1	flashCA_freq_2	flashCA_freq_3	flashBack_freq	flashPart_freq	flashPart_duration	flashCameraLength	flashCameraBright	flashCameraBeat	pen_radius_pressure_coef	pen_radius_angleHor_coef	pen_radius_angleVer_coef	tracksSync	currentDrawingTrack	currentVideoTrack	currentPhotoTrack	trackdecay_sign_0	trackdecay_sign_1	trackdecay_sign_2	trackdecay_sign_3	trackdecay_0	trackdecay_1	trackdecay_2	trackdecay_3	CACompositionWeight	trackCompositionWeight_0	trackCompositionWeight_1	trackCompositionWeight_2	trackCompositionWeight_3	CAFinalWeight	trackFinalWeight_0	trackFinalWeight_1	trackFinalWeight_2	trackFinalWeight_3	path_replay_0	path_replay_1	path_replay_2	path_replay_3	path_record_0	path_record_1	path_record_2	path_record_3	auto_beat	auto_beat_duration	CAdecay_sign	CAdecay	CAdecay_pulse	CAParams1	CAParams2	CAParams3	CAParams4	CAParams5	CAParams6	CAParams7	CAParams8	invertMovie	cameraCumul	video_satur_pulse	cameraThreshold	cameraGamma	cameraExposure	cameraGain	cameraBrightness	cameraSaturation	cameraContrast	cameraCaptFreq	movieCaptFreq	cameraWeight	movieWeight	cameraSobel	movieSobel	playing_movieNo	BGSubtr	CAstep	interfaceMode	CAcolorSpread	sound_volume	sound_min	beat_threshold	beat_delay	freeze	photo weight	photo_diaporama	photo_diaporama_fade	photo_diaporama_plateau	reset_sound	currentBGCapture
	0	0	1	6.22857	6.17286	0	0	1	1	1	0.01	0.04	0.5	3	0.511658	1.7	1.7	0.5	0.5	0	0	0	0	0	0	0	1	0	0	3	0	0	3	3	0	0.283469	0.3	0	0	0	0	0	0	0	0	0	0	0	0	0	10	1	9	0	0	0	0	1	3	2	1	1	1	1	0.001339	0	0	0.001	0	0	0	1	0	0	0	0	0	0	0	0	0	0	0	0	0	0	0	0.5	1	0.015755	0	0.755	0.598	0.598	0.606	0.669	0.464	0.236	0	0	2	1	0.175	1	-5	0	20	100	100	3	0	0	0	0	0	0	1	1	0	1	1	0	0.070816	496.122009	0	1	1	2	12	1	1
	0	0	1	6.22857	6.17286	0	0	1	1	1	0.01	0.04	0.5	3	0.511658	1.7	1.7	0.5	0.5	0	0	0	0	0	0	0	1	0	0	3	0	0	3	3	0	0.283469	0.3	0	0	0	0	0	0	0	0	0	0	0	0	0	10	1	9	0	0	0	0	1	3	2	1	1	1	1	0.001339	0	0	0.001	0	0	0	1	0	0	0	0	0	0	0	0	0	0	0	0	0	0	0	0.5	1	0.015755	0	0.755	0.598	0.598	0.606	0.669	0.464	0.236	0	0	2	1	0.175	1	-5	0	20	100	100	3	0	0	0	0	0	0	1	1	0	1	1	0	0.070816	496.122009	0	1	1	2	12	1	1
	s	s	s	s	s	s	s	s	k	s	s	s	s	s	s	s	s	s	s	s	s	s	s	s	s	s	s	s	s	s	s	s	s	s	s	s	s	s	s	s	s	s	s	s	s	s	s	s	s	s	s	s	s	s	s	s	s	s	s	s	s	s	s	s	s	s	s	s	s	s	s	s	s	s	s	s	s	s	s	s	s	s	s	s	s	s	s	s	s	s	l	s	s	s	s	s	s	s	s	s	s	s	s	s	s	s	s	s	s	k	s	s	s	s	s	s	s	s	s	s	k	k	s	s	s	s	s	s	s	s	k
/scene																																																																																																																																			
scene	les_3_marins_de_groix	275	prolong_when_ends																																																																																																																																
les_3_marins_de_groix	les_3_marins_de_groix	les_3_marins_de_groix	les_3_marins_de_groix	les_3_marins_de_groix	les_3_marins_de_groix	les_3_marins_de_groix	les_3_marins_de_groix	les_3_marins_de_groix	les_3_marins_de_groix	les_3_marins_de_groix	les_3_marins_de_groix	les_3_marins_de_groix	les_3_marins_de_groix	les_3_marins_de_groix	les_3_marins_de_groix	les_3_marins_de_groix	les_3_marins_de_groix	les_3_marins_de_groix	les_3_marins_de_groix	les_3_marins_de_groix	les_3_marins_de_groix	les_3_marins_de_groix	les_3_marins_de_groix	les_3_marins_de_groix	les_3_marins_de_groix	les_3_marins_de_groix	les_3_marins_de_groix	les_3_marins_de_groix	les_3_marins_de_groix	les_3_marins_de_groix	les_3_marins_de_groix	les_3_marins_de_groix	les_3_marins_de_groix	les_3_marins_de_groix	les_3_marins_de_groix	les_3_marins_de_groix	les_3_marins_de_groix	les_3_marins_de_groix	les_3_marins_de_groix	les_3_marins_de_groix	les_3_marins_de_groix	les_3_marins_de_groix	les_3_marins_de_groix	les_3_marins_de_groix	les_3_marins_de_groix	les_3_marins_de_groix	les_3_marins_de_groix	les_3_marins_de_groix	les_3_marins_de_groix	les_3_marins_de_groix	les_3_marins_de_groix	les_3_marins_de_groix	les_3_marins_de_groix	les_3_marins_de_groix	les_3_marins_de_groix	les_3_marins_de_groix	les_3_marins_de_groix	les_3_marins_de_groix	les_3_marins_de_groix	les_3_marins_de_groix	les_3_marins_de_groix	les_3_marins_de_groix	les_3_marins_de_groix	les_3_marins_de_groix	les_3_marins_de_groix	les_3_marins_de_groix	les_3_marins_de_groix	les_3_marins_de_groix	les_3_marins_de_groix	les_3_marins_de_groix	les_3_marins_de_groix	les_3_marins_de_groix	les_3_marins_de_groix	les_3_marins_de_groix	les_3_marins_de_groix	les_3_marins_de_groix	les_3_marins_de_groix	les_3_marins_de_groix	les_3_marins_de_groix	les_3_marins_de_groix	les_3_marins_de_groix	les_3_marins_de_groix	les_3_marins_de_groix	les_3_marins_de_groix	les_3_marins_de_groix	les_3_marins_de_groix	les_3_marins_de_groix	les_3_marins_de_groix	les_3_marins_de_groix	les_3_marins_de_groix	les_3_marins_de_groix	les_3_marins_de_groix	les_3_marins_de_groix	les_3_marins_de_groix	les_3_marins_de_groix	les_3_marins_de_groix	les_3_marins_de_groix	les_3_marins_de_groix	les_3_marins_de_groix	les_3_marins_de_groix	les_3_marins_de_groix	les_3_marins_de_groix	les_3_marins_de_groix	les_3_marins_de_groix	les_3_marins_de_groix	les_3_marins_de_groix	les_3_marins_de_groix	les_3_marins_de_groix	les_3_marins_de_groix	les_3_marins_de_groix	les_3_marins_de_groix	les_3_marins_de_groix	les_3_marins_de_groix	les_3_marins_de_groix	les_3_marins_de_groix	les_3_marins_de_groix	les_3_marins_de_groix	les_3_marins_de_groix	les_3_marins_de_groix	les_3_marins_de_groix	les_3_marins_de_groix	les_3_marins_de_groix	les_3_marins_de_groix	les_3_marins_de_groix	les_3_marins_de_groix	les_3_marins_de_groix	dia_encore_et_hop	dia_encore_et_hop	dia_encore_et_hop	dia_encore_et_hop	dia_encore_et_hop
ID	currentDrawingStroke	brushID	pen_radius	pen_color	repop_color	local_color_greyPen	local_color_greyRepop	local_color_a	blendTransp	particleMode	part_acc_factor	noiseScale	noiseLineScale	noiseType	noiseAngleScale	noiseCenter_0	noiseCenter_1	partAccCenter_0	partAccCenter_1	partic_radius	repopulatingBG	repopulatingCA	CAType	CASubType	clearCA	clearLayer	clearAllLayers	copyTrack12	invertAllLayers	cursorSize	echo	echoNeg	pen_color_pulse	repop_color_pulse	pen_radius_pulse	partic_radius_pulse	part_acc_pulse	repop_hue_pulse	pen_color_replay_pulse	pen_radius_replay_pulse	flashTrack0_freq_1	flashTrack0_freq_2	flashTrack0_freq_3	flashCA_freq_0	flashCA_freq_1	flashCA_freq_2	flashCA_freq_3	flashBack_freq	flashPart_freq	flashPart_duration	flashCameraLength	flashCameraBright	flashCameraBeat	pen_radius_pressure_coef	pen_radius_angleHor_coef	pen_radius_angleVer_coef	tracksSync	currentDrawingTrack	currentVideoTrack	currentPhotoTrack	trackdecay_sign_0	trackdecay_sign_1	trackdecay_sign_2	trackdecay_sign_3	trackdecay_0	trackdecay_1	trackdecay_2	trackdecay_3	CACompositionWeight	trackCompositionWeight_0	trackCompositionWeight_1	trackCompositionWeight_2	trackCompositionWeight_3	CAFinalWeight	trackFinalWeight_0	trackFinalWeight_1	trackFinalWeight_2	trackFinalWeight_3	path_replay_0	path_replay_1	path_replay_2	path_replay_3	path_record_0	path_record_1	path_record_2	path_record_3	auto_beat	auto_beat_duration	CAdecay_sign	CAdecay	CAdecay_pulse	CAParams1	CAParams2	CAParams3	CAParams4	CAParams5	CAParams6	CAParams7	CAParams8	invertMovie	cameraCumul	video_satur_pulse	cameraThreshold	cameraGamma	cameraExposure	cameraGain	cameraBrightness	cameraSaturation	cameraContrast	cameraCaptFreq	movieCaptFreq	cameraWeight	movieWeight	cameraSobel	movieSobel	playing_movieNo	BGSubtr	CAstep	interfaceMode	CAcolorSpread	sound_volume	sound_min	beat_threshold	beat_delay	freeze	photo weight	photo_diaporama	photo_diaporama_fade	photo_diaporama_plateau	reset_sound	currentBGCapture
	0	0	1	6.22857	6.17286	0	0	1	1	1	0.01	0.04	0.5	3	0.511658	1.7	1.7	0.5	0.5	0	0.527551	0	0	1	0	0	1	0	0	3	0.18102	0.015714	3	3	0	0.283469	0.3	0	0	0	0	4	4	0	0	8	8	0	0	0	10	1	9	0	0	0	0	1	3	2	1	1	1	1	0.001339	0	0.00006	0	0.133878	0.543265	1	0	0.055102	0	0	0	1	1	0	0	0	0	0	0	0	0	0	0.5	1	0.015755	0	0.755	0.598	0.598	0.606	0.669	0.464	0.236	0	0	2	1	0.175	1	-5	0	20	100	100	3	20	0	0	0	0	0	1	1	0	1	1	0	0.070816	496.122009	0	0	-1	2	12	1	0
	0	0	1	6.22857	6.17286	0	0	1	1	1	0.01	0.04	0.5	3	0.511658	1.7	1.7	0.5	0.5	0	0.527551	0	0	1	0	0	1	0	0	3	0.18102	0.015714	3	3	0	0.283469	0.3	0	0	0	0	4	4	0	0	8	8	0	0	0	10	1	9	0	0	0	0	1	3	2	1	1	1	1	0.001339	0	0.00006	0	0.133878	0.543265	1	0	0.055102	0	0	0	1	1	0	0	0	0	0	0	0	0	0	0.5	1	0.015755	0	0.755	0.598	0.598	0.606	0.669	0.464	0.236	0	0	2	1	0.175	1	-5	0	20	100	100	3	20	0	0	0	0	0	1	1	0	1	1	0	0.070816	496.122009	0	0	-1	2	12	1	0
	s	s	s	s	s	s	s	s	k	s	s	s	s	s	s	s	s	s	s	s	s	s	s	s	s	s	s	s	s	s	s	s	s	s	s	s	s	s	s	s	s	s	s	s	s	s	s	s	s	s	s	s	s	s	s	s	s	s	s	s	s	s	s	s	s	s	s	s	s	s	s	s	s	s	s	s	s	s	s	s	s	s	s	s	s	s	s	s	s	s	l	s	s	s	s	s	s	s	s	s	s	s	s	s	s	s	s	s	s	k	s	s	s	s	s	s	s	s	s	s	k	k	s	s	s	s	s	s	s	s	k
/scene																																																																																																																																			
scene	dia_penn_sardin	220	prolong_when_ends																																																																																																																																
dia_penn_sardin	dia_penn_sardin	dia_penn_sardin	dia_penn_sardin	dia_penn_sardin	dia_penn_sardin	dia_penn_sardin	dia_penn_sardin	dia_penn_sardin	dia_penn_sardin	dia_penn_sardin	dia_penn_sardin	dia_penn_sardin	dia_penn_sardin	dia_penn_sardin	dia_penn_sardin	dia_penn_sardin	dia_penn_sardin	dia_penn_sardin	dia_penn_sardin	dia_penn_sardin	dia_penn_sardin	dia_penn_sardin	dia_penn_sardin	dia_penn_sardin	dia_penn_sardin	dia_penn_sardin	dia_penn_sardin	dia_penn_sardin	dia_penn_sardin	dia_penn_sardin	dia_penn_sardin	dia_penn_sardin	dia_penn_sardin	dia_penn_sardin	dia_penn_sardin	dia_penn_sardin	dia_penn_sardin	dia_penn_sardin	dia_penn_sardin	dia_penn_sardin	dia_penn_sardin	dia_penn_sardin	dia_penn_sardin	dia_penn_sardin	dia_penn_sardin	dia_penn_sardin	dia_penn_sardin	dia_penn_sardin	dia_penn_sardin	dia_penn_sardin	dia_penn_sardin	dia_penn_sardin	dia_penn_sardin	dia_penn_sardin	dia_penn_sardin	dia_penn_sardin	dia_penn_sardin	dia_penn_sardin	dia_penn_sardin	dia_penn_sardin	dia_penn_sardin	dia_penn_sardin	dia_penn_sardin	dia_penn_sardin	dia_penn_sardin	dia_penn_sardin	dia_penn_sardin	dia_penn_sardin	dia_penn_sardin	dia_penn_sardin	dia_penn_sardin	dia_penn_sardin	dia_penn_sardin	dia_penn_sardin	dia_penn_sardin	dia_penn_sardin	dia_penn_sardin	dia_penn_sardin	dia_penn_sardin	dia_penn_sardin	dia_penn_sardin	dia_penn_sardin	dia_penn_sardin	dia_penn_sardin	dia_penn_sardin	dia_penn_sardin	dia_penn_sardin	dia_penn_sardin	dia_penn_sardin	dia_penn_sardin	dia_penn_sardin	dia_penn_sardin	dia_penn_sardin	dia_penn_sardin	dia_penn_sardin	dia_penn_sardin	dia_penn_sardin	dia_penn_sardin	dia_penn_sardin	dia_penn_sardin	dia_penn_sardin	dia_penn_sardin	dia_penn_sardin	dia_penn_sardin	dia_penn_sardin	dia_penn_sardin	dia_penn_sardin	dia_penn_sardin	dia_penn_sardin	dia_penn_sardin	dia_penn_sardin	dia_penn_sardin	dia_penn_sardin	dia_penn_sardin	dia_penn_sardin	dia_penn_sardin	dia_penn_sardin	dia_penn_sardin	dia_penn_sardin	dia_penn_sardin	dia_penn_sardin	dia_penn_sardin	dia_penn_sardin	dia_penn_sardin	dia_penn_sardin	dia_penn_sardin	dia_penn_sardin	dia_penn_sardin	dia_penn_sardin	dia_penn_sardin	dia_penn_sardin
ID	currentDrawingStroke	brushID	pen_radius	pen_color	repop_color	local_color_greyPen	local_color_greyRepop	local_color_a	blendTransp	particleMode	part_acc_factor	noiseScale	noiseLineScale	noiseType	noiseAngleScale	noiseCenter_0	noiseCenter_1	partAccCenter_0	partAccCenter_1	partic_radius	repopulatingBG	repopulatingCA	CAType	CASubType	clearCA	clearLayer	clearAllLayers	copyTrack12	invertAllLayers	cursorSize	echo	echoNeg	pen_color_pulse	repop_color_pulse	pen_radius_pulse	partic_radius_pulse	part_acc_pulse	repop_hue_pulse	pen_color_replay_pulse	pen_radius_replay_pulse	flashTrack0_freq_1	flashTrack0_freq_2	flashTrack0_freq_3	flashCA_freq_0	flashCA_freq_1	flashCA_freq_2	flashCA_freq_3	flashBack_freq	flashPart_freq	flashPart_duration	flashCameraLength	flashCameraBright	flashCameraBeat	pen_radius_pressure_coef	pen_radius_angleHor_coef	pen_radius_angleVer_coef	tracksSync	currentDrawingTrack	currentVideoTrack	currentPhotoTrack	trackdecay_sign_0	trackdecay_sign_1	trackdecay_sign_2	trackdecay_sign_3	trackdecay_0	trackdecay_1	trackdecay_2	trackdecay_3	CACompositionWeight	trackCompositionWeight_0	trackCompositionWeight_1	trackCompositionWeight_2	trackCompositionWeight_3	CAFinalWeight	trackFinalWeight_0	trackFinalWeight_1	trackFinalWeight_2	trackFinalWeight_3	path_replay_0	path_replay_1	path_replay_2	path_replay_3	path_record_0	path_record_1	path_record_2	path_record_3	auto_beat	auto_beat_duration	CAdecay_sign	CAdecay	CAdecay_pulse	CAParams1	CAParams2	CAParams3	CAParams4	CAParams5	CAParams6	CAParams7	CAParams8	invertMovie	cameraCumul	video_satur_pulse	cameraThreshold	cameraGamma	cameraExposure	cameraGain	cameraBrightness	cameraSaturation	cameraContrast	cameraCaptFreq	movieCaptFreq	cameraWeight	movieWeight	cameraSobel	movieSobel	playing_movieNo	BGSubtr	CAstep	interfaceMode	CAcolorSpread	sound_volume	sound_min	beat_threshold	beat_delay	freeze	photo weight	photo_diaporama	photo_diaporama_fade	photo_diaporama_plateau	reset_sound	currentBGCapture
	0	0	1	6.22857	6.17286	0	0	1	1	1	0.01	0.04	0.5	3	0.511658	1.7	1.7	0.5	0.5	0	0	0	0	0	0	0	1	0	0	3	0	0	3	3	0	0.283469	0.3	0	0	0	0	0	0	0	0	0	0	0	0	0	10	1	9	0	0	0	0	1	3	2	1	1	1	1	0.001339	0	0	0.001	0	0	0	1	0	0	0	0	0	0	0	0	0	0	0	0	0	0	0	0.5	1	0.015755	0	0.755	0.598	0.598	0.606	0.669	0.464	0.236	0	0	2	1	0.175	1	-5	0	20	100	100	3	0	0	0	0	0	0	1	1	0	1	1	0	0.070816	496.122009	0	1	2	2	12	1	1
	0	0	1	6.22857	6.17286	0	0	1	1	1	0.01	0.04	0.5	3	0.511658	1.7	1.7	0.5	0.5	0	0	0	0	0	0	0	1	0	0	3	0	0	3	3	0	0.283469	0.3	0	0	0	0	0	0	0	0	0	0	0	0	0	10	1	9	0	0	0	0	1	3	2	1	1	1	1	0.001339	0	0	0.001	0	0	0	1	0	0	0	0	0	0	0	0	0	0	0	0	0	0	0	0.5	1	0.015755	0	0.755	0.598	0.598	0.606	0.669	0.464	0.236	0	0	2	1	0.175	1	-5	0	20	100	100	3	0	0	0	0	0	0	1	1	0	1	1	0	0.070816	496.122009	0	1	2	2	12	1	1
	s	s	s	s	s	s	s	s	k	s	s	s	s	s	s	s	s	s	s	s	s	s	s	s	s	s	s	s	s	s	s	s	s	s	s	s	s	s	s	s	s	s	s	s	s	s	s	s	s	s	s	s	s	s	s	s	s	s	s	s	s	s	s	s	s	s	s	s	s	s	s	s	s	s	s	s	s	s	s	s	s	s	s	s	s	s	s	s	s	s	l	s	s	s	s	s	s	s	s	s	s	s	s	s	s	s	s	s	s	k	s	s	s	s	s	s	s	s	s	s	k	k	s	s	s	s	s	s	s	s	k
/scene																																																																																																																																			
scene	le_chant_des_goelands	302	prolong_when_ends																																																																																																																																
le_chant_des_goelands	le_chant_des_goelands	le_chant_des_goelands	le_chant_des_goelands	le_chant_des_goelands	le_chant_des_goelands	le_chant_des_goelands	le_chant_des_goelands	le_chant_des_goelands	le_chant_des_goelands	le_chant_des_goelands	le_chant_des_goelands	le_chant_des_goelands	le_chant_des_goelands	le_chant_des_goelands	le_chant_des_goelands	le_chant_des_goelands	le_chant_des_goelands	le_chant_des_goelands	le_chant_des_goelands	le_chant_des_goelands	le_chant_des_goelands	le_chant_des_goelands	le_chant_des_goelands	le_chant_des_goelands	le_chant_des_goelands	le_chant_des_goelands	le_chant_des_goelands	le_chant_des_goelands	le_chant_des_goelands	le_chant_des_goelands	le_chant_des_goelands	le_chant_des_goelands	le_chant_des_goelands	le_chant_des_goelands	le_chant_des_goelands	le_chant_des_goelands	le_chant_des_goelands	le_chant_des_goelands	le_chant_des_goelands	le_chant_des_goelands	le_chant_des_goelands	le_chant_des_goelands	le_chant_des_goelands	le_chant_des_goelands	le_chant_des_goelands	le_chant_des_goelands	le_chant_des_goelands	le_chant_des_goelands	le_chant_des_goelands	le_chant_des_goelands	le_chant_des_goelands	le_chant_des_goelands	le_chant_des_goelands	le_chant_des_goelands	le_chant_des_goelands	le_chant_des_goelands	le_chant_des_goelands	le_chant_des_goelands	le_chant_des_goelands	le_chant_des_goelands	le_chant_des_goelands	le_chant_des_goelands	le_chant_des_goelands	le_chant_des_goelands	le_chant_des_goelands	le_chant_des_goelands	le_chant_des_goelands	le_chant_des_goelands	le_chant_des_goelands	le_chant_des_goelands	le_chant_des_goelands	le_chant_des_goelands	le_chant_des_goelands	le_chant_des_goelands	le_chant_des_goelands	le_chant_des_goelands	le_chant_des_goelands	le_chant_des_goelands	le_chant_des_goelands	le_chant_des_goelands	le_chant_des_goelands	le_chant_des_goelands	le_chant_des_goelands	le_chant_des_goelands	le_chant_des_goelands	le_chant_des_goelands	le_chant_des_goelands	le_chant_des_goelands	le_chant_des_goelands	le_chant_des_goelands	le_chant_des_goelands	le_chant_des_goelands	le_chant_des_goelands	le_chant_des_goelands	le_chant_des_goelands	le_chant_des_goelands	le_chant_des_goelands	le_chant_des_goelands	le_chant_des_goelands	le_chant_des_goelands	le_chant_des_goelands	le_chant_des_goelands	le_chant_des_goelands	le_chant_des_goelands	le_chant_des_goelands	le_chant_des_goelands	le_chant_des_goelands	le_chant_des_goelands	le_chant_des_goelands	le_chant_des_goelands	le_chant_des_goelands	le_chant_des_goelands	le_chant_des_goelands	le_chant_des_goelands	le_chant_des_goelands	le_chant_des_goelands	le_chant_des_goelands	le_chant_des_goelands	le_chant_des_goelands	le_chant_des_goelands	le_chant_des_goelands	le_chant_des_goelands	le_chant_des_goelands	le_chant_des_goelands	le_chant_des_goelands	le_chant_des_goelands	le_chant_des_goelands	le_chant_des_goelands	le_chant_des_goelands	le_chant_des_goelands	le_chant_des_goelands
ID	currentDrawingStroke	brushID	pen_radius	pen_color	repop_color	local_color_greyPen	local_color_greyRepop	local_color_a	blendTransp	particleMode	part_acc_factor	noiseScale	noiseLineScale	noiseType	noiseAngleScale	noiseCenter_0	noiseCenter_1	partAccCenter_0	partAccCenter_1	partic_radius	repopulatingBG	repopulatingCA	CAType	CASubType	clearCA	clearLayer	clearAllLayers	copyTrack12	invertAllLayers	cursorSize	echo	echoNeg	pen_color_pulse	repop_color_pulse	pen_radius_pulse	partic_radius_pulse	part_acc_pulse	repop_hue_pulse	pen_color_replay_pulse	pen_radius_replay_pulse	flashTrack0_freq_1	flashTrack0_freq_2	flashTrack0_freq_3	flashCA_freq_0	flashCA_freq_1	flashCA_freq_2	flashCA_freq_3	flashBack_freq	flashPart_freq	flashPart_duration	flashCameraLength	flashCameraBright	flashCameraBeat	pen_radius_pressure_coef	pen_radius_angleHor_coef	pen_radius_angleVer_coef	tracksSync	currentDrawingTrack	currentVideoTrack	currentPhotoTrack	trackdecay_sign_0	trackdecay_sign_1	trackdecay_sign_2	trackdecay_sign_3	trackdecay_0	trackdecay_1	trackdecay_2	trackdecay_3	CACompositionWeight	trackCompositionWeight_0	trackCompositionWeight_1	trackCompositionWeight_2	trackCompositionWeight_3	CAFinalWeight	trackFinalWeight_0	trackFinalWeight_1	trackFinalWeight_2	trackFinalWeight_3	path_replay_0	path_replay_1	path_replay_2	path_replay_3	path_record_0	path_record_1	path_record_2	path_record_3	auto_beat	auto_beat_duration	CAdecay_sign	CAdecay	CAdecay_pulse	CAParams1	CAParams2	CAParams3	CAParams4	CAParams5	CAParams6	CAParams7	CAParams8	invertMovie	cameraCumul	video_satur_pulse	cameraThreshold	cameraGamma	cameraExposure	cameraGain	cameraBrightness	cameraSaturation	cameraContrast	cameraCaptFreq	movieCaptFreq	cameraWeight	movieWeight	cameraSobel	movieSobel	playing_movieNo	BGSubtr	CAstep	interfaceMode	CAcolorSpread	sound_volume	sound_min	beat_threshold	beat_delay	freeze	photo weight	photo_diaporama	photo_diaporama_fade	photo_diaporama_plateau	reset_sound	currentBGCapture
	0	0	1	6.22857	6.17286	0.653469	0	1	1	1	0.01	0.04	0.5	3	0.511658	1.7	1.7	0.5	0.5	0	0	0.236122	1	0	0	0	1	0	0	3	0.031429	0.031429	1.5	1	0	0.283469	0	0	0	0	0	0	0	0	0	0	0	9	0	0	10	1	9	6	0	0	0	1	3	2	1	1	1	1	0.01	0	0	0.001	0	1	0	1	0.055102	0	0	1	0	1	0	0	0	0	0	0	0	0	0	0.5	1	0.1	0	0	0.063061	0.425102	0.354286	0.669	0.464	0.236	0	0	2	0.001	0.175	1	-5	0	20	100	100	3	6	0	0	0	0	1	1	1	0	1	1	0.511837	0.070816	496.122009	0	0	-1	2	12	1	0
	0	0	1	6.22857	6.17286	0.653469	0	1	1	1	0.01	0.04	0.5	3	0.511658	1.7	1.7	0.5	0.5	0	0	0.236122	1	0	0	0	1	0	0	3	0.031429	0.031429	1.5	1	0	0.283469	0	0	0	0	0	0	0	0	0	0	0	9	0	0	10	1	9	6	0	0	0	1	3	2	1	1	1	1	0.01	0	0	0.001	0	1	0	1	0.055102	0	0	1	0	1	0	0	0	0	0	0	0	0	0	0.5	1	0.1	0	0	0.063061	0.425102	0.354286	0.669	0.464	0.236	0	0	2	0.001	0.175	1	-5	0	20	100	100	3	6	0	0	0	0	1	1	1	0	1	1	0.511837	0.070816	496.122009	0	0	-1	2	12	1	0
	s	s	s	s	s	s	s	s	k	s	s	s	s	s	s	s	s	s	s	s	s	s	s	s	s	s	s	s	s	s	s	s	s	s	s	s	s	s	s	s	s	s	s	s	s	s	s	s	s	s	s	s	s	s	s	s	s	s	s	s	s	s	s	s	s	s	s	s	s	s	s	s	s	s	s	s	s	s	s	s	s	s	s	s	s	s	s	s	s	s	l	s	s	s	s	s	s	s	s	s	s	s	s	s	s	s	s	s	s	k	s	s	s	s	s	s	s	s	s	s	k	k	s	s	s	s	s	s	s	s	k
/scene																																																																																																																																			
scene	la_godille	122	prolong_when_ends																																																																																																																																
la_godille	la_godille	la_godille	la_godille	la_godille	la_godille	la_godille	la_godille	la_godille	la_godille	la_godille	la_godille	la_godille	la_godille	la_godille	la_godille	la_godille	la_godille	la_godille	la_godille	la_godille	la_godille	la_godille	la_godille	la_godille	la_godille	la_godille	la_godille	la_godille	la_godille	la_godille	la_godille	la_godille	la_godille	la_godille	la_godille	la_godille	la_godille	la_godille	la_godille	la_godille	la_godille	la_godille	la_godille	la_godille	la_godille	la_godille	la_godille	la_godille	la_godille	la_godille	la_godille	la_godille	la_godille	la_godille	la_godille	la_godille	la_godille	la_godille	la_godille	la_godille	la_godille	la_godille	la_godille	la_godille	la_godille	la_godille	la_godille	la_godille	la_godille	la_godille	la_godille	la_godille	la_godille	la_godille	la_godille	la_godille	la_godille	la_godille	la_godille	la_godille	la_godille	la_godille	la_godille	la_godille	la_godille	la_godille	la_godille	la_godille	la_godille	la_godille	la_godille	la_godille	la_godille	la_godille	la_godille	la_godille	la_godille	la_godille	la_godille	la_godille	la_godille	la_godille	la_godille	la_godille	la_godille	la_godille	la_godille	la_godille	la_godille	la_godille	la_godille	la_godille	la_godille	la_godille	la_godille	la_godille	la_godille	la_godille	la_godille	la_godille	la_godille	la_godille	la_godille	la_godille	la_godille	la_godille	la_godille	la_godille	la_godille	la_godille	la_godille
ID	currentDrawingStroke	brushID	pen_radius	pen_color	repop_color	local_color_greyPen	local_color_greyRepop	local_color_a	blendTransp	particleMode	part_acc_factor	noiseScale	noiseLineScale	noiseType	noiseAngleScale	noiseCenter_0	noiseCenter_1	partAccCenter_0	partAccCenter_1	partic_radius	repopulatingBG	repopulatingCA	CAType	CASubType	clearCA	clearLayer	clearAllLayers	copyTrack12	invertAllLayers	cursorSize	echo	echoNeg	pen_color_pulse	repop_color_pulse	pen_radius_pulse	partic_radius_pulse	part_acc_pulse	repop_hue_pulse	pen_color_replay_pulse	pen_radius_replay_pulse	flashTrack0_freq_1	flashTrack0_freq_2	flashTrack0_freq_3	flashCA_freq_0	flashCA_freq_1	flashCA_freq_2	flashCA_freq_3	flashBack_freq	flashPart_freq	flashPart_duration	flashCameraLength	flashCameraBright	flashCameraBeat	pen_radius_pressure_coef	pen_radius_angleHor_coef	pen_radius_angleVer_coef	tracksSync	currentDrawingTrack	currentVideoTrack	currentPhotoTrack	trackdecay_sign_0	trackdecay_sign_1	trackdecay_sign_2	trackdecay_sign_3	trackdecay_0	trackdecay_1	trackdecay_2	trackdecay_3	CACompositionWeight	trackCompositionWeight_0	trackCompositionWeight_1	trackCompositionWeight_2	trackCompositionWeight_3	CAFinalWeight	trackFinalWeight_0	trackFinalWeight_1	trackFinalWeight_2	trackFinalWeight_3	path_replay_0	path_replay_1	path_replay_2	path_replay_3	path_record_0	path_record_1	path_record_2	path_record_3	auto_beat	auto_beat_duration	CAdecay_sign	CAdecay	CAdecay_pulse	CAParams1	CAParams2	CAParams3	CAParams4	CAParams5	CAParams6	CAParams7	CAParams8	invertMovie	cameraCumul	video_satur_pulse	cameraThreshold	cameraGamma	cameraExposure	cameraGain	cameraBrightness	cameraSaturation	cameraContrast	cameraCaptFreq	movieCaptFreq	cameraWeight	movieWeight	cameraSobel	movieSobel	playing_movieNo	BGSubtr	CAstep	interfaceMode	CAcolorSpread	sound_volume	sound_min	beat_threshold	beat_delay	freeze	photo weight	photo_diaporama	photo_diaporama_fade	photo_diaporama_plateau	reset_sound	currentBGCapture
	0	0	2	6.22857	6.11857	1	0	1	1	1	0.006535	0.02363	0.5	0	0.511658	1.7	1.7	0.5	0.5	0	0.527551	0	5	0	0	0	1	0	0	3	0.18102	0.015714	3	3	0	0.283469	0	0	0	0	0	0	0	0	0	0	0	0	0	0	10	1	9	6	0	0	0	1	3	2	1	1	1	1	0.001339	0	0	0.001	0.086	0.3	0	1	0.055102	0	0	1	0	1	0	0	0	0	0	0	0	0	0	0.5	1	0.060633	0	0.755	0.598	0.598	0.606	0.669	0.464	0.236	0	0	2	1	0.175	1	-5	0	20	100	100	3	20	0	0	0	0	3	1	1	0	1	1	0	0.070816	496.122009	0	0	-1	2	12	1	0
	0	0	2	6.22857	6.11857	1	0	1	1	1	0.001	0.04	0.5	0	0.511658	1.7	1.7	0.5	0.5	0	0.527551	0	5	0	0	0	1	0	0	3	0.693878	0.01	1.500147	0.8	0	0.283469	0	0	0	0	0	0	0	0	0	0	0	0	0	0	10	1	9	6	0	0	0	1	3	2	1	1	1	1	0.001339	0	0	0.001	0.086	0.3	0	1	0.055102	0	0	1	0	1	0	0	0	0	0	0	0	0	0	0.5	1	0.060633	0	0.755	0.598	0.598	0.606	0.669	0.464	0.236	0	0	2	1	0.175	1	-5	0	20	100	100	3	20	0	0	0	0	3	1	1	0	1	1	0	0.070816	496.122009	0	0	-1	2	12	1	0
	s	s	s	s	s	s	s	s	k	s	l	l	s	s	s	s	s	s	s	s	s	s	s	s	s	s	s	s	s	s	l	l	l	l	s	s	s	s	s	s	s	s	s	s	s	s	s	s	s	s	s	s	s	s	s	s	s	s	s	s	s	s	s	s	s	s	s	s	s	s	s	s	s	s	s	s	s	s	s	s	s	s	s	s	s	s	s	s	s	s	l	s	s	s	s	s	s	s	s	s	s	s	s	s	s	s	s	s	s	k	s	s	s	s	s	s	s	s	s	s	k	k	s	s	s	s	s	s	s	s	k
/scene																																																																																																																																			
scene	dia_le_grand_lejon	185	prolong_when_ends																																																																																																																																
dia_le_grand_lejon	dia_le_grand_lejon	dia_le_grand_lejon	dia_le_grand_lejon	dia_le_grand_lejon	dia_le_grand_lejon	dia_le_grand_lejon	dia_le_grand_lejon	dia_le_grand_lejon	dia_le_grand_lejon	dia_le_grand_lejon	dia_le_grand_lejon	dia_le_grand_lejon	dia_le_grand_lejon	dia_le_grand_lejon	dia_le_grand_lejon	dia_le_grand_lejon	dia_le_grand_lejon	dia_le_grand_lejon	dia_le_grand_lejon	dia_le_grand_lejon	dia_le_grand_lejon	dia_le_grand_lejon	dia_le_grand_lejon	dia_le_grand_lejon	dia_le_grand_lejon	dia_le_grand_lejon	dia_le_grand_lejon	dia_le_grand_lejon	dia_le_grand_lejon	dia_le_grand_lejon	dia_le_grand_lejon	dia_le_grand_lejon	dia_le_grand_lejon	dia_le_grand_lejon	dia_le_grand_lejon	dia_le_grand_lejon	dia_le_grand_lejon	dia_le_grand_lejon	dia_le_grand_lejon	dia_le_grand_lejon	dia_le_grand_lejon	dia_le_grand_lejon	dia_le_grand_lejon	dia_le_grand_lejon	dia_le_grand_lejon	dia_le_grand_lejon	dia_le_grand_lejon	dia_le_grand_lejon	dia_le_grand_lejon	dia_le_grand_lejon	dia_le_grand_lejon	dia_le_grand_lejon	dia_le_grand_lejon	dia_le_grand_lejon	dia_le_grand_lejon	dia_le_grand_lejon	dia_le_grand_lejon	dia_le_grand_lejon	dia_le_grand_lejon	dia_le_grand_lejon	dia_le_grand_lejon	dia_le_grand_lejon	dia_le_grand_lejon	dia_le_grand_lejon	dia_le_grand_lejon	dia_le_grand_lejon	dia_le_grand_lejon	dia_le_grand_lejon	dia_le_grand_lejon	dia_le_grand_lejon	dia_le_grand_lejon	dia_le_grand_lejon	dia_le_grand_lejon	dia_le_grand_lejon	dia_le_grand_lejon	dia_le_grand_lejon	dia_le_grand_lejon	dia_le_grand_lejon	dia_le_grand_lejon	dia_le_grand_lejon	dia_le_grand_lejon	dia_le_grand_lejon	dia_le_grand_lejon	dia_le_grand_lejon	dia_le_grand_lejon	dia_le_grand_lejon	dia_le_grand_lejon	dia_le_grand_lejon	dia_le_grand_lejon	dia_le_grand_lejon	dia_le_grand_lejon	dia_le_grand_lejon	dia_le_grand_lejon	dia_le_grand_lejon	dia_le_grand_lejon	dia_le_grand_lejon	dia_le_grand_lejon	dia_le_grand_lejon	dia_le_grand_lejon	dia_le_grand_lejon	dia_le_grand_lejon	dia_le_grand_lejon	dia_le_grand_lejon	dia_le_grand_lejon	dia_le_grand_lejon	dia_le_grand_lejon	dia_le_grand_lejon	dia_le_grand_lejon	dia_le_grand_lejon	dia_le_grand_lejon	dia_le_grand_lejon	dia_le_grand_lejon	dia_le_grand_lejon	dia_le_grand_lejon	dia_le_grand_lejon	dia_le_grand_lejon	dia_le_grand_lejon	dia_le_grand_lejon	dia_le_grand_lejon	dia_le_grand_lejon	dia_le_grand_lejon	dia_le_grand_lejon	dia_le_grand_lejon	dia_le_grand_lejon	dia_le_grand_lejon	dia_le_grand_lejon	dia_le_grand_lejon	dia_le_grand_lejon	dia_le_grand_lejon	dia_le_grand_lejon	dia_le_grand_lejon
ID	currentDrawingStroke	brushID	pen_radius	pen_color	repop_color	local_color_greyPen	local_color_greyRepop	local_color_a	blendTransp	particleMode	part_acc_factor	noiseScale	noiseLineScale	noiseType	noiseAngleScale	noiseCenter_0	noiseCenter_1	partAccCenter_0	partAccCenter_1	partic_radius	repopulatingBG	repopulatingCA	CAType	CASubType	clearCA	clearLayer	clearAllLayers	copyTrack12	invertAllLayers	cursorSize	echo	echoNeg	pen_color_pulse	repop_color_pulse	pen_radius_pulse	partic_radius_pulse	part_acc_pulse	repop_hue_pulse	pen_color_replay_pulse	pen_radius_replay_pulse	flashTrack0_freq_1	flashTrack0_freq_2	flashTrack0_freq_3	flashCA_freq_0	flashCA_freq_1	flashCA_freq_2	flashCA_freq_3	flashBack_freq	flashPart_freq	flashPart_duration	flashCameraLength	flashCameraBright	flashCameraBeat	pen_radius_pressure_coef	pen_radius_angleHor_coef	pen_radius_angleVer_coef	tracksSync	currentDrawingTrack	currentVideoTrack	currentPhotoTrack	trackdecay_sign_0	trackdecay_sign_1	trackdecay_sign_2	trackdecay_sign_3	trackdecay_0	trackdecay_1	trackdecay_2	trackdecay_3	CACompositionWeight	trackCompositionWeight_0	trackCompositionWeight_1	trackCompositionWeight_2	trackCompositionWeight_3	CAFinalWeight	trackFinalWeight_0	trackFinalWeight_1	trackFinalWeight_2	trackFinalWeight_3	path_replay_0	path_replay_1	path_replay_2	path_replay_3	path_record_0	path_record_1	path_record_2	path_record_3	auto_beat	auto_beat_duration	CAdecay_sign	CAdecay	CAdecay_pulse	CAParams1	CAParams2	CAParams3	CAParams4	CAParams5	CAParams6	CAParams7	CAParams8	invertMovie	cameraCumul	video_satur_pulse	cameraThreshold	cameraGamma	cameraExposure	cameraGain	cameraBrightness	cameraSaturation	cameraContrast	cameraCaptFreq	movieCaptFreq	cameraWeight	movieWeight	cameraSobel	movieSobel	playing_movieNo	BGSubtr	CAstep	interfaceMode	CAcolorSpread	sound_volume	sound_min	beat_threshold	beat_delay	freeze	photo weight	photo_diaporama	photo_diaporama_fade	photo_diaporama_plateau	reset_sound	currentBGCapture
	0	0	1	6.22857	6.17286	0	0	1	1	1	0.01	0.04	0.5	3	0.511658	1.7	1.7	0.5	0.5	0	0	0	0	0	0	0	1	0	0	3	0	0	3	3	0	0.283469	0.3	0	0	0	0	0	0	0	0	0	0	0	0	0	10	1	9	0	0	0	0	1	3	2	1	1	1	1	0.001339	0	0	0.001	0	0	0	1	0	0	0	0	0	0	0	0	0	0	0	0	0	0	0	0.5	1	0.015755	0	0.755	0.598	0.598	0.606	0.669	0.464	0.236	0	0	2	1	0.175	1	-5	0	20	100	100	3	20	0	0	0	0	3	1	1	0	1	1	0	0.070816	496.122009	0	1	3	2	12	1	1
	0	0	1	6.22857	6.17286	0	0	1	1	1	0.01	0.04	0.5	3	0.511658	1.7	1.7	0.5	0.5	0	0	0	0	0	0	0	1	0	0	3	0	0	3	3	0	0.283469	0.3	0	0	0	0	0	0	0	0	0	0	0	0	0	10	1	9	0	0	0	0	1	3	2	1	1	1	1	0.001339	0	0	0.001	0	0	0	1	0	0	0	0	0	0	0	0	0	0	0	0	0	0	0	0.5	1	0.015755	0	0.755	0.598	0.598	0.606	0.669	0.464	0.236	0	0	2	1	0.175	1	-5	0	20	100	100	3	20	0	0	0	0	3	1	1	0	1	1	0	0.070816	496.122009	0	1	3	2	12	1	1
	s	s	s	s	s	s	s	s	k	s	s	s	s	s	s	s	s	s	s	s	s	s	s	s	s	s	s	s	s	s	s	s	s	s	s	s	s	s	s	s	s	s	s	s	s	s	s	s	s	s	s	s	s	s	s	s	s	s	s	s	s	s	s	s	s	s	s	s	s	s	s	s	s	s	s	s	s	s	s	s	s	s	s	s	s	s	s	s	s	s	l	s	s	s	s	s	s	s	s	s	s	s	s	s	s	s	s	s	s	k	s	s	s	s	s	s	s	s	s	s	k	k	s	s	s	s	s	s	s	s	k
/scene																																																																																																																																			
scene	pique_la_baleine	310	prolong_when_ends																																																																																																																																
pique_la_baleine	pique_la_baleine	pique_la_baleine	pique_la_baleine	pique_la_baleine	pique_la_baleine	pique_la_baleine	pique_la_baleine	pique_la_baleine	pique_la_baleine	pique_la_baleine	pique_la_baleine	pique_la_baleine	pique_la_baleine	pique_la_baleine	pique_la_baleine	pique_la_baleine	pique_la_baleine	pique_la_baleine	pique_la_baleine	pique_la_baleine	pique_la_baleine	pique_la_baleine	pique_la_baleine	pique_la_baleine	pique_la_baleine	pique_la_baleine	pique_la_baleine	pique_la_baleine	pique_la_baleine	pique_la_baleine	pique_la_baleine	pique_la_baleine	pique_la_baleine	pique_la_baleine	pique_la_baleine	pique_la_baleine	pique_la_baleine	pique_la_baleine	pique_la_baleine	pique_la_baleine	pique_la_baleine	pique_la_baleine	pique_la_baleine	pique_la_baleine	pique_la_baleine	pique_la_baleine	pique_la_baleine	pique_la_baleine	pique_la_baleine	pique_la_baleine	pique_la_baleine	pique_la_baleine	pique_la_baleine	pique_la_baleine	pique_la_baleine	pique_la_baleine	pique_la_baleine	pique_la_baleine	pique_la_baleine	pique_la_baleine	pique_la_baleine	pique_la_baleine	pique_la_baleine	pique_la_baleine	pique_la_baleine	pique_la_baleine	pique_la_baleine	pique_la_baleine	pique_la_baleine	pique_la_baleine	pique_la_baleine	pique_la_baleine	pique_la_baleine	pique_la_baleine	pique_la_baleine	pique_la_baleine	pique_la_baleine	pique_la_baleine	pique_la_baleine	pique_la_baleine	pique_la_baleine	pique_la_baleine	pique_la_baleine	pique_la_baleine	pique_la_baleine	pique_la_baleine	pique_la_baleine	pique_la_baleine	pique_la_baleine	pique_la_baleine	pique_la_baleine	pique_la_baleine	pique_la_baleine	pique_la_baleine	pique_la_baleine	pique_la_baleine	pique_la_baleine	pique_la_baleine	pique_la_baleine	pique_la_baleine	pique_la_baleine	pique_la_baleine	pique_la_baleine	pique_la_baleine	pique_la_baleine	pique_la_baleine	pique_la_baleine	pique_la_baleine	pique_la_baleine	pique_la_baleine	pique_la_baleine	pique_la_baleine	pique_la_baleine	pique_la_baleine	pique_la_baleine	pique_la_baleine	pique_la_baleine	pique_la_baleine	pique_la_baleine	pique_la_baleine	pique_la_baleine	pique_la_baleine	pique_la_baleine	pique_la_baleine	pique_la_baleine	pique_la_baleine	pique_la_baleine	pique_la_baleine	pique_la_baleine	pique_la_baleine	pique_la_baleine
ID	currentDrawingStroke	brushID	pen_radius	pen_color	repop_color	local_color_greyPen	local_color_greyRepop	local_color_a	blendTransp	particleMode	part_acc_factor	noiseScale	noiseLineScale	noiseType	noiseAngleScale	noiseCenter_0	noiseCenter_1	partAccCenter_0	partAccCenter_1	partic_radius	repopulatingBG	repopulatingCA	CAType	CASubType	clearCA	clearLayer	clearAllLayers	copyTrack12	invertAllLayers	cursorSize	echo	echoNeg	pen_color_pulse	repop_color_pulse	pen_radius_pulse	partic_radius_pulse	part_acc_pulse	repop_hue_pulse	pen_color_replay_pulse	pen_radius_replay_pulse	flashTrack0_freq_1	flashTrack0_freq_2	flashTrack0_freq_3	flashCA_freq_0	flashCA_freq_1	flashCA_freq_2	flashCA_freq_3	flashBack_freq	flashPart_freq	flashPart_duration	flashCameraLength	flashCameraBright	flashCameraBeat	pen_radius_pressure_coef	pen_radius_angleHor_coef	pen_radius_angleVer_coef	tracksSync	currentDrawingTrack	currentVideoTrack	currentPhotoTrack	trackdecay_sign_0	trackdecay_sign_1	trackdecay_sign_2	trackdecay_sign_3	trackdecay_0	trackdecay_1	trackdecay_2	trackdecay_3	CACompositionWeight	trackCompositionWeight_0	trackCompositionWeight_1	trackCompositionWeight_2	trackCompositionWeight_3	CAFinalWeight	trackFinalWeight_0	trackFinalWeight_1	trackFinalWeight_2	trackFinalWeight_3	path_replay_0	path_replay_1	path_replay_2	path_replay_3	path_record_0	path_record_1	path_record_2	path_record_3	auto_beat	auto_beat_duration	CAdecay_sign	CAdecay	CAdecay_pulse	CAParams1	CAParams2	CAParams3	CAParams4	CAParams5	CAParams6	CAParams7	CAParams8	invertMovie	cameraCumul	video_satur_pulse	cameraThreshold	cameraGamma	cameraExposure	cameraGain	cameraBrightness	cameraSaturation	cameraContrast	cameraCaptFreq	movieCaptFreq	cameraWeight	movieWeight	cameraSobel	movieSobel	playing_movieNo	BGSubtr	CAstep	interfaceMode	CAcolorSpread	sound_volume	sound_min	beat_threshold	beat_delay	freeze	photo weight	photo_diaporama	photo_diaporama_fade	photo_diaporama_plateau	reset_sound	currentBGCapture
	0	0	2	6.22857	6.17286	0	0	1	1	2	0.01	1	0.5	0	0.511658	1.7	1.7	0.5	0.5	1	0.527551	0	0	1	0	0	1	0	0	3	0.18102	0.015714	3	3	0	0	0.3	3	0	0	4	0	0	0	8	0	0	0	0	0	10	1	9	0	0	0	0	1	3	2	1	1	1	1	0.01	0	0	0.001	0.133878	0.08	0	1	0.055102	0	0	1	0	1	0	0	0	0	0	0	0	0	0	0.5	1	0.015755	0	0.755	0.598	0.598	0.606	0.669	0.464	0.236	0	0	2	1	0.175	1	-5	0	20	100	100	3	20	0	0	0	0	1	1	1	0	1	1	0	0.070816	496.122009	0	0	-1	2	12	1	0
	0	0	2	6.22857	6.17286	0	0	1	1	2	0.01	1	0.5	0	0.511658	1.7	1.7	0.5	0.5	1	0.527551	0	0	1	0	0	1	0	0	3	0.18102	0.015714	3	3	0	0	0.3	3	0	0	4	0	0	0	8	0	0	0	0	0	10	1	9	0	0	0	0	1	3	2	1	1	1	1	0.01	0	0	0.001	0.133878	0.08	0	1	0.055102	0	0	1	0	1	0	0	0	0	0	0	0	0	0	0.5	1	0.015755	0	0.755	0.598	0.598	0.606	0.669	0.464	0.236	0	0	2	1	0.175	1	-5	0	20	100	100	3	20	0	0	0	0	1	1	1	0	1	1	0	0.070816	496.122009	0	0	-1	2	12	1	0
	s	s	s	s	s	s	s	s	k	s	s	s	s	s	s	s	s	s	s	s	s	s	s	s	s	s	s	s	s	s	s	s	s	s	s	s	s	s	s	s	s	s	s	s	s	s	s	s	s	s	s	s	s	s	s	s	s	s	s	s	s	s	s	s	s	s	s	s	s	s	s	s	s	s	s	s	s	s	s	s	s	s	s	s	s	s	s	s	s	s	l	s	s	s	s	s	s	s	s	s	s	s	s	s	s	s	s	s	s	k	s	s	s	s	s	s	s	s	s	s	k	k	s	s	s	s	s	s	s	s	k
/scene																																																																																																																																			
scene	dia_allez_les_marins	240	prolong_when_ends																																																																																																																																
dia_allez_les_marins	dia_allez_les_marins	dia_allez_les_marins	dia_allez_les_marins	dia_allez_les_marins	dia_allez_les_marins	dia_allez_les_marins	dia_allez_les_marins	dia_allez_les_marins	dia_allez_les_marins	dia_allez_les_marins	dia_allez_les_marins	dia_allez_les_marins	dia_allez_les_marins	dia_allez_les_marins	dia_allez_les_marins	dia_allez_les_marins	dia_allez_les_marins	dia_allez_les_marins	dia_allez_les_marins	dia_allez_les_marins	dia_allez_les_marins	dia_allez_les_marins	dia_allez_les_marins	dia_allez_les_marins	dia_allez_les_marins	dia_allez_les_marins	dia_allez_les_marins	dia_allez_les_marins	dia_allez_les_marins	dia_allez_les_marins	dia_allez_les_marins	dia_allez_les_marins	dia_allez_les_marins	dia_allez_les_marins	dia_allez_les_marins	dia_allez_les_marins	dia_allez_les_marins	dia_allez_les_marins	dia_allez_les_marins	dia_allez_les_marins	dia_allez_les_marins	dia_allez_les_marins	dia_allez_les_marins	dia_allez_les_marins	dia_allez_les_marins	dia_allez_les_marins	dia_allez_les_marins	dia_allez_les_marins	dia_allez_les_marins	dia_allez_les_marins	dia_allez_les_marins	dia_allez_les_marins	dia_allez_les_marins	dia_allez_les_marins	dia_allez_les_marins	dia_allez_les_marins	dia_allez_les_marins	dia_allez_les_marins	dia_allez_les_marins	dia_allez_les_marins	dia_allez_les_marins	dia_allez_les_marins	dia_allez_les_marins	dia_allez_les_marins	dia_allez_les_marins	dia_allez_les_marins	dia_allez_les_marins	dia_allez_les_marins	dia_allez_les_marins	dia_allez_les_marins	dia_allez_les_marins	dia_allez_les_marins	dia_allez_les_marins	dia_allez_les_marins	dia_allez_les_marins	dia_allez_les_marins	dia_allez_les_marins	dia_allez_les_marins	dia_allez_les_marins	dia_allez_les_marins	dia_allez_les_marins	dia_allez_les_marins	dia_allez_les_marins	dia_allez_les_marins	dia_allez_les_marins	dia_allez_les_marins	dia_allez_les_marins	dia_allez_les_marins	dia_allez_les_marins	dia_allez_les_marins	dia_allez_les_marins	dia_allez_les_marins	dia_allez_les_marins	dia_allez_les_marins	dia_allez_les_marins	dia_allez_les_marins	dia_allez_les_marins	dia_allez_les_marins	dia_allez_les_marins	dia_allez_les_marins	dia_allez_les_marins	dia_allez_les_marins	dia_allez_les_marins	dia_allez_les_marins	dia_allez_les_marins	dia_allez_les_marins	dia_allez_les_marins	dia_allez_les_marins	dia_allez_les_marins	dia_allez_les_marins	dia_allez_les_marins	dia_allez_les_marins	dia_allez_les_marins	dia_allez_les_marins	dia_allez_les_marins	dia_allez_les_marins	dia_allez_les_marins	dia_allez_les_marins	dia_allez_les_marins	dia_allez_les_marins	dia_allez_les_marins	dia_allez_les_marins	dia_allez_les_marins	dia_allez_les_marins	dia_allez_les_marins	dia_allez_les_marins	dia_allez_les_marins	dia_allez_les_marins	dia_allez_les_marins	dia_allez_les_marins	dia_allez_les_marins
ID	currentDrawingStroke	brushID	pen_radius	pen_color	repop_color	local_color_greyPen	local_color_greyRepop	local_color_a	blendTransp	particleMode	part_acc_factor	noiseScale	noiseLineScale	noiseType	noiseAngleScale	noiseCenter_0	noiseCenter_1	partAccCenter_0	partAccCenter_1	partic_radius	repopulatingBG	repopulatingCA	CAType	CASubType	clearCA	clearLayer	clearAllLayers	copyTrack12	invertAllLayers	cursorSize	echo	echoNeg	pen_color_pulse	repop_color_pulse	pen_radius_pulse	partic_radius_pulse	part_acc_pulse	repop_hue_pulse	pen_color_replay_pulse	pen_radius_replay_pulse	flashTrack0_freq_1	flashTrack0_freq_2	flashTrack0_freq_3	flashCA_freq_0	flashCA_freq_1	flashCA_freq_2	flashCA_freq_3	flashBack_freq	flashPart_freq	flashPart_duration	flashCameraLength	flashCameraBright	flashCameraBeat	pen_radius_pressure_coef	pen_radius_angleHor_coef	pen_radius_angleVer_coef	tracksSync	currentDrawingTrack	currentVideoTrack	currentPhotoTrack	trackdecay_sign_0	trackdecay_sign_1	trackdecay_sign_2	trackdecay_sign_3	trackdecay_0	trackdecay_1	trackdecay_2	trackdecay_3	CACompositionWeight	trackCompositionWeight_0	trackCompositionWeight_1	trackCompositionWeight_2	trackCompositionWeight_3	CAFinalWeight	trackFinalWeight_0	trackFinalWeight_1	trackFinalWeight_2	trackFinalWeight_3	path_replay_0	path_replay_1	path_replay_2	path_replay_3	path_record_0	path_record_1	path_record_2	path_record_3	auto_beat	auto_beat_duration	CAdecay_sign	CAdecay	CAdecay_pulse	CAParams1	CAParams2	CAParams3	CAParams4	CAParams5	CAParams6	CAParams7	CAParams8	invertMovie	cameraCumul	video_satur_pulse	cameraThreshold	cameraGamma	cameraExposure	cameraGain	cameraBrightness	cameraSaturation	cameraContrast	cameraCaptFreq	movieCaptFreq	cameraWeight	movieWeight	cameraSobel	movieSobel	playing_movieNo	BGSubtr	CAstep	interfaceMode	CAcolorSpread	sound_volume	sound_min	beat_threshold	beat_delay	freeze	photo weight	photo_diaporama	photo_diaporama_fade	photo_diaporama_plateau	reset_sound	currentBGCapture
	0	0	1	6.22857	6.17286	0	0	1	1	1	0.01	0.04	0.5	3	0.511658	1.7	1.7	0.5	0.5	0	0	0	0	0	0	0	1	0	0	3	0	0	3	3	0	0.283469	0.3	0	0	0	0	0	0	0	0	0	0	0	0	0	10	1	9	0	0	0	0	1	3	2	1	1	1	1	0.001339	0	0	0.001	0	0	0	1	0	0	0	0	0	0	0	0	0	0	0	0	0	0	0	0.5	1	0.015755	0	0.755	0.598	0.598	0.606	0.669	0.464	0.236	0	0	2	1	0.175	1	-5	0	20	100	100	3	20	0	0	0	0	3	1	1	0	1	1	0	0.070816	496.122009	0	1	4	2	12	1	1
	0	0	1	6.22857	6.17286	0	0	1	1	1	0.01	0.04	0.5	3	0.511658	1.7	1.7	0.5	0.5	0	0	0	0	0	0	0	1	0	0	3	0	0	3	3	0	0.283469	0.3	0	0	0	0	0	0	0	0	0	0	0	0	0	10	1	9	0	0	0	0	1	3	2	1	1	1	1	0.001339	0	0	0.001	0	0	0	1	0	0	0	0	0	0	0	0	0	0	0	0	0	0	0	0.5	1	0.015755	0	0.755	0.598	0.598	0.606	0.669	0.464	0.236	0	0	2	1	0.175	1	-5	0	20	100	100	3	20	0	0	0	0	3	1	1	0	1	1	0	0.070816	496.122009	0	1	4	2	12	1	1
	s	s	s	s	s	s	s	s	k	s	s	s	s	s	s	s	s	s	s	s	s	s	s	s	s	s	s	s	s	s	s	s	s	s	s	s	s	s	s	s	s	s	s	s	s	s	s	s	s	s	s	s	s	s	s	s	s	s	s	s	s	s	s	s	s	s	s	s	s	s	s	s	s	s	s	s	s	s	s	s	s	s	s	s	s	s	s	s	s	s	l	s	s	s	s	s	s	s	s	s	s	s	s	s	s	s	s	s	s	k	s	s	s	s	s	s	s	s	s	s	k	k	s	s	s	s	s	s	s	s	k
/scene																																																																																																																																			
scene	reagan_dougan	130	prolong_when_ends																																																																																																																																
reagan_dougan	reagan_dougan	reagan_dougan	reagan_dougan	reagan_dougan	reagan_dougan	reagan_dougan	reagan_dougan	reagan_dougan	reagan_dougan	reagan_dougan	reagan_dougan	reagan_dougan	reagan_dougan	reagan_dougan	reagan_dougan	reagan_dougan	reagan_dougan	reagan_dougan	reagan_dougan	reagan_dougan	reagan_dougan	reagan_dougan	reagan_dougan	reagan_dougan	reagan_dougan	reagan_dougan	reagan_dougan	reagan_dougan	reagan_dougan	reagan_dougan	reagan_dougan	reagan_dougan	reagan_dougan	reagan_dougan	reagan_dougan	reagan_dougan	reagan_dougan	reagan_dougan	reagan_dougan	reagan_dougan	reagan_dougan	reagan_dougan	reagan_dougan	reagan_dougan	reagan_dougan	reagan_dougan	reagan_dougan	reagan_dougan	reagan_dougan	reagan_dougan	reagan_dougan	reagan_dougan	reagan_dougan	reagan_dougan	reagan_dougan	reagan_dougan	reagan_dougan	reagan_dougan	reagan_dougan	reagan_dougan	reagan_dougan	reagan_dougan	reagan_dougan	reagan_dougan	reagan_dougan	reagan_dougan	reagan_dougan	reagan_dougan	reagan_dougan	reagan_dougan	reagan_dougan	reagan_dougan	reagan_dougan	reagan_dougan	reagan_dougan	reagan_dougan	reagan_dougan	reagan_dougan	reagan_dougan	reagan_dougan	reagan_dougan	reagan_dougan	reagan_dougan	reagan_dougan	reagan_dougan	reagan_dougan	reagan_dougan	reagan_dougan	reagan_dougan	reagan_dougan	reagan_dougan	reagan_dougan	reagan_dougan	reagan_dougan	reagan_dougan	reagan_dougan	reagan_dougan	reagan_dougan	reagan_dougan	reagan_dougan	reagan_dougan	reagan_dougan	reagan_dougan	reagan_dougan	reagan_dougan	reagan_dougan	reagan_dougan	reagan_dougan	reagan_dougan	reagan_dougan	reagan_dougan	reagan_dougan	reagan_dougan	reagan_dougan	reagan_dougan	reagan_dougan	reagan_dougan	reagan_dougan	reagan_dougan	reagan_dougan	reagan_dougan	reagan_dougan	reagan_dougan	reagan_dougan	reagan_dougan	reagan_dougan	reagan_dougan	reagan_dougan	reagan_dougan	reagan_dougan	reagan_dougan
ID	currentDrawingStroke	brushID	pen_radius	pen_color	repop_color	local_color_greyPen	local_color_greyRepop	local_color_a	blendTransp	particleMode	part_acc_factor	noiseScale	noiseLineScale	noiseType	noiseAngleScale	noiseCenter_0	noiseCenter_1	partAccCenter_0	partAccCenter_1	partic_radius	repopulatingBG	repopulatingCA	CAType	CASubType	clearCA	clearLayer	clearAllLayers	copyTrack12	invertAllLayers	cursorSize	echo	echoNeg	pen_color_pulse	repop_color_pulse	pen_radius_pulse	partic_radius_pulse	part_acc_pulse	repop_hue_pulse	pen_color_replay_pulse	pen_radius_replay_pulse	flashTrack0_freq_1	flashTrack0_freq_2	flashTrack0_freq_3	flashCA_freq_0	flashCA_freq_1	flashCA_freq_2	flashCA_freq_3	flashBack_freq	flashPart_freq	flashPart_duration	flashCameraLength	flashCameraBright	flashCameraBeat	pen_radius_pressure_coef	pen_radius_angleHor_coef	pen_radius_angleVer_coef	tracksSync	currentDrawingTrack	currentVideoTrack	currentPhotoTrack	trackdecay_sign_0	trackdecay_sign_1	trackdecay_sign_2	trackdecay_sign_3	trackdecay_0	trackdecay_1	trackdecay_2	trackdecay_3	CACompositionWeight	trackCompositionWeight_0	trackCompositionWeight_1	trackCompositionWeight_2	trackCompositionWeight_3	CAFinalWeight	trackFinalWeight_0	trackFinalWeight_1	trackFinalWeight_2	trackFinalWeight_3	path_replay_0	path_replay_1	path_replay_2	path_replay_3	path_record_0	path_record_1	path_record_2	path_record_3	auto_beat	auto_beat_duration	CAdecay_sign	CAdecay	CAdecay_pulse	CAParams1	CAParams2	CAParams3	CAParams4	CAParams5	CAParams6	CAParams7	CAParams8	invertMovie	cameraCumul	video_satur_pulse	cameraThreshold	cameraGamma	cameraExposure	cameraGain	cameraBrightness	cameraSaturation	cameraContrast	cameraCaptFreq	movieCaptFreq	cameraWeight	movieWeight	cameraSobel	movieSobel	playing_movieNo	BGSubtr	CAstep	interfaceMode	CAcolorSpread	sound_volume	sound_min	beat_threshold	beat_delay	freeze	photo weight	photo_diaporama	photo_diaporama_fade	photo_diaporama_plateau	reset_sound	currentBGCapture
	0	0	1	6.22857	6.17286	0	0	1	1	1	0.001	0.04	0.1	0	0.511658	1.7	1.7	0.5	0.9	0	0	0	2	1	0	0	1	0	0	3	1	1	3	3	0	0.283469	0.3	0	0	0	0	0	0	0	0	9	0	0	0	0	10	1	9	6	0	0	0	1	3	2	1	1	1	1	0.001339	0	0	0.001	1	1	0	1	0.055102	0	0	1	0	1	0	0	0	0	0	0	0	0	0	0.5	1	0.022047	0.7	0.448819	0.503937	0.661417	0.448819	0.204724	0.07874	0.417323	0	0	2	1	0.175	1	54.425201	34.2677	20	100	77.6063	3	0	0	0	0	0	3	1	1	0	1	1	0	0.070816	496.122009	0	0	-1	2	12	1	0
	0	0	1	6.22857	6.17286	0	0	1	1	1	0.001	0.04	0.1	0	0.511658	1.7	1.7	0.5	0.9	0	0	0	2	1	0	0	1	0	0	3	1	1	3	3	0	0.283469	0.3	0	0	0	0	0	0	0	0	9	0	0	0	0	10	1	9	6	0	0	0	1	3	2	1	1	1	1	0.001339	0	0	0.001	1	1	0	1	0.055102	0	0	1	0	1	0	0	0	0	0	0	0	0	0	0.5	1	0.022047	0.7	0.448819	0.503937	0.661417	0.448819	0.204724	0.07874	0.417323	0	0	2	1	0.175	1	54.425201	34.2677	20	100	77.6063	3	0	0	0	0	0	3	1	1	0	1	1	0	0.070816	496.122009	0	0	-1	2	12	1	0
	s	s	s	s	s	s	s	s	k	s	s	s	s	s	s	s	s	s	s	s	s	s	s	s	s	s	s	s	s	s	s	s	s	s	s	s	s	s	s	s	s	s	s	s	s	s	s	s	s	s	s	s	s	s	s	s	s	s	s	s	s	s	s	s	s	s	s	s	s	s	s	s	s	s	s	s	s	s	s	s	s	s	s	s	s	s	s	s	s	s	l	s	s	s	s	s	s	s	s	s	s	s	s	s	s	s	s	s	s	k	s	s	s	s	s	s	s	s	s	s	k	k	s	s	s	s	s	s	s	s	k
/scene																																																																																																																																			
scene	reagan_dougan_end	18	prolong_when_ends																																																																																																																																
reagan_dougan_end	reagan_dougan_end	reagan_dougan_end	reagan_dougan_end	reagan_dougan_end	reagan_dougan_end	reagan_dougan_end	reagan_dougan_end	reagan_dougan_end	reagan_dougan_end	reagan_dougan_end	reagan_dougan_end	reagan_dougan_end	reagan_dougan_end	reagan_dougan_end	reagan_dougan_end	reagan_dougan_end	reagan_dougan_end	reagan_dougan_end	reagan_dougan_end	reagan_dougan_end	reagan_dougan_end	reagan_dougan_end	reagan_dougan_end	reagan_dougan_end	reagan_dougan_end	reagan_dougan_end	reagan_dougan_end	reagan_dougan_end	reagan_dougan_end	reagan_dougan_end	reagan_dougan_end	reagan_dougan_end	reagan_dougan_end	reagan_dougan_end	reagan_dougan_end	reagan_dougan_end	reagan_dougan_end	reagan_dougan_end	reagan_dougan_end	reagan_dougan_end	reagan_dougan_end	reagan_dougan_end	reagan_dougan_end	reagan_dougan_end	reagan_dougan_end	reagan_dougan_end	reagan_dougan_end	reagan_dougan_end	reagan_dougan_end	reagan_dougan_end	reagan_dougan_end	reagan_dougan_end	reagan_dougan_end	reagan_dougan_end	reagan_dougan_end	reagan_dougan_end	reagan_dougan_end	reagan_dougan_end	reagan_dougan_end	reagan_dougan_end	reagan_dougan_end	reagan_dougan_end	reagan_dougan_end	reagan_dougan_end	reagan_dougan_end	reagan_dougan_end	reagan_dougan_end	reagan_dougan_end	reagan_dougan_end	reagan_dougan_end	reagan_dougan_end	reagan_dougan_end	reagan_dougan_end	reagan_dougan_end	reagan_dougan_end	reagan_dougan_end	reagan_dougan_end	reagan_dougan_end	reagan_dougan_end	reagan_dougan_end	reagan_dougan_end	reagan_dougan_end	reagan_dougan_end	reagan_dougan_end	reagan_dougan_end	reagan_dougan_end	reagan_dougan_end	reagan_dougan_end	reagan_dougan_end	reagan_dougan_end	reagan_dougan_end	reagan_dougan_end	reagan_dougan_end	reagan_dougan_end	reagan_dougan_end	reagan_dougan_end	reagan_dougan_end	reagan_dougan_end	reagan_dougan_end	reagan_dougan_end	reagan_dougan_end	reagan_dougan_end	reagan_dougan_end	reagan_dougan_end	reagan_dougan_end	reagan_dougan_end	reagan_dougan_end	reagan_dougan_end	reagan_dougan_end	reagan_dougan_end	reagan_dougan_end	reagan_dougan_end	reagan_dougan_end	reagan_dougan_end	reagan_dougan_end	reagan_dougan_end	reagan_dougan_end	reagan_dougan_end	reagan_dougan_end	reagan_dougan_end	reagan_dougan_end	reagan_dougan_end	reagan_dougan_end	reagan_dougan_end	reagan_dougan_end	reagan_dougan_end	reagan_dougan_end	reagan_dougan_end	reagan_dougan_end	reagan_dougan_end	reagan_dougan_end
ID	currentDrawingStroke	brushID	pen_radius	pen_color	repop_color	local_color_greyPen	local_color_greyRepop	local_color_a	blendTransp	particleMode	part_acc_factor	noiseScale	noiseLineScale	noiseType	noiseAngleScale	noiseCenter_0	noiseCenter_1	partAccCenter_0	partAccCenter_1	partic_radius	repopulatingBG	repopulatingCA	CAType	CASubType	clearCA	clearLayer	clearAllLayers	copyTrack12	invertAllLayers	cursorSize	echo	echoNeg	pen_color_pulse	repop_color_pulse	pen_radius_pulse	partic_radius_pulse	part_acc_pulse	repop_hue_pulse	pen_color_replay_pulse	pen_radius_replay_pulse	flashTrack0_freq_1	flashTrack0_freq_2	flashTrack0_freq_3	flashCA_freq_0	flashCA_freq_1	flashCA_freq_2	flashCA_freq_3	flashBack_freq	flashPart_freq	flashPart_duration	flashCameraLength	flashCameraBright	flashCameraBeat	pen_radius_pressure_coef	pen_radius_angleHor_coef	pen_radius_angleVer_coef	tracksSync	currentDrawingTrack	currentVideoTrack	currentPhotoTrack	trackdecay_sign_0	trackdecay_sign_1	trackdecay_sign_2	trackdecay_sign_3	trackdecay_0	trackdecay_1	trackdecay_2	trackdecay_3	CACompositionWeight	trackCompositionWeight_0	trackCompositionWeight_1	trackCompositionWeight_2	trackCompositionWeight_3	CAFinalWeight	trackFinalWeight_0	trackFinalWeight_1	trackFinalWeight_2	trackFinalWeight_3	path_replay_0	path_replay_1	path_replay_2	path_replay_3	path_record_0	path_record_1	path_record_2	path_record_3	auto_beat	auto_beat_duration	CAdecay_sign	CAdecay	CAdecay_pulse	CAParams1	CAParams2	CAParams3	CAParams4	CAParams5	CAParams6	CAParams7	CAParams8	invertMovie	cameraCumul	video_satur_pulse	cameraThreshold	cameraGamma	cameraExposure	cameraGain	cameraBrightness	cameraSaturation	cameraContrast	cameraCaptFreq	movieCaptFreq	cameraWeight	movieWeight	cameraSobel	movieSobel	playing_movieNo	BGSubtr	CAstep	interfaceMode	CAcolorSpread	sound_volume	sound_min	beat_threshold	beat_delay	freeze	photo weight	photo_diaporama	photo_diaporama_fade	photo_diaporama_plateau	reset_sound	currentBGCapture
	0	0	1	6.22857	6.17286	0	0	1	1	2	0.001	0	0.1	0	0.511658	1.7	1.7	0.5	0.9	1	0	0	2	1	0	0	0	0	0	3	0.897638	0.622047	3	3	0	0.283469	0.3	0	0	0	9	0	0	0	0	9	0	0	0	0	10	1	9	6	0	0	0	1	3	2	1	1	1	1	0.001339	0	0	0.001	1	0	0	1	0.055102	0	0	1	0	1	0	0	0	0	0	0	0	0	0	0.5	1	0.022047	0.7	0.448819	0.503937	0.661417	0.448819	0.204724	0.07874	0.417323	0	0	2	1	0.175	1	54.425201	34.2677	20	100	77.6063	3	0	0	0	0	0	3	1	1	0	1	1	0	0.070816	496.122009	0	0	-1	2	12	1	0
	0	0	1	6.22857	6.17286	0	0	1	1	2	0.001	0	0.1	0	0.511658	1.7	1.7	0.5	0.9	1	0	0	2	1	0	0	0	0	0	3	0.897638	0.622047	3	3	0	0.283469	0.3	0	0	0	9	0	0	0	0	9	0	0	0	0	10	1	9	6	0	0	0	1	3	2	1	1	1	1	0.001339	0.001339	0	0.001	1	1	0	1	0.055102	0	0	1	0	1	0	0	0	0	0	0	0	0	0	0.5	1	0.022047	0.7	0.448819	0.503937	0.661417	0.448819	0.204724	0.07874	0.417323	0	0	2	1	0.175	1	54.425201	34.2677	20	100	77.6063	3	0	0	0	0	0	3	1	1	0	1	1	0	0.070816	496.122009	0	0	-1	2	12	1	0
	s	s	s	s	s	s	s	s	k	s	s	s	s	s	s	s	s	s	s	s	s	s	s	s	s	s	s	s	s	s	s	s	s	s	s	s	s	s	s	s	s	s	s	s	s	s	s	s	s	s	s	s	s	s	s	s	s	s	s	s	s	s	s	s	s	l	s	s	s	l	s	s	s	s	s	s	s	s	s	s	s	s	s	s	s	s	s	s	s	s	l	s	s	s	s	s	s	s	s	s	s	s	s	s	s	s	s	s	s	k	s	s	s	s	s	s	s	s	s	s	k	k	s	s	s	s	s	s	s	s	k
/scene																																																																																																																																			
scene	john_kanak	260	prolong_when_ends																																																																																																																																
john_kanak	john_kanak	john_kanak	john_kanak	john_kanak	john_kanak	john_kanak	john_kanak	john_kanak	john_kanak	john_kanak	john_kanak	john_kanak	john_kanak	john_kanak	john_kanak	john_kanak	john_kanak	john_kanak	john_kanak	john_kanak	john_kanak	john_kanak	john_kanak	john_kanak	john_kanak	john_kanak	john_kanak	john_kanak	john_kanak	john_kanak	john_kanak	john_kanak	john_kanak	john_kanak	john_kanak	john_kanak	john_kanak	john_kanak	john_kanak	john_kanak	john_kanak	john_kanak	john_kanak	john_kanak	john_kanak	john_kanak	john_kanak	john_kanak	john_kanak	john_kanak	john_kanak	john_kanak	john_kanak	john_kanak	john_kanak	john_kanak	john_kanak	john_kanak	john_kanak	john_kanak	john_kanak	john_kanak	john_kanak	john_kanak	john_kanak	john_kanak	john_kanak	john_kanak	john_kanak	john_kanak	john_kanak	john_kanak	john_kanak	john_kanak	john_kanak	john_kanak	john_kanak	john_kanak	john_kanak	john_kanak	john_kanak	john_kanak	john_kanak	john_kanak	john_kanak	john_kanak	john_kanak	john_kanak	john_kanak	john_kanak	john_kanak	john_kanak	john_kanak	john_kanak	john_kanak	john_kanak	john_kanak	john_kanak	john_kanak	john_kanak	john_kanak	john_kanak	john_kanak	john_kanak	john_kanak	john_kanak	john_kanak	john_kanak	john_kanak	john_kanak	john_kanak	john_kanak	john_kanak	john_kanak	john_kanak	john_kanak	john_kanak	john_kanak	john_kanak	john_kanak	john_kanak	john_kanak	john_kanak	john_kanak	john_kanak	john_kanak	john_kanak	john_kanak	john_kanak	john_kanak	john_kanak
ID	currentDrawingStroke	brushID	pen_radius	pen_color	repop_color	local_color_greyPen	local_color_greyRepop	local_color_a	blendTransp	particleMode	part_acc_factor	noiseScale	noiseLineScale	noiseType	noiseAngleScale	noiseCenter_0	noiseCenter_1	partAccCenter_0	partAccCenter_1	partic_radius	repopulatingBG	repopulatingCA	CAType	CASubType	clearCA	clearLayer	clearAllLayers	copyTrack12	invertAllLayers	cursorSize	echo	echoNeg	pen_color_pulse	repop_color_pulse	pen_radius_pulse	partic_radius_pulse	part_acc_pulse	repop_hue_pulse	pen_color_replay_pulse	pen_radius_replay_pulse	flashTrack0_freq_1	flashTrack0_freq_2	flashTrack0_freq_3	flashCA_freq_0	flashCA_freq_1	flashCA_freq_2	flashCA_freq_3	flashBack_freq	flashPart_freq	flashPart_duration	flashCameraLength	flashCameraBright	flashCameraBeat	pen_radius_pressure_coef	pen_radius_angleHor_coef	pen_radius_angleVer_coef	tracksSync	currentDrawingTrack	currentVideoTrack	currentPhotoTrack	trackdecay_sign_0	trackdecay_sign_1	trackdecay_sign_2	trackdecay_sign_3	trackdecay_0	trackdecay_1	trackdecay_2	trackdecay_3	CACompositionWeight	trackCompositionWeight_0	trackCompositionWeight_1	trackCompositionWeight_2	trackCompositionWeight_3	CAFinalWeight	trackFinalWeight_0	trackFinalWeight_1	trackFinalWeight_2	trackFinalWeight_3	path_replay_0	path_replay_1	path_replay_2	path_replay_3	path_record_0	path_record_1	path_record_2	path_record_3	auto_beat	auto_beat_duration	CAdecay_sign	CAdecay	CAdecay_pulse	CAParams1	CAParams2	CAParams3	CAParams4	CAParams5	CAParams6	CAParams7	CAParams8	invertMovie	cameraCumul	video_satur_pulse	cameraThreshold	cameraGamma	cameraExposure	cameraGain	cameraBrightness	cameraSaturation	cameraContrast	cameraCaptFreq	movieCaptFreq	cameraWeight	movieWeight	cameraSobel	movieSobel	playing_movieNo	BGSubtr	CAstep	interfaceMode	CAcolorSpread	sound_volume	sound_min	beat_threshold	beat_delay	freeze	photo weight	photo_diaporama	photo_diaporama_fade	photo_diaporama_plateau	reset_sound	currentBGCapture
	0	0	2	6.22857	1.21286	1	0.511837	1	1	1	0.002361	0.094517	1	1	10	0.787347	1.0551	0.5	0.5	0	0.960612	0	0	0	0	0	1	0	0	3	0.063061	0.055102	3	3	0	0.283469	0.3	0	0	0	0	0	0	0	0	0	0	0	0	0	10	1	9	6	0	0	0	1	3	2	1	1	1	1	0	0	0	0.001	0.133878	1	0	1	0.055102	0	0	1	0	1	0	0	0	0	0	0	0	0	0	0.5	1	0.015755	0	0.755	0.598	0.598	0.606	0.669	0.464	0.236	0	0	2	1	0.175	1	-5	0	20	100	100	3	20	0	0	0	0	3	1	1	1	1	1	0.299184	0.070816	496.122009	0	0	-1	2	12	1	0
	0	0	2	6.22857	1.21286	1	0.511837	1	1	1	0.002361	0.094517	1	1	10	0.787347	1.0551	0.5	0.5	0	0.960612	0	0	0	0	0	1	0	0	3	0.063061	0.055102	3	3	0	0.283469	0.3	0	0	0	0	0	0	0	0	0	0	0	0	0	10	1	9	6	0	0	0	1	3	2	1	1	1	1	0	0	0	0.001	0.133878	1	0	1	0.055102	0	0	1	0	1	0	0	0	0	0	0	0	0	0	0.5	1	0.015755	0	0.755	0.598	0.598	0.606	0.669	0.464	0.236	0	0	2	1	0.175	1	-5	0	20	100	100	3	20	0	0	0	0	3	1	1	1	1	1	0.299184	0.070816	496.122009	0	0	-1	2	12	1	0
	s	s	s	s	s	s	s	s	k	s	s	s	s	s	s	s	s	s	s	s	s	s	s	s	s	s	s	s	s	s	s	s	s	s	s	s	s	s	s	s	s	s	s	s	s	s	s	s	s	s	s	s	s	s	s	s	s	s	s	s	s	s	s	s	s	s	s	s	s	s	s	s	s	s	s	s	s	s	s	s	s	s	s	s	s	s	s	s	s	s	l	s	s	s	s	s	s	s	s	s	s	s	s	s	s	s	s	s	s	k	s	s	s	s	s	s	s	s	s	s	k	k	s	s	s	s	s	s	s	s	k
/scene																																																																																																																																			
/scenario																																																																																																																																			
videos	1																																																																																																																																		
movie	terreetmer/PecheKanedevenn.mp4																																																																																																																																		
/videos																																																																																																																																			
photos	5																																																																																																																																		
album	terreetmer_reframed/001_nous_sommes_marins_final_reframed																																																																																																																																		
album	terreetmer_reframed/002_encore_et_hop_final_reframed																																																																																																																																		
album	terreetmer_reframed/003_penn_sardin_final_reframed																																																																																																																																		
album	terreetmer_reframed/004_le_grand_lejon_final_reframed																																																																																																																																		
album	terreetmer_reframed/005_allez_les_marins_final_reframed																																																																																																																																		
/photos																																																																																																																																			
brushes	2																																																																																																																																		
ID	Pen_effeComposite_3D																																																																																																																																		
/brushes																																																																																																																																			
soundtracks	8																																																																																																																																		
track	TerreEtMer/01LeVieux.wav																																																																																																																																		
track	TerreEtMer/02AuCafe.wav																																																																																																																																		
track	TerreEtMer/03LesPenn.wav																																																																																																																																		
track	TerreEtMer/04leChant.wav																																																																																																																																		
track	TerreEtMer/05LaBamb.wav																																																																																																																																		
track	TerreEtMer/06Tempete.wav																																																																																																																																		
track	TerreEtMer/07JohnKanak.wav																																																																																																																																		
track	TerreEtMer/08LesMariniers.wav																																																																																																																																		
/soundtracks																																																																																																																																			
palettes	6																																																																																																																																		
baleine	6																																																																																																																																		
baleinier	1.1																																																																																																																																		
soleil	3.75																																																																																																																																		
bateau	6.23																																																																																																																																		
passagers	0																																																																																																																																		
mer	5.428																																																																																																																																		
/palettes																																																																																																																																			
