RANK,1,2,3,4,5,6,7,8,9,10,11,12,13,14,15,16,17,18,19,20,21,22,23,24,25,26,27,28,29,30,31,32,33,34,35,36,37,38,39,40,41,42,43,44,45,46,47,48,49,50,51,52,53,54,55,56,57,58,59,60,61,62,63,64,65,66,67,68,69,70,71,72,73,74,75,76,77,78,79,80,81,82,83,84,85,86,87,88,89,90,91,92,93,94,95,96,97,98,99,100,101,102,103,104,105,106,107,108,109,110,111,112,113,114,115,116,117,118,119,120,121,122,123,124,125,126,127,128,129,130,131,132,133,134,135,136,137,138,139,140
VERBATIM,auto_beat,auto_pulse,clear all Layers,clear layer,current background capture,BG Subtraction on/off,mute screen,invert,snapshot onOff,cursor size,beat duration,Blend Transparency,CA mix weight,ID comment,track_levels,track_levels,CA Master weight,ID comment,track_levels,track_levels,echo,ID comment,echo neg,ID comment,CA decay,CA decay pulse,track_decays,track_decays,pen radius,pen radius pulse,palette for pen,palette for pen,Grey level for pen,ID comment,A color,ID comment,pen brush,pen radius replay,pen radius replay pulse,ID comment,ID comment,current drawing track,current video track,current photo track,ID comment,ID comment,ID comment,ID comment,ID comment,ID comment,ID comment,ID comment,paths,paths,noise scale,ID comment,noise scale,ID comment,pixel acc,pixel acc pulse,pixel acc center-x,ID comment,pixel acc center-y,ID comment,pixel radius ,pixel radius pulse,pixel mode,repopuplating BG (grid),ID comment,repopuplating Path,ID comment,repop_colorBG,repop_colorBG_pulse,repop_greyBG,repop_greyBG_pulse,repop_colorPart,repop_colorPart_pulse,repop_greyPart,repop_greyPart_pulse,camera white balance red,camera white balance blue,camera exposure,camera gain,cameraBrightness,camera saturation,camera contrast,camera gamma,camera capture frequency,movie no,movie capture frequency,photo diaporama index,photo diaporama fade dur,photo diaporama plateau dur,current SvgGpu images,soundtrack no,camera threshold,ID comment,camera Weight,ID comment,Sobel camera,ID comment,movie weight,ID comment,Sobel movie,ID comment,invert movie,ID comment,video saturation ,video saturation pulse,ID comment,ID comment,photo weight,ID comment, Flash track1->BG freq,Flash pixel freq,Flash pixel duration,camera flash length (in frames),camera flash bright (in frames),camera flash beat no,beat threshold,beat min duration (ms),input volume,Min input volume,pen pressure coef,pen angleH coef,pen angleV coef,tracks sync on/off,cumul video,CA update step,color interface display,fast vs slow CA color spreading,freeze on/off,sound enveloppe min,sound envelope max,adc weight (eg microphone),soundtrack weight,sample setUp,sensor spatial pattern,sensor activation,sensor volume
TYPE,bool,bool,bool,bool,bool,bool,bool,bool,bool,int,float,float,float,float,float[0..PG_NB_TRACKS],float[0..PG_NB_TRACKS],float,float,float[0..PG_NB_TRACKS],float[0..PG_NB_TRACKS],float,float,float,float,float,float,float[0..PG_NB_TRACKS],float[0..PG_NB_TRACKS],float,float,float,float,float,float,float,float,int ,float,float,float,float,int,int,int,float,float,float,float,float,float,float,float,bool[1..PG_NB_PATHS],int[1..PG_NB_PATHS],float,float,float,float,float,float,float,float,float,float,float,float,int,float,float,float,float,float,float,float,float,float,float,float,float,float,float,float,float,float,float,float,float,float,int,float,int,float,float,int,int,float,float,float,float,float,float,float,float,float,float,bool,bool,float,float,float,float,float,float,int,int,int,float,float,int,float,float,float,float,float,float,float,bool,int,int,bool,bool,bool,float,float,float,float,float,int ,int ,float
ID,auto_beat,auto_pulse,clearAllLayers,clearLayer,reset_camera,camera_BG_subtr,mute_second_screen,invertAllLayers,take_snapshots,cursorSize,auto_beat_duration,master,CAMixingWeight,CAMixingWeight_pulse,trackMixingWeight,trackMixingWeight_pulse,CAMasterWeight,CAMasterWeight_pulse,trackMasterWeight,trackMasterWeight_pulse,echo,echo_pulse,echoNeg,echoNeg_pulse,CAdecay,CAdecay_pulse,trkDecay,trkDecay_pulse,pen_radius,pen_radius_pulse,pen_color,pen_color_pulse,pen_grey,pen_grey_pulse,pen_color_a,pen_color_a_pulse,pen_brush,pen_radius_replay,pen_radius_replay_pulse,pen_color_replay,pen_color_replay_pulse,currentDrawingTrack,currentVideoTrack,currentPhotoTrack,track_x_transl_0,track_x_transl_0_pulse,track_y_transl_0,track_y_transl_0_pulse,track_x_transl_1,track_x_transl_1_pulse,track_y_transl_1,track_y_transl_1_pulse,path_record,path_replay_trackNo,noiseUpdateScale,noiseUpdateScale_pulse,noiseParticleScale,noiseParticleScale_pulse,pixel_acc,pixel_acc_pulse,pixel_acc_shiftX,pixel_acc_shiftX_pulse,pixel_acc_shiftY,pixel_acc_shiftY_pulse,pixel_radius,pixel_radius_pulse,pixel_mode,repop_BG,repop_BG_pulse,repop_path,repop_path_pulse,repop_colorBG,repop_colorBG_pulse,repop_greyBG,repop_greyBG_pulse,repop_colorPart,repop_colorPart_pulse,repop_greyPart,repop_greyPart_pulse,cameraWB_R,cameraWB_B,cameraExposure,cameraGain,cameraBrightness,cameraSaturation,cameraContrast,cameraGamma,cameraCaptFreq,playing_movieNo,movieCaptFreq,photo_diaporama,photo_diaporama_fade,photo_diaporama_plateau,activeClipArts,playing_soundtrackNo,cameraThreshold,cameraThreshold_pulse,cameraWeight,cameraWeight_pulse,cameraSobel,cameraSobel_pulse,movieWeight,movieWeight_pulse,movieSobel,movieSobel_pulse,invertMovie,invertCamera,video_satur,video_satur_pulse,video_value,video_value_pulse,photoWeight,photoWeight_pulse,flashTrkBG_freq_1,flashPixel_freq,flashPixel_duration,flashCameraTrkLength,flashCameraTrkBright,flashCameraTrkBeat,beat_threshold,beat_delay,sound_volume,sound_min,pen_radius_pressure_coef,pen_radius_angleHor_coef,pen_radius_angleVer_coef,tracksSync,cameraCumul,CAstep,interfaceOnScreen,CAcolorSpread,freeze,sound_env_min,sound_env_max,audioInput_weight,soundtrack_weight,sensor_sample_setUp,sensor_layout,sensor_activation,sensor_vol
FUNCTION,NULL,auto_pulse_callBack,clearAllLayers_callBack,clearLayer_callBack,NULL,NULL,NULL,NULL,NULL,NULL,NULL,NULL,NULL,NULL,NULL,NULL,NULL,NULL,NULL,NULL,NULL,NULL,NULL,NULL,NULL,NULL,NULL,NULL,NULL,NULL,pen_color_callBack,NULL,NULL,NULL,NULL,NULL,pen_brush_callBack,NULL,NULL,NULL,NULL,NULL,NULL,NULL,NULL,NULL,NULL,NULL,NULL,NULL,NULL,NULL,path_record_callBack,path_replay_trackNo_callBack,NULL,NULL,NULL,NULL,NULL,NULL,NULL,NULL,NULL,NULL,NULL,NULL,NULL,NULL,NULL,NULL,NULL,NULL,NULL,NULL,NULL,NULL,NULL,NULL,NULL,cameraWB_R_callBack,cameraWB_B_callBack,cameraExposure_callBack,cameraGain_callBack,cameraBrightness_callBack,cameraSaturation_callBack,cameraContrast_callBack,cameraGamma_callBack,NULL,playing_movieNo_callBack,NULL,photo_diaporama_callBack,NULL,NULL,NULL,NULL,NULL,NULL,NULL,NULL,NULL,NULL,NULL,NULL,NULL,NULL,NULL,NULL,NULL,NULL,NULL,NULL,NULL,NULL,NULL,NULL,NULL,flashCameraTrkLength_callBack,NULL,NULL,NULL,NULL,NULL,NULL,NULL,NULL,NULL,NULL,NULL,NULL,NULL,NULL,NULL,NULL,NULL,audioInput_weight_callBack,soundtrack_weight_callBack,NULL,NULL,NULL,NULL
GUI,auto_beat,auto_pulse,clearAllLayers,clearLayer,reset_camera,camera_BG_subtr,mute_second_screen,invertAllLayers,take_snapshots,cursorSize,auto_beat_duration,master,CAMixingWeight,CAMixingWeight_pulse,trackMixingWeight,trackMixingWeight_pulse,CAMasterWeight,CAMasterWeight_pulse,trackMasterWeight,trackMasterWeight_pulse,echo,echo_pulse,echoNeg,echoNeg_pulse,CAdecay,CAdecay_pulse,trkDecay,trkDecay_pulse,pen_radius,pen_radius_pulse,pen_color,pen_color_pulse,pen_grey,pen_grey_pulse,pen_color_a,pen_color_a_pulse,pen_brush,pen_radius_replay,pen_radius_replay_pulse,pen_color_replay,pen_color_replay_pulse,currentDrawingTrack,currentVideoTrack,currentPhotoTrack,track_x_transl_0,track_x_transl_0_pulse,track_y_transl_0,track_y_transl_0_pulse,track_x_transl_1,track_x_transl_1_pulse,track_y_transl_1,track_y_transl_1_pulse,path_record,path_replay_trackNo,noiseUpdateScale,noiseUpdateScale_pulse,noiseParticleScale,noiseParticleScale_pulse,pixel_acc,pixel_acc_pulse,pixel_acc_shiftX,pixel_acc_shiftX_pulse,pixel_acc_shiftY,pixel_acc_shiftY_pulse,pixel_radius,pixel_radius_pulse,pixel_mode,repop_BG,repop_BG_pulse,repop_path,repop_path_pulse,repop_colorBG,repop_colorBG_pulse,repop_greyBG,repop_greyBG_pulse,repop_colorPart,repop_colorPart_pulse,repop_greyPart,repop_greyPart_pulse,cameraWB_R,cameraWB_B,cameraExposure,cameraGain,cameraBrightness,cameraSaturation,cameraContrast,cameraGamma,cameraCaptFreq,playing_movieNo,movieCaptFreq,photo_diaporama,photo_diaporama_fade,photo_diaporama_plateau,activeClipArts,playing_soundtrackNo,cameraThreshold,cameraThreshold_pulse,cameraWeight,cameraWeight_pulse,cameraSobel,cameraSobel_pulse,movieWeight,movieWeight_pulse,movieSobel,movieSobel_pulse,invertMovie,invertCamera,video_satur,video_satur_pulse,video_value,video_value_pulse,photoWeight,photoWeight_pulse,flashTrkBG_freq_1,flashPixel_freq,flashPixel_duration,flashCameraTrkLength,flashCameraTrkBright,flashCameraTrkBeat,beat_threshold,beat_delay,sound_volume,sound_min,pen_radius_pressure_coef,pen_radius_angleHor_coef,pen_radius_angleVer_coef,tracksSync,cameraCumul,CAstep,interfaceOnScreen,CAcolorSpread,freeze,sound_env_min,sound_env_max,audioInput_weight,soundtrack_weight,sensor_sample_setUp,sensor_layout,sensor_activation,sensor_vol
SHADER,*,*,*,*,*,Update_fs,Master_fs,Master_fs,*,Master_fs,*,Master_fs,Mixing_fs,*,Mixing_fs,*,Master_fs,*,Master_fs,*,Mixing_fs,*,Mixing_fs,*,Update_fs,*,Update_fs,*,*,*,*,*,*,*,*,*,*,*,*,*,*,Update_fs,Update_fs,Update_fs,*,*,*,*,*,*,*,*,*,Update_fs,Update_fs,*,ParticleAnimation_fs,*,Update_fs,*,Update_fs,*,Update_fs,*,Update_fs,*,Update_fs,Update_fs,*,ParticleAnimation_fs,*,*,*,*,*,*,*,*,*,*,*,*,*,*,*,*,Update_fs,*,*,*,*,*,*,Update_fs,*,Update_fs,*,Update_fs,*,Update_fs,*,Update_fs,*,Update_fs,*,Update_fs,*,Update_fs,Update_fs,Update_fs,*,Update_fs,*,*,*,*,*,*,*,*,*,*,*,*,*,*,*,Update_fs,Update_fs,Master_fs,Update_fs,Update_fs,*,*,*,*,*,*,*,*
PULSE,*,*,*,*,*,*,*,*,*,*,*,*,pulsed_absolute,*,pulsed_absolute,*,pulsed_absolute,*,pulsed_absolute,*,pulsed_absolute,*,pulsed_absolute,*,pulsed_absolute,*,pulsed_absolute,*,pulsed_special,*,pulsed_special,*,pulsed_special,*,pulsed_special,*,*,pulsed_special,*,pulsed_special,*,*,*,*,pulsed_differential,*,pulsed_differential,*,pulsed_differential,*,pulsed_differential,*,*,*,pulsed_absolute,*,pulsed_absolute,*,pulsed_absolute,*,pulsed_absolute,*,pulsed_absolute,*,pulsed_absolute,*,*,pulsed_absolute,*,pulsed_absolute,*,pulsed_special,*,pulsed_special,*,pulsed_special,*,pulsed_special,*,*,*,*,*,*,*,*,*,*,*,*,*,*,*,*,*,pulsed_absolute,*,pulsed_absolute,*,pulsed_absolute,*,pulsed_absolute,*,pulsed_absolute,*,*,*,pulsed_absolute,*,pulsed_absolute,*,pulsed_absolute,*,*,*,*,*,*,*,*,*,*,*,*,*,*,*,*,*,*,*,*,*,*,*,*,*,*,*,*
initial_values,,,,,,,,,,,,,,,,,,,,,,,,,,,,,,,,,,,,,,,,,,,,,,,,,,,,,,,,,,,,,,,,,,,,,,,,,,,,,,,,,,,,,,,,,,,,,,,,,,,,,,,,,,,,,,,,,,,,,,,,,,,,,,,,,,,,,,,,,,,,,,,,,,
 ,0,0,0,0,0,1,0,0,0,3,1,1,0,0,0/0,0/0,0,0,1/1,0/0,0,0,0,0,0,0.13,0/0,0/0,4.37565,5,0.58,0,1,0,1,0,0,1,0,0,0,0,1,1,0,0,0,0,0,0,0,0,0/0/0/0/0/0/0,-1/-1/-1/-1/-1/-1/-1,0.574899,0,0.574899,0,0.001,0,0.5,0,0.5,0,0,0,0,0,0,0,0,0.5,0,1,0,0.5,0,1,0,-1,17,-5,0,-2.64123,0,42.80328,46.590118,2,-1,25,-1,0.2,10000,0,-1,0.22095,0,0,0,0,0,0,0,0.50448,0,0,0,0,0,0,0,1,0,0,0,0,10,1,0,0.35,150,0,1,0,0,0,0,0,1,0,1,0,25,91,0,0,1,0,0,1
/initial_values,,,,,,,,,,,,,,,,,,,,,,,,,,,,,,,,,,,,,,,,,,,,,,,,,,,,,,,,,,,,,,,,,,,,,,,,,,,,,,,,,,,,,,,,,,,,,,,,,,,,,,,,,,,,,,,,,,,,,,,,,,,,,,,,,,,,,,,,,,,,,,,,,,
scenario,9,,,,,,,,,,,,,,,,,,,,,,,,,,,,,,,,,,,,,,,,,,,,,,,,,,,,,,,,,,,,,,,,,,,,,,,,,,,,,,,,,,,,,,,,,,,,,,,,,,,,,,,,,,,,,,,,,,,,,,,,,,,,,,,,,,,,,,,,,,,,,,,,,
scene,1_REPL_CYPRUS,60,prolong_when_ends,,,,,,,,,,,,,,,,,,,,,,,,,,,,,,,,,,,,,,,,,,,,,,,,,,,,,,,,,,,,,,,,,,,,,,,,,,,,,,,,,,,,,,,,,,,,,,,,,,,,,,,,,,,,,,,,,,,,,,,,,,,,,,,,,,,,,,,,,,,,,,,
1_REPL_CYPRUS,1_REPL_CYPRUS,1_REPL_CYPRUS,1_REPL_CYPRUS,1_REPL_CYPRUS,1_REPL_CYPRUS,1_REPL_CYPRUS,1_REPL_CYPRUS,1_REPL_CYPRUS,1_REPL_CYPRUS,1_REPL_CYPRUS,1_REPL_CYPRUS,1_REPL_CYPRUS,1_REPL_CYPRUS,1_REPL_CYPRUS,1_REPL_CYPRUS,1_REPL_CYPRUS,1_REPL_CYPRUS,1_REPL_CYPRUS,1_REPL_CYPRUS,1_REPL_CYPRUS,1_REPL_CYPRUS,1_REPL_CYPRUS,1_REPL_CYPRUS,1_REPL_CYPRUS,1_REPL_CYPRUS,1_REPL_CYPRUS,1_REPL_CYPRUS,1_REPL_CYPRUS,1_REPL_CYPRUS,1_REPL_CYPRUS,1_REPL_CYPRUS,1_REPL_CYPRUS,1_REPL_CYPRUS,1_REPL_CYPRUS,1_REPL_CYPRUS,1_REPL_CYPRUS,1_REPL_CYPRUS,1_REPL_CYPRUS,1_REPL_CYPRUS,1_REPL_CYPRUS,1_REPL_CYPRUS,1_REPL_CYPRUS,1_REPL_CYPRUS,1_REPL_CYPRUS,1_REPL_CYPRUS,1_REPL_CYPRUS,1_REPL_CYPRUS,1_REPL_CYPRUS,1_REPL_CYPRUS,1_REPL_CYPRUS,1_REPL_CYPRUS,1_REPL_CYPRUS,1_REPL_CYPRUS,1_REPL_CYPRUS,1_REPL_CYPRUS,1_REPL_CYPRUS,1_REPL_CYPRUS,1_REPL_CYPRUS,1_REPL_CYPRUS,1_REPL_CYPRUS,1_REPL_CYPRUS,1_REPL_CYPRUS,1_REPL_CYPRUS,1_REPL_CYPRUS,1_REPL_CYPRUS,1_REPL_CYPRUS,1_REPL_CYPRUS,1_REPL_CYPRUS,1_REPL_CYPRUS,1_REPL_CYPRUS,1_REPL_CYPRUS,1_REPL_CYPRUS,1_REPL_CYPRUS,1_REPL_CYPRUS,1_REPL_CYPRUS,1_REPL_CYPRUS,1_REPL_CYPRUS,1_REPL_CYPRUS,1_REPL_CYPRUS,1_REPL_CYPRUS,1_REPL_CYPRUS,1_REPL_CYPRUS,1_REPL_CYPRUS,1_REPL_CYPRUS,1_REPL_CYPRUS,1_REPL_CYPRUS,1_REPL_CYPRUS,1_REPL_CYPRUS,1_REPL_CYPRUS,1_REPL_CYPRUS,1_REPL_CYPRUS,1_REPL_CYPRUS,1_REPL_CYPRUS,1_REPL_CYPRUS,1_REPL_CYPRUS,1_REPL_CYPRUS,1_REPL_CYPRUS,1_REPL_CYPRUS,1_REPL_CYPRUS,1_REPL_CYPRUS,1_REPL_CYPRUS,1_REPL_CYPRUS,1_REPL_CYPRUS,1_REPL_CYPRUS,1_REPL_CYPRUS,1_REPL_CYPRUS,1_REPL_CYPRUS,1_REPL_CYPRUS,1_REPL_CYPRUS,1_REPL_CYPRUS,1_REPL_CYPRUS,1_REPL_CYPRUS,1_REPL_CYPRUS,1_REPL_CYPRUS,1_REPL_CYPRUS,1_REPL_CYPRUS,1_REPL_CYPRUS,1_REPL_CYPRUS,1_REPL_CYPRUS,1_REPL_CYPRUS,1_REPL_CYPRUS,1_REPL_CYPRUS,1_REPL_CYPRUS,1_REPL_CYPRUS,1_REPL_CYPRUS,1_REPL_CYPRUS,1_REPL_CYPRUS,1_REPL_CYPRUS,1_REPL_CYPRUS,1_REPL_CYPRUS,1_REPL_CYPRUS,1_REPL_CYPRUS,1_REPL_CYPRUS,1_REPL_CYPRUS,1_REPL_CYPRUS,1_REPL_CYPRUS,1_REPL_CYPRUS,1_REPL_CYPRUS,1_REPL_CYPRUS,1_REPL_CYPRUS
ID,auto_beat,auto_pulse,clearAllLayers,clearLayer,reset_camera,camera_BG_subtr,mute_second_screen,invertAllLayers,take_snapshots,cursorSize,auto_beat_duration,master,CAMixingWeight,CAMixingWeight_pulse,trackMixingWeight_0,trackMixingWeight_0_pulse,CAMasterWeight,CAMasterWeight_pulse,trackMasterWeight_0,trackMasterWeight_0_pulse,echo,echo_pulse,echoNeg,echoNeg_pulse,CAdecay,CAdecay_pulse,trkDecay_0,trkDecay_0_pulse,pen_radius,pen_radius_pulse,pen_color,pen_color_pulse,pen_grey,pen_grey_pulse,pen_color_a,pen_color_a_pulse,pen_brush,pen_radius_replay,pen_radius_replay_pulse,pen_color_replay,pen_color_replay_pulse,currentDrawingTrack,currentVideoTrack,currentPhotoTrack,track_x_transl_0,track_x_transl_0_pulse,track_y_transl_0,track_y_transl_0_pulse,track_x_transl_1,track_x_transl_1_pulse,track_y_transl_1,track_y_transl_1_pulse,path_record_1,path_replay_trackNo_1,noiseUpdateScale,noiseUpdateScale_pulse,noiseParticleScale,noiseParticleScale_pulse,pixel_acc,pixel_acc_pulse,pixel_acc_shiftX,pixel_acc_shiftX_pulse,pixel_acc_shiftY,pixel_acc_shiftY_pulse,pixel_radius,pixel_radius_pulse,pixel_mode,repop_BG,repop_BG_pulse,repop_path,repop_path_pulse,repop_colorBG,repop_colorBG_pulse,repop_greyBG,repop_greyBG_pulse,repop_colorPart,repop_colorPart_pulse,repop_greyPart,repop_greyPart_pulse,cameraWB_R,cameraWB_B,cameraExposure,cameraGain,cameraBrightness,cameraSaturation,cameraContrast,cameraGamma,cameraCaptFreq,playing_movieNo,movieCaptFreq,photo_diaporama,photo_diaporama_fade,photo_diaporama_plateau,activeClipArts,playing_soundtrackNo,cameraThreshold,cameraThreshold_pulse,cameraWeight,cameraWeight_pulse,cameraSobel,cameraSobel_pulse,movieWeight,movieWeight_pulse,movieSobel,movieSobel_pulse,invertMovie,invertCamera,video_satur,video_satur_pulse,video_value,video_value_pulse,photoWeight,photoWeight_pulse,flashTrkBG_freq_1,flashPixel_freq,flashPixel_duration,flashCameraTrkLength,flashCameraTrkBright,flashCameraTrkBeat,beat_threshold,beat_delay,sound_volume,sound_min,pen_radius_pressure_coef,pen_radius_angleHor_coef,pen_radius_angleVer_coef,tracksSync,cameraCumul,CAstep,interfaceOnScreen,CAcolorSpread,freeze,sound_env_min,sound_env_max,audioInput_weight,soundtrack_weight,sensor_sample_setUp,sensor_layout,sensor_activation,sensor_vol
 ,0,0,1,0,0,1,0,0,0,3,1,1,0,0,0/0,0/0,0,0,0.5/1,0/0,0,0,0,0,0,-0.13,0.001/0,0/0,4.37565,0,0,0,1,0,1,0,0,1,0,0,0,0,1,1,0,0,0,0,0,0,0,0,0/0/0/0/0/0/0,-1/-1/-1/-1/-1/-1/-1,0.574899,0,0.574899,0,0.001,0,0.5,0,0.5,0,0,0,0,0,0,0,0,0.5,0,1,0,0.5,0,1,0,-1,17,-5,0,-2.64123,0,42.80328,46.590118,2,-1,20,0,0.2,10000,0,-1,0.22095,0,0,0,0,0,0,0,0,0,0,0,0.5,0,0,0,1,0,0,0,0,10,1,0,0.35,150,0,1,0,0,0,0,0,1,0,1,0,25,91,0,0,1,0,0,1
 ,0,0,1,0,0,1,0,0,0,3,1,1,0,0,0/0,0/0,0,0,0.5/1,0/0,0,0,0,0,0,-0.13,0.001/0,0/0,4.37565,0,0,0,1,0,1,0,0,1,0,0,0,0,1,1,0,0,0,0,0,0,0,0,0/0/0/0/0/0/0,-1/-1/-1/-1/-1/-1/-1,0.574899,0,0.574899,0,0.001,0,0.5,0,0.5,0,0,0,0,0,0,0,0,0.5,0,1,0,0.5,0,1,0,-1,17,-5,0,-2.64123,0,42.80328,46.590118,2,-1,20,0,0.2,10000,0,-1,0.22095,0,0,0,0,0,0,0,0,0,0,0,0.5,0,0,0,1,0,0,0,0,10,1,0,0.35,150,0,1,0,0,0,0,0,1,0,1,0,25,91,0,0,1,0,0,1
,k,s,s,s,s,s,s,s,s,s,s,s,s,s,s,s,s,s,s,s,s,s,s,s,s,s,s,s,s,s,s,s,s,s,s,s,s,k,s,s,s,s,s,s,s,s,s,s,s,s,s,s,s,s,s,s,s,s,s,s,s,s,s,s,s,s,s,s,s,s,s,s,s,s,s,s,s,s,s,s,s,s,s,s,s,s,s,s,s,s,s,s,s,s,s,s,s,s,s,s,s,s,s,s,s,s,s,s,s,s,s,s,s,s,s,s,s,s,s,k,s,k,k,s,s,s,s,s,s,s,s,s,k,k,s,s,s,s,s,k
/scene,,,,,,,,,,,,,,,,,,,,,,,,,,,,,,,,,,,,,,,,,,,,,,,,,,,,,,,,,,,,,,,,,,,,,,,,,,,,,,,,,,,,,,,,,,,,,,,,,,,,,,,,,,,,,,,,,,,,,,,,,,,,,,,,,,,,,,,,,,,,,,,,,,
scene,2_REPL_DANK,60,prolong_when_ends,,,,,,,,,,,,,,,,,,,,,,,,,,,,,,,,,,,,,,,,,,,,,,,,,,,,,,,,,,,,,,,,,,,,,,,,,,,,,,,,,,,,,,,,,,,,,,,,,,,,,,,,,,,,,,,,,,,,,,,,,,,,,,,,,,,,,,,,,,,,,,,
2_REPL_DANK,2_REPL_DANK,2_REPL_DANK,2_REPL_DANK,2_REPL_DANK,2_REPL_DANK,2_REPL_DANK,2_REPL_DANK,2_REPL_DANK,2_REPL_DANK,2_REPL_DANK,2_REPL_DANK,2_REPL_DANK,2_REPL_DANK,2_REPL_DANK,2_REPL_DANK,2_REPL_DANK,2_REPL_DANK,2_REPL_DANK,2_REPL_DANK,2_REPL_DANK,2_REPL_DANK,2_REPL_DANK,2_REPL_DANK,2_REPL_DANK,2_REPL_DANK,2_REPL_DANK,2_REPL_DANK,2_REPL_DANK,2_REPL_DANK,2_REPL_DANK,2_REPL_DANK,2_REPL_DANK,2_REPL_DANK,2_REPL_DANK,2_REPL_DANK,2_REPL_DANK,2_REPL_DANK,2_REPL_DANK,2_REPL_DANK,2_REPL_DANK,2_REPL_DANK,2_REPL_DANK,2_REPL_DANK,2_REPL_DANK,2_REPL_DANK,2_REPL_DANK,2_REPL_DANK,2_REPL_DANK,2_REPL_DANK,2_REPL_DANK,2_REPL_DANK,2_REPL_DANK,2_REPL_DANK,2_REPL_DANK,2_REPL_DANK,2_REPL_DANK,2_REPL_DANK,2_REPL_DANK,2_REPL_DANK,2_REPL_DANK,2_REPL_DANK,2_REPL_DANK,2_REPL_DANK,2_REPL_DANK,2_REPL_DANK,2_REPL_DANK,2_REPL_DANK,2_REPL_DANK,2_REPL_DANK,2_REPL_DANK,2_REPL_DANK,2_REPL_DANK,2_REPL_DANK,2_REPL_DANK,2_REPL_DANK,2_REPL_DANK,2_REPL_DANK,2_REPL_DANK,2_REPL_DANK,2_REPL_DANK,2_REPL_DANK,2_REPL_DANK,2_REPL_DANK,2_REPL_DANK,2_REPL_DANK,2_REPL_DANK,2_REPL_DANK,2_REPL_DANK,2_REPL_DANK,2_REPL_DANK,2_REPL_DANK,2_REPL_DANK,2_REPL_DANK,2_REPL_DANK,2_REPL_DANK,2_REPL_DANK,2_REPL_DANK,2_REPL_DANK,2_REPL_DANK,2_REPL_DANK,2_REPL_DANK,2_REPL_DANK,2_REPL_DANK,2_REPL_DANK,2_REPL_DANK,2_REPL_DANK,2_REPL_DANK,2_REPL_DANK,2_REPL_DANK,2_REPL_DANK,2_REPL_DANK,2_REPL_DANK,2_REPL_DANK,2_REPL_DANK,2_REPL_DANK,2_REPL_DANK,2_REPL_DANK,2_REPL_DANK,2_REPL_DANK,2_REPL_DANK,2_REPL_DANK,2_REPL_DANK,2_REPL_DANK,2_REPL_DANK,2_REPL_DANK,2_REPL_DANK,2_REPL_DANK,2_REPL_DANK,2_REPL_DANK,2_REPL_DANK,2_REPL_DANK,2_REPL_DANK,2_REPL_DANK,2_REPL_DANK,2_REPL_DANK,2_REPL_DANK,2_REPL_DANK,2_REPL_DANK,2_REPL_DANK,2_REPL_DANK
ID,auto_beat,auto_pulse,clearAllLayers,clearLayer,reset_camera,camera_BG_subtr,mute_second_screen,invertAllLayers,take_snapshots,cursorSize,auto_beat_duration,master,CAMixingWeight,CAMixingWeight_pulse,trackMixingWeight_0,trackMixingWeight_0_pulse,CAMasterWeight,CAMasterWeight_pulse,trackMasterWeight_0,trackMasterWeight_0_pulse,echo,echo_pulse,echoNeg,echoNeg_pulse,CAdecay,CAdecay_pulse,trkDecay_0,trkDecay_0_pulse,pen_radius,pen_radius_pulse,pen_color,pen_color_pulse,pen_grey,pen_grey_pulse,pen_color_a,pen_color_a_pulse,pen_brush,pen_radius_replay,pen_radius_replay_pulse,pen_color_replay,pen_color_replay_pulse,currentDrawingTrack,currentVideoTrack,currentPhotoTrack,track_x_transl_0,track_x_transl_0_pulse,track_y_transl_0,track_y_transl_0_pulse,track_x_transl_1,track_x_transl_1_pulse,track_y_transl_1,track_y_transl_1_pulse,path_record_1,path_replay_trackNo_1,noiseUpdateScale,noiseUpdateScale_pulse,noiseParticleScale,noiseParticleScale_pulse,pixel_acc,pixel_acc_pulse,pixel_acc_shiftX,pixel_acc_shiftX_pulse,pixel_acc_shiftY,pixel_acc_shiftY_pulse,pixel_radius,pixel_radius_pulse,pixel_mode,repop_BG,repop_BG_pulse,repop_path,repop_path_pulse,repop_colorBG,repop_colorBG_pulse,repop_greyBG,repop_greyBG_pulse,repop_colorPart,repop_colorPart_pulse,repop_greyPart,repop_greyPart_pulse,cameraWB_R,cameraWB_B,cameraExposure,cameraGain,cameraBrightness,cameraSaturation,cameraContrast,cameraGamma,cameraCaptFreq,playing_movieNo,movieCaptFreq,photo_diaporama,photo_diaporama_fade,photo_diaporama_plateau,activeClipArts,playing_soundtrackNo,cameraThreshold,cameraThreshold_pulse,cameraWeight,cameraWeight_pulse,cameraSobel,cameraSobel_pulse,movieWeight,movieWeight_pulse,movieSobel,movieSobel_pulse,invertMovie,invertCamera,video_satur,video_satur_pulse,video_value,video_value_pulse,photoWeight,photoWeight_pulse,flashTrkBG_freq_1,flashPixel_freq,flashPixel_duration,flashCameraTrkLength,flashCameraTrkBright,flashCameraTrkBeat,beat_threshold,beat_delay,sound_volume,sound_min,pen_radius_pressure_coef,pen_radius_angleHor_coef,pen_radius_angleVer_coef,tracksSync,cameraCumul,CAstep,interfaceOnScreen,CAcolorSpread,freeze,sound_env_min,sound_env_max,audioInput_weight,soundtrack_weight,sensor_sample_setUp,sensor_layout,sensor_activation,sensor_vol
 ,0,0,1,0,0,1,0,0,0,3,1,1,0,0,0/0,0/0,0,0,0.5/1,0/0,0,0,0,0,0,-0.13,0.001/0,0/0,4.37565,0,0,0,1,0,1,0,0,1,0,0,0,0,1,1,0,0,0,0,0,0,0,0,0/0/0/0/0/0/0,-1/-1/-1/-1/-1/-1/-1,0.574899,0,0.574899,0,0.001,0,0.5,0,0.5,0,0,0,0,0,0,0,0,0.5,0,1,0,0.5,0,1,0,-1,17,-5,0,-2.64123,0,42.80328,46.590118,2,-1,20,1,0.2,10000,0,-1,0.22095,0,0,0,0,0,0,0,0,0,0,0,0.5,0,0,0,1,0,0,0,0,10,1,0,0.35,150,0,1,0,0,0,0,0,1,0,1,0,25,91,0,0,1,0,0,1
 ,0,0,1,0,0,1,0,0,0,3,1,1,0,0,0/0,0/0,0,0,0.5/1,0/0,0,0,0,0,0,-0.13,0.001/0,0/0,4.37565,0,0,0,1,0,1,0,0,1,0,0,0,0,1,1,0,0,0,0,0,0,0,0,0/0/0/0/0/0/0,-1/-1/-1/-1/-1/-1/-1,0.574899,0,0.574899,0,0.001,0,0.5,0,0.5,0,0,0,0,0,0,0,0,0.5,0,1,0,0.5,0,1,0,-1,17,-5,0,-2.64123,0,42.80328,46.590118,2,-1,20,1,0.2,10000,0,-1,0.22095,0,0,0,0,0,0,0,0,0,0,0,0.5,0,0,0,1,0,0,0,0,10,1,0,0.35,150,0,1,0,0,0,0,0,1,0,1,0,25,91,0,0,1,0,0,1
,k,s,s,s,s,s,s,s,s,s,s,s,s,s,s,s,s,s,s,s,s,s,s,s,s,s,s,s,s,s,s,s,s,s,s,s,s,k,s,s,s,s,s,s,s,s,s,s,s,s,s,s,s,s,s,s,s,s,s,s,s,s,s,s,s,s,s,s,s,s,s,s,s,s,s,s,s,s,s,s,s,s,s,s,s,s,s,s,s,s,s,s,s,s,s,s,s,s,s,s,s,s,s,s,s,s,s,s,s,s,s,s,s,s,s,s,s,s,s,k,s,k,k,s,s,s,s,s,s,s,s,s,k,k,s,s,s,s,s,k
/scene,,,,,,,,,,,,,,,,,,,,,,,,,,,,,,,,,,,,,,,,,,,,,,,,,,,,,,,,,,,,,,,,,,,,,,,,,,,,,,,,,,,,,,,,,,,,,,,,,,,,,,,,,,,,,,,,,,,,,,,,,,,,,,,,,,,,,,,,,,,,,,,,,,
scene,3_REPL_SWEDEN,60,prolong_when_ends,,,,,,,,,,,,,,,,,,,,,,,,,,,,,,,,,,,,,,,,,,,,,,,,,,,,,,,,,,,,,,,,,,,,,,,,,,,,,,,,,,,,,,,,,,,,,,,,,,,,,,,,,,,,,,,,,,,,,,,,,,,,,,,,,,,,,,,,,,,,,,,
3_REPL_SWEDEN,3_REPL_SWEDEN,3_REPL_SWEDEN,3_REPL_SWEDEN,3_REPL_SWEDEN,3_REPL_SWEDEN,3_REPL_SWEDEN,3_REPL_SWEDEN,3_REPL_SWEDEN,3_REPL_SWEDEN,3_REPL_SWEDEN,3_REPL_SWEDEN,3_REPL_SWEDEN,3_REPL_SWEDEN,3_REPL_SWEDEN,3_REPL_SWEDEN,3_REPL_SWEDEN,3_REPL_SWEDEN,3_REPL_SWEDEN,3_REPL_SWEDEN,3_REPL_SWEDEN,3_REPL_SWEDEN,3_REPL_SWEDEN,3_REPL_SWEDEN,3_REPL_SWEDEN,3_REPL_SWEDEN,3_REPL_SWEDEN,3_REPL_SWEDEN,3_REPL_SWEDEN,3_REPL_SWEDEN,3_REPL_SWEDEN,3_REPL_SWEDEN,3_REPL_SWEDEN,3_REPL_SWEDEN,3_REPL_SWEDEN,3_REPL_SWEDEN,3_REPL_SWEDEN,3_REPL_SWEDEN,3_REPL_SWEDEN,3_REPL_SWEDEN,3_REPL_SWEDEN,3_REPL_SWEDEN,3_REPL_SWEDEN,3_REPL_SWEDEN,3_REPL_SWEDEN,3_REPL_SWEDEN,3_REPL_SWEDEN,3_REPL_SWEDEN,3_REPL_SWEDEN,3_REPL_SWEDEN,3_REPL_SWEDEN,3_REPL_SWEDEN,3_REPL_SWEDEN,3_REPL_SWEDEN,3_REPL_SWEDEN,3_REPL_SWEDEN,3_REPL_SWEDEN,3_REPL_SWEDEN,3_REPL_SWEDEN,3_REPL_SWEDEN,3_REPL_SWEDEN,3_REPL_SWEDEN,3_REPL_SWEDEN,3_REPL_SWEDEN,3_REPL_SWEDEN,3_REPL_SWEDEN,3_REPL_SWEDEN,3_REPL_SWEDEN,3_REPL_SWEDEN,3_REPL_SWEDEN,3_REPL_SWEDEN,3_REPL_SWEDEN,3_REPL_SWEDEN,3_REPL_SWEDEN,3_REPL_SWEDEN,3_REPL_SWEDEN,3_REPL_SWEDEN,3_REPL_SWEDEN,3_REPL_SWEDEN,3_REPL_SWEDEN,3_REPL_SWEDEN,3_REPL_SWEDEN,3_REPL_SWEDEN,3_REPL_SWEDEN,3_REPL_SWEDEN,3_REPL_SWEDEN,3_REPL_SWEDEN,3_REPL_SWEDEN,3_REPL_SWEDEN,3_REPL_SWEDEN,3_REPL_SWEDEN,3_REPL_SWEDEN,3_REPL_SWEDEN,3_REPL_SWEDEN,3_REPL_SWEDEN,3_REPL_SWEDEN,3_REPL_SWEDEN,3_REPL_SWEDEN,3_REPL_SWEDEN,3_REPL_SWEDEN,3_REPL_SWEDEN,3_REPL_SWEDEN,3_REPL_SWEDEN,3_REPL_SWEDEN,3_REPL_SWEDEN,3_REPL_SWEDEN,3_REPL_SWEDEN,3_REPL_SWEDEN,3_REPL_SWEDEN,3_REPL_SWEDEN,3_REPL_SWEDEN,3_REPL_SWEDEN,3_REPL_SWEDEN,3_REPL_SWEDEN,3_REPL_SWEDEN,3_REPL_SWEDEN,3_REPL_SWEDEN,3_REPL_SWEDEN,3_REPL_SWEDEN,3_REPL_SWEDEN,3_REPL_SWEDEN,3_REPL_SWEDEN,3_REPL_SWEDEN,3_REPL_SWEDEN,3_REPL_SWEDEN,3_REPL_SWEDEN,3_REPL_SWEDEN,3_REPL_SWEDEN,3_REPL_SWEDEN,3_REPL_SWEDEN,3_REPL_SWEDEN,3_REPL_SWEDEN,3_REPL_SWEDEN,3_REPL_SWEDEN,3_REPL_SWEDEN,3_REPL_SWEDEN,3_REPL_SWEDEN,3_REPL_SWEDEN,3_REPL_SWEDEN,3_REPL_SWEDEN,3_REPL_SWEDEN
ID,auto_beat,auto_pulse,clearAllLayers,clearLayer,reset_camera,camera_BG_subtr,mute_second_screen,invertAllLayers,take_snapshots,cursorSize,auto_beat_duration,master,CAMixingWeight,CAMixingWeight_pulse,trackMixingWeight_0,trackMixingWeight_0_pulse,CAMasterWeight,CAMasterWeight_pulse,trackMasterWeight_0,trackMasterWeight_0_pulse,echo,echo_pulse,echoNeg,echoNeg_pulse,CAdecay,CAdecay_pulse,trkDecay_0,trkDecay_0_pulse,pen_radius,pen_radius_pulse,pen_color,pen_color_pulse,pen_grey,pen_grey_pulse,pen_color_a,pen_color_a_pulse,pen_brush,pen_radius_replay,pen_radius_replay_pulse,pen_color_replay,pen_color_replay_pulse,currentDrawingTrack,currentVideoTrack,currentPhotoTrack,track_x_transl_0,track_x_transl_0_pulse,track_y_transl_0,track_y_transl_0_pulse,track_x_transl_1,track_x_transl_1_pulse,track_y_transl_1,track_y_transl_1_pulse,path_record_1,path_replay_trackNo_1,noiseUpdateScale,noiseUpdateScale_pulse,noiseParticleScale,noiseParticleScale_pulse,pixel_acc,pixel_acc_pulse,pixel_acc_shiftX,pixel_acc_shiftX_pulse,pixel_acc_shiftY,pixel_acc_shiftY_pulse,pixel_radius,pixel_radius_pulse,pixel_mode,repop_BG,repop_BG_pulse,repop_path,repop_path_pulse,repop_colorBG,repop_colorBG_pulse,repop_greyBG,repop_greyBG_pulse,repop_colorPart,repop_colorPart_pulse,repop_greyPart,repop_greyPart_pulse,cameraWB_R,cameraWB_B,cameraExposure,cameraGain,cameraBrightness,cameraSaturation,cameraContrast,cameraGamma,cameraCaptFreq,playing_movieNo,movieCaptFreq,photo_diaporama,photo_diaporama_fade,photo_diaporama_plateau,activeClipArts,playing_soundtrackNo,cameraThreshold,cameraThreshold_pulse,cameraWeight,cameraWeight_pulse,cameraSobel,cameraSobel_pulse,movieWeight,movieWeight_pulse,movieSobel,movieSobel_pulse,invertMovie,invertCamera,video_satur,video_satur_pulse,video_value,video_value_pulse,photoWeight,photoWeight_pulse,flashTrkBG_freq_1,flashPixel_freq,flashPixel_duration,flashCameraTrkLength,flashCameraTrkBright,flashCameraTrkBeat,beat_threshold,beat_delay,sound_volume,sound_min,pen_radius_pressure_coef,pen_radius_angleHor_coef,pen_radius_angleVer_coef,tracksSync,cameraCumul,CAstep,interfaceOnScreen,CAcolorSpread,freeze,sound_env_min,sound_env_max,audioInput_weight,soundtrack_weight,sensor_sample_setUp,sensor_layout,sensor_activation,sensor_vol
 ,0,0,1,0,0,1,0,0,0,3,1,1,0,0,0/0,0/0,0,0,0.5/1,0/0,0,0,0,0,0,-0.13,0.001/0,0/0,4.37565,0,0,0,1,0,1,0,0,1,0,0,0,0,1,1,0,0,0,0,0,0,0,0,0/0/0/0/0/0/0,-1/-1/-1/-1/-1/-1/-1,0.574899,0,0.574899,0,0.001,0,0.5,0,0.5,0,0,0,0,0,0,0,0,0.5,0,1,0,0.5,0,1,0,-1,17,-5,0,-2.64123,0,42.80328,46.590118,2,-1,20,2,0.2,10000,0,-1,0.22095,0,0,0,0,0,0,0,0,0,0,0,0.5,0,0,0,1,0,0,0,0,10,1,0,0.35,150,0,1,0,0,0,0,0,1,0,1,0,25,91,0,0,1,0,0,1
 ,0,0,1,0,0,1,0,0,0,3,1,1,0,0,0/0,0/0,0,0,0.5/1,0/0,0,0,0,0,0,-0.13,0.001/0,0/0,4.37565,0,0,0,1,0,1,0,0,1,0,0,0,0,1,1,0,0,0,0,0,0,0,0,0/0/0/0/0/0/0,-1/-1/-1/-1/-1/-1/-1,0.574899,0,0.574899,0,0.001,0,0.5,0,0.5,0,0,0,0,0,0,0,0,0.5,0,1,0,0.5,0,1,0,-1,17,-5,0,-2.64123,0,42.80328,46.590118,2,-1,20,2,0.2,10000,0,-1,0.22095,0,0,0,0,0,0,0,0,0,0,0,0.5,0,0,0,1,0,0,0,0,10,1,0,0.35,150,0,1,0,0,0,0,0,1,0,1,0,25,91,0,0,1,0,0,1
,k,s,s,s,s,s,s,s,s,s,s,s,s,s,s,s,s,s,s,s,s,s,s,s,s,s,s,s,s,s,s,s,s,s,s,s,s,k,s,s,s,s,s,s,s,s,s,s,s,s,s,s,s,s,s,s,s,s,s,s,s,s,s,s,s,s,s,s,s,s,s,s,s,s,s,s,s,s,s,s,s,s,s,s,s,s,s,s,s,s,s,s,s,s,s,s,s,s,s,s,s,s,s,s,s,s,s,s,s,s,s,s,s,s,s,s,s,s,s,k,s,k,k,s,s,s,s,s,s,s,s,s,k,k,s,s,s,s,s,k
/scene,,,,,,,,,,,,,,,,,,,,,,,,,,,,,,,,,,,,,,,,,,,,,,,,,,,,,,,,,,,,,,,,,,,,,,,,,,,,,,,,,,,,,,,,,,,,,,,,,,,,,,,,,,,,,,,,,,,,,,,,,,,,,,,,,,,,,,,,,,,,,,,,,,
scene,4_REPL_GERM,60,prolong_when_ends,,,,,,,,,,,,,,,,,,,,,,,,,,,,,,,,,,,,,,,,,,,,,,,,,,,,,,,,,,,,,,,,,,,,,,,,,,,,,,,,,,,,,,,,,,,,,,,,,,,,,,,,,,,,,,,,,,,,,,,,,,,,,,,,,,,,,,,,,,,,,,,
4_REPL_GERM,4_REPL_GERM,4_REPL_GERM,4_REPL_GERM,4_REPL_GERM,4_REPL_GERM,4_REPL_GERM,4_REPL_GERM,4_REPL_GERM,4_REPL_GERM,4_REPL_GERM,4_REPL_GERM,4_REPL_GERM,4_REPL_GERM,4_REPL_GERM,4_REPL_GERM,4_REPL_GERM,4_REPL_GERM,4_REPL_GERM,4_REPL_GERM,4_REPL_GERM,4_REPL_GERM,4_REPL_GERM,4_REPL_GERM,4_REPL_GERM,4_REPL_GERM,4_REPL_GERM,4_REPL_GERM,4_REPL_GERM,4_REPL_GERM,4_REPL_GERM,4_REPL_GERM,4_REPL_GERM,4_REPL_GERM,4_REPL_GERM,4_REPL_GERM,4_REPL_GERM,4_REPL_GERM,4_REPL_GERM,4_REPL_GERM,4_REPL_GERM,4_REPL_GERM,4_REPL_GERM,4_REPL_GERM,4_REPL_GERM,4_REPL_GERM,4_REPL_GERM,4_REPL_GERM,4_REPL_GERM,4_REPL_GERM,4_REPL_GERM,4_REPL_GERM,4_REPL_GERM,4_REPL_GERM,4_REPL_GERM,4_REPL_GERM,4_REPL_GERM,4_REPL_GERM,4_REPL_GERM,4_REPL_GERM,4_REPL_GERM,4_REPL_GERM,4_REPL_GERM,4_REPL_GERM,4_REPL_GERM,4_REPL_GERM,4_REPL_GERM,4_REPL_GERM,4_REPL_GERM,4_REPL_GERM,4_REPL_GERM,4_REPL_GERM,4_REPL_GERM,4_REPL_GERM,4_REPL_GERM,4_REPL_GERM,4_REPL_GERM,4_REPL_GERM,4_REPL_GERM,4_REPL_GERM,4_REPL_GERM,4_REPL_GERM,4_REPL_GERM,4_REPL_GERM,4_REPL_GERM,4_REPL_GERM,4_REPL_GERM,4_REPL_GERM,4_REPL_GERM,4_REPL_GERM,4_REPL_GERM,4_REPL_GERM,4_REPL_GERM,4_REPL_GERM,4_REPL_GERM,4_REPL_GERM,4_REPL_GERM,4_REPL_GERM,4_REPL_GERM,4_REPL_GERM,4_REPL_GERM,4_REPL_GERM,4_REPL_GERM,4_REPL_GERM,4_REPL_GERM,4_REPL_GERM,4_REPL_GERM,4_REPL_GERM,4_REPL_GERM,4_REPL_GERM,4_REPL_GERM,4_REPL_GERM,4_REPL_GERM,4_REPL_GERM,4_REPL_GERM,4_REPL_GERM,4_REPL_GERM,4_REPL_GERM,4_REPL_GERM,4_REPL_GERM,4_REPL_GERM,4_REPL_GERM,4_REPL_GERM,4_REPL_GERM,4_REPL_GERM,4_REPL_GERM,4_REPL_GERM,4_REPL_GERM,4_REPL_GERM,4_REPL_GERM,4_REPL_GERM,4_REPL_GERM,4_REPL_GERM,4_REPL_GERM,4_REPL_GERM,4_REPL_GERM,4_REPL_GERM,4_REPL_GERM,4_REPL_GERM,4_REPL_GERM,4_REPL_GERM
ID,auto_beat,auto_pulse,clearAllLayers,clearLayer,reset_camera,camera_BG_subtr,mute_second_screen,invertAllLayers,take_snapshots,cursorSize,auto_beat_duration,master,CAMixingWeight,CAMixingWeight_pulse,trackMixingWeight_0,trackMixingWeight_0_pulse,CAMasterWeight,CAMasterWeight_pulse,trackMasterWeight_0,trackMasterWeight_0_pulse,echo,echo_pulse,echoNeg,echoNeg_pulse,CAdecay,CAdecay_pulse,trkDecay_0,trkDecay_0_pulse,pen_radius,pen_radius_pulse,pen_color,pen_color_pulse,pen_grey,pen_grey_pulse,pen_color_a,pen_color_a_pulse,pen_brush,pen_radius_replay,pen_radius_replay_pulse,pen_color_replay,pen_color_replay_pulse,currentDrawingTrack,currentVideoTrack,currentPhotoTrack,track_x_transl_0,track_x_transl_0_pulse,track_y_transl_0,track_y_transl_0_pulse,track_x_transl_1,track_x_transl_1_pulse,track_y_transl_1,track_y_transl_1_pulse,path_record_1,path_replay_trackNo_1,noiseUpdateScale,noiseUpdateScale_pulse,noiseParticleScale,noiseParticleScale_pulse,pixel_acc,pixel_acc_pulse,pixel_acc_shiftX,pixel_acc_shiftX_pulse,pixel_acc_shiftY,pixel_acc_shiftY_pulse,pixel_radius,pixel_radius_pulse,pixel_mode,repop_BG,repop_BG_pulse,repop_path,repop_path_pulse,repop_colorBG,repop_colorBG_pulse,repop_greyBG,repop_greyBG_pulse,repop_colorPart,repop_colorPart_pulse,repop_greyPart,repop_greyPart_pulse,cameraWB_R,cameraWB_B,cameraExposure,cameraGain,cameraBrightness,cameraSaturation,cameraContrast,cameraGamma,cameraCaptFreq,playing_movieNo,movieCaptFreq,photo_diaporama,photo_diaporama_fade,photo_diaporama_plateau,activeClipArts,playing_soundtrackNo,cameraThreshold,cameraThreshold_pulse,cameraWeight,cameraWeight_pulse,cameraSobel,cameraSobel_pulse,movieWeight,movieWeight_pulse,movieSobel,movieSobel_pulse,invertMovie,invertCamera,video_satur,video_satur_pulse,video_value,video_value_pulse,photoWeight,photoWeight_pulse,flashTrkBG_freq_1,flashPixel_freq,flashPixel_duration,flashCameraTrkLength,flashCameraTrkBright,flashCameraTrkBeat,beat_threshold,beat_delay,sound_volume,sound_min,pen_radius_pressure_coef,pen_radius_angleHor_coef,pen_radius_angleVer_coef,tracksSync,cameraCumul,CAstep,interfaceOnScreen,CAcolorSpread,freeze,sound_env_min,sound_env_max,audioInput_weight,soundtrack_weight,sensor_sample_setUp,sensor_layout,sensor_activation,sensor_vol
 ,0,0,1,0,0,1,0,0,0,3,1,1,0,0,0/0,0/0,0,0,0.5/1,0/0,0,0,0,0,0,-0.13,0.001/0,0/0,4.37565,0,0,0,1,0,1,0,0,1,0,0,0,0,1,1,0,0,0,0,0,0,0,0,0/0/0/0/0/0/0,-1/-1/-1/-1/-1/-1/-1,0.574899,0,0.574899,0,0.001,0,0.5,0,0.5,0,0,0,0,0,0,0,0,0.5,0,1,0,0.5,0,1,0,-1,17,-5,0,-2.64123,0,42.80328,46.590118,2,-1,20,3,0.2,10000,0,-1,0.22095,0,0,0,0,0,0,0,0,0,0,0,0.5,0,0,0,1,0,0,0,0,10,1,0,0.35,150,0,1,0,0,0,0,0,1,0,1,0,25,91,0,0,1,0,0,1
 ,0,0,1,0,0,1,0,0,0,3,1,1,0,0,0/0,0/0,0,0,0.5/1,0/0,0,0,0,0,0,-0.13,0.001/0,0/0,4.37565,0,0,0,1,0,1,0,0,1,0,0,0,0,1,1,0,0,0,0,0,0,0,0,0/0/0/0/0/0/0,-1/-1/-1/-1/-1/-1/-1,0.574899,0,0.574899,0,0.001,0,0.5,0,0.5,0,0,0,0,0,0,0,0,0.5,0,1,0,0.5,0,1,0,-1,17,-5,0,-2.64123,0,42.80328,46.590118,2,-1,20,3,0.2,10000,0,-1,0.22095,0,0,0,0,0,0,0,0,0,0,0,0.5,0,0,0,1,0,0,0,0,10,1,0,0.35,150,0,1,0,0,0,0,0,1,0,1,0,25,91,0,0,1,0,0,1
,k,s,s,s,s,s,s,s,s,s,s,s,s,s,s,s,s,s,s,s,s,s,s,s,s,s,s,s,s,s,s,s,s,s,s,s,s,k,s,s,s,s,s,s,s,s,s,s,s,s,s,s,s,s,s,s,s,s,s,s,s,s,s,s,s,s,s,s,s,s,s,s,s,s,s,s,s,s,s,s,s,s,s,s,s,s,s,s,s,s,s,s,s,s,s,s,s,s,s,s,s,s,s,s,s,s,s,s,s,s,s,s,s,s,s,s,s,s,s,k,s,k,k,s,s,s,s,s,s,s,s,s,k,k,s,s,s,s,s,k
/scene,,,,,,,,,,,,,,,,,,,,,,,,,,,,,,,,,,,,,,,,,,,,,,,,,,,,,,,,,,,,,,,,,,,,,,,,,,,,,,,,,,,,,,,,,,,,,,,,,,,,,,,,,,,,,,,,,,,,,,,,,,,,,,,,,,,,,,,,,,,,,,,,,,
scene,1_FULL_CYPRUS,12,prolong_when_ends,,,,,,,,,,,,,,,,,,,,,,,,,,,,,,,,,,,,,,,,,,,,,,,,,,,,,,,,,,,,,,,,,,,,,,,,,,,,,,,,,,,,,,,,,,,,,,,,,,,,,,,,,,,,,,,,,,,,,,,,,,,,,,,,,,,,,,,,,,,,,,,
1_FULL_CYPRUS,1_FULL_CYPRUS,1_FULL_CYPRUS,1_FULL_CYPRUS,1_FULL_CYPRUS,1_FULL_CYPRUS,1_FULL_CYPRUS,1_FULL_CYPRUS,1_FULL_CYPRUS,1_FULL_CYPRUS,1_FULL_CYPRUS,1_FULL_CYPRUS,1_FULL_CYPRUS,1_FULL_CYPRUS,1_FULL_CYPRUS,1_FULL_CYPRUS,1_FULL_CYPRUS,1_FULL_CYPRUS,1_FULL_CYPRUS,1_FULL_CYPRUS,1_FULL_CYPRUS,1_FULL_CYPRUS,1_FULL_CYPRUS,1_FULL_CYPRUS,1_FULL_CYPRUS,1_FULL_CYPRUS,1_FULL_CYPRUS,1_FULL_CYPRUS,1_FULL_CYPRUS,1_FULL_CYPRUS,1_FULL_CYPRUS,1_FULL_CYPRUS,1_FULL_CYPRUS,1_FULL_CYPRUS,1_FULL_CYPRUS,1_FULL_CYPRUS,1_FULL_CYPRUS,1_FULL_CYPRUS,1_FULL_CYPRUS,1_FULL_CYPRUS,1_FULL_CYPRUS,1_FULL_CYPRUS,1_FULL_CYPRUS,1_FULL_CYPRUS,1_FULL_CYPRUS,1_FULL_CYPRUS,1_FULL_CYPRUS,1_FULL_CYPRUS,1_FULL_CYPRUS,1_FULL_CYPRUS,1_FULL_CYPRUS,1_FULL_CYPRUS,1_FULL_CYPRUS,1_FULL_CYPRUS,1_FULL_CYPRUS,1_FULL_CYPRUS,1_FULL_CYPRUS,1_FULL_CYPRUS,1_FULL_CYPRUS,1_FULL_CYPRUS,1_FULL_CYPRUS,1_FULL_CYPRUS,1_FULL_CYPRUS,1_FULL_CYPRUS,1_FULL_CYPRUS,1_FULL_CYPRUS,1_FULL_CYPRUS,1_FULL_CYPRUS,1_FULL_CYPRUS,1_FULL_CYPRUS,1_FULL_CYPRUS,1_FULL_CYPRUS,1_FULL_CYPRUS,1_FULL_CYPRUS,1_FULL_CYPRUS,1_FULL_CYPRUS,1_FULL_CYPRUS,1_FULL_CYPRUS,1_FULL_CYPRUS,1_FULL_CYPRUS,1_FULL_CYPRUS,1_FULL_CYPRUS,1_FULL_CYPRUS,1_FULL_CYPRUS,1_FULL_CYPRUS,1_FULL_CYPRUS,1_FULL_CYPRUS,1_FULL_CYPRUS,1_FULL_CYPRUS,1_FULL_CYPRUS,1_FULL_CYPRUS,1_FULL_CYPRUS,1_FULL_CYPRUS,1_FULL_CYPRUS,1_FULL_CYPRUS,1_FULL_CYPRUS,1_FULL_CYPRUS,1_FULL_CYPRUS,1_FULL_CYPRUS,1_FULL_CYPRUS,1_FULL_CYPRUS,1_FULL_CYPRUS,1_FULL_CYPRUS,1_FULL_CYPRUS,1_FULL_CYPRUS,1_FULL_CYPRUS,1_FULL_CYPRUS,1_FULL_CYPRUS,1_FULL_CYPRUS,1_FULL_CYPRUS,1_FULL_CYPRUS,1_FULL_CYPRUS,1_FULL_CYPRUS,1_FULL_CYPRUS,1_FULL_CYPRUS,1_FULL_CYPRUS,1_FULL_CYPRUS,1_FULL_CYPRUS,1_FULL_CYPRUS,1_FULL_CYPRUS,1_FULL_CYPRUS,1_FULL_CYPRUS,1_FULL_CYPRUS,1_FULL_CYPRUS,1_FULL_CYPRUS,1_FULL_CYPRUS,1_FULL_CYPRUS,1_FULL_CYPRUS,1_FULL_CYPRUS,1_FULL_CYPRUS,1_FULL_CYPRUS,1_FULL_CYPRUS,1_FULL_CYPRUS,1_FULL_CYPRUS,1_FULL_CYPRUS,1_FULL_CYPRUS,1_FULL_CYPRUS,1_FULL_CYPRUS,1_FULL_CYPRUS,1_FULL_CYPRUS,1_FULL_CYPRUS
ID,auto_beat,auto_pulse,clearAllLayers,clearLayer,reset_camera,camera_BG_subtr,mute_second_screen,invertAllLayers,take_snapshots,cursorSize,auto_beat_duration,master,CAMixingWeight,CAMixingWeight_pulse,trackMixingWeight_0,trackMixingWeight_0_pulse,CAMasterWeight,CAMasterWeight_pulse,trackMasterWeight_0,trackMasterWeight_0_pulse,echo,echo_pulse,echoNeg,echoNeg_pulse,CAdecay,CAdecay_pulse,trkDecay_0,trkDecay_0_pulse,pen_radius,pen_radius_pulse,pen_color,pen_color_pulse,pen_grey,pen_grey_pulse,pen_color_a,pen_color_a_pulse,pen_brush,pen_radius_replay,pen_radius_replay_pulse,pen_color_replay,pen_color_replay_pulse,currentDrawingTrack,currentVideoTrack,currentPhotoTrack,track_x_transl_0,track_x_transl_0_pulse,track_y_transl_0,track_y_transl_0_pulse,track_x_transl_1,track_x_transl_1_pulse,track_y_transl_1,track_y_transl_1_pulse,path_record_1,path_replay_trackNo_1,noiseUpdateScale,noiseUpdateScale_pulse,noiseParticleScale,noiseParticleScale_pulse,pixel_acc,pixel_acc_pulse,pixel_acc_shiftX,pixel_acc_shiftX_pulse,pixel_acc_shiftY,pixel_acc_shiftY_pulse,pixel_radius,pixel_radius_pulse,pixel_mode,repop_BG,repop_BG_pulse,repop_path,repop_path_pulse,repop_colorBG,repop_colorBG_pulse,repop_greyBG,repop_greyBG_pulse,repop_colorPart,repop_colorPart_pulse,repop_greyPart,repop_greyPart_pulse,cameraWB_R,cameraWB_B,cameraExposure,cameraGain,cameraBrightness,cameraSaturation,cameraContrast,cameraGamma,cameraCaptFreq,playing_movieNo,movieCaptFreq,photo_diaporama,photo_diaporama_fade,photo_diaporama_plateau,activeClipArts,playing_soundtrackNo,cameraThreshold,cameraThreshold_pulse,cameraWeight,cameraWeight_pulse,cameraSobel,cameraSobel_pulse,movieWeight,movieWeight_pulse,movieSobel,movieSobel_pulse,invertMovie,invertCamera,video_satur,video_satur_pulse,video_value,video_value_pulse,photoWeight,photoWeight_pulse,flashTrkBG_freq_1,flashPixel_freq,flashPixel_duration,flashCameraTrkLength,flashCameraTrkBright,flashCameraTrkBeat,beat_threshold,beat_delay,sound_volume,sound_min,pen_radius_pressure_coef,pen_radius_angleHor_coef,pen_radius_angleVer_coef,tracksSync,cameraCumul,CAstep,interfaceOnScreen,CAcolorSpread,freeze,sound_env_min,sound_env_max,audioInput_weight,soundtrack_weight,sensor_sample_setUp,sensor_layout,sensor_activation,sensor_vol
 ,0,0,1,0,0,1,0,0,0,3,1,1,0,0,0/0,0/0,0,0,1/1,0/0,0,0,0,0,0,-0.13,0/0,0/0,4.37565,0,0,0,0,0,1,0,0,1,0,0,0,0,1,1,0,0,0,0,0,0,0,0,0/0/0/0/0/0/0,-1/-1/-1/-1/-1/-1/-1,0.574899,0,0.574899,0,0.001,0,0.5,0,0.5,0,0,0,0,0,0,0,0,0.5,0,1,0,0.5,0,1,0,-1,17,-5,0,-2.64123,0,42.80328,46.590118,2,-1,20,5,0.2,10000,0,-1,0.22095,0,0,0,0,0,0,0,0,0,0,0,0.5,0,0,0,1,0,0,0,0,10,1,0,0.35,150,0,1,0,0,0,0,0,1,0,1,0,25,91,0,0,1,0,0,1
 ,0,0,1,0,0,1,0,0,0,3,1,1,0,0,0/0,0/0,0,0,1/1,0/0,0,0,0,0,0,-0.13,0/0,0/0,4.37565,0,0,0,0,0,1,0,0,1,0,0,0,0,1,1,0,0,0,0,0,0,0,0,0/0/0/0/0/0/0,-1/-1/-1/-1/-1/-1/-1,0.574899,0,0.574899,0,0.001,0,0.5,0,0.5,0,0,0,0,0,0,0,0,0.5,0,1,0,0.5,0,1,0,-1,17,-5,0,-2.64123,0,42.80328,46.590118,2,-1,20,5,0.2,10000,0,-1,0.22095,0,0,0,0,0,0,0,0,0,0,0,0.5,0,0,0,1,0,0,0,0,10,1,0,0.35,150,0,1,0,0,0,0,0,1,0,1,0,25,91,0,0,1,0,0,1
,k,s,s,s,s,s,s,s,s,s,s,s,s,s,s,s,s,s,s,s,s,s,s,s,s,s,s,s,s,s,s,s,s,s,s,s,s,k,s,s,s,s,s,s,s,s,s,s,s,s,s,s,s,s,s,s,s,s,s,s,s,s,s,s,s,s,s,s,s,s,s,s,s,s,s,s,s,s,s,s,s,s,s,s,s,s,s,s,s,s,s,s,s,s,s,s,s,s,s,s,s,s,s,s,s,s,s,s,s,s,s,s,s,s,s,s,s,s,s,k,s,k,k,s,s,s,s,s,s,s,s,s,k,k,s,s,s,s,s,k
/scene,,,,,,,,,,,,,,,,,,,,,,,,,,,,,,,,,,,,,,,,,,,,,,,,,,,,,,,,,,,,,,,,,,,,,,,,,,,,,,,,,,,,,,,,,,,,,,,,,,,,,,,,,,,,,,,,,,,,,,,,,,,,,,,,,,,,,,,,,,,,,,,,,,
scene,2_FULL_DANK,12,prolong_when_ends,,,,,,,,,,,,,,,,,,,,,,,,,,,,,,,,,,,,,,,,,,,,,,,,,,,,,,,,,,,,,,,,,,,,,,,,,,,,,,,,,,,,,,,,,,,,,,,,,,,,,,,,,,,,,,,,,,,,,,,,,,,,,,,,,,,,,,,,,,,,,,,
2_FULL_DANK,2_FULL_DANK,2_FULL_DANK,2_FULL_DANK,2_FULL_DANK,2_FULL_DANK,2_FULL_DANK,2_FULL_DANK,2_FULL_DANK,2_FULL_DANK,2_FULL_DANK,2_FULL_DANK,2_FULL_DANK,2_FULL_DANK,2_FULL_DANK,2_FULL_DANK,2_FULL_DANK,2_FULL_DANK,2_FULL_DANK,2_FULL_DANK,2_FULL_DANK,2_FULL_DANK,2_FULL_DANK,2_FULL_DANK,2_FULL_DANK,2_FULL_DANK,2_FULL_DANK,2_FULL_DANK,2_FULL_DANK,2_FULL_DANK,2_FULL_DANK,2_FULL_DANK,2_FULL_DANK,2_FULL_DANK,2_FULL_DANK,2_FULL_DANK,2_FULL_DANK,2_FULL_DANK,2_FULL_DANK,2_FULL_DANK,2_FULL_DANK,2_FULL_DANK,2_FULL_DANK,2_FULL_DANK,2_FULL_DANK,2_FULL_DANK,2_FULL_DANK,2_FULL_DANK,2_FULL_DANK,2_FULL_DANK,2_FULL_DANK,2_FULL_DANK,2_FULL_DANK,2_FULL_DANK,2_FULL_DANK,2_FULL_DANK,2_FULL_DANK,2_FULL_DANK,2_FULL_DANK,2_FULL_DANK,2_FULL_DANK,2_FULL_DANK,2_FULL_DANK,2_FULL_DANK,2_FULL_DANK,2_FULL_DANK,2_FULL_DANK,2_FULL_DANK,2_FULL_DANK,2_FULL_DANK,2_FULL_DANK,2_FULL_DANK,2_FULL_DANK,2_FULL_DANK,2_FULL_DANK,2_FULL_DANK,2_FULL_DANK,2_FULL_DANK,2_FULL_DANK,2_FULL_DANK,2_FULL_DANK,2_FULL_DANK,2_FULL_DANK,2_FULL_DANK,2_FULL_DANK,2_FULL_DANK,2_FULL_DANK,2_FULL_DANK,2_FULL_DANK,2_FULL_DANK,2_FULL_DANK,2_FULL_DANK,2_FULL_DANK,2_FULL_DANK,2_FULL_DANK,2_FULL_DANK,2_FULL_DANK,2_FULL_DANK,2_FULL_DANK,2_FULL_DANK,2_FULL_DANK,2_FULL_DANK,2_FULL_DANK,2_FULL_DANK,2_FULL_DANK,2_FULL_DANK,2_FULL_DANK,2_FULL_DANK,2_FULL_DANK,2_FULL_DANK,2_FULL_DANK,2_FULL_DANK,2_FULL_DANK,2_FULL_DANK,2_FULL_DANK,2_FULL_DANK,2_FULL_DANK,2_FULL_DANK,2_FULL_DANK,2_FULL_DANK,2_FULL_DANK,2_FULL_DANK,2_FULL_DANK,2_FULL_DANK,2_FULL_DANK,2_FULL_DANK,2_FULL_DANK,2_FULL_DANK,2_FULL_DANK,2_FULL_DANK,2_FULL_DANK,2_FULL_DANK,2_FULL_DANK,2_FULL_DANK,2_FULL_DANK,2_FULL_DANK,2_FULL_DANK,2_FULL_DANK,2_FULL_DANK,2_FULL_DANK,2_FULL_DANK
ID,auto_beat,auto_pulse,clearAllLayers,clearLayer,reset_camera,camera_BG_subtr,mute_second_screen,invertAllLayers,take_snapshots,cursorSize,auto_beat_duration,master,CAMixingWeight,CAMixingWeight_pulse,trackMixingWeight_0,trackMixingWeight_0_pulse,CAMasterWeight,CAMasterWeight_pulse,trackMasterWeight_0,trackMasterWeight_0_pulse,echo,echo_pulse,echoNeg,echoNeg_pulse,CAdecay,CAdecay_pulse,trkDecay_0,trkDecay_0_pulse,pen_radius,pen_radius_pulse,pen_color,pen_color_pulse,pen_grey,pen_grey_pulse,pen_color_a,pen_color_a_pulse,pen_brush,pen_radius_replay,pen_radius_replay_pulse,pen_color_replay,pen_color_replay_pulse,currentDrawingTrack,currentVideoTrack,currentPhotoTrack,track_x_transl_0,track_x_transl_0_pulse,track_y_transl_0,track_y_transl_0_pulse,track_x_transl_1,track_x_transl_1_pulse,track_y_transl_1,track_y_transl_1_pulse,path_record_1,path_replay_trackNo_1,noiseUpdateScale,noiseUpdateScale_pulse,noiseParticleScale,noiseParticleScale_pulse,pixel_acc,pixel_acc_pulse,pixel_acc_shiftX,pixel_acc_shiftX_pulse,pixel_acc_shiftY,pixel_acc_shiftY_pulse,pixel_radius,pixel_radius_pulse,pixel_mode,repop_BG,repop_BG_pulse,repop_path,repop_path_pulse,repop_colorBG,repop_colorBG_pulse,repop_greyBG,repop_greyBG_pulse,repop_colorPart,repop_colorPart_pulse,repop_greyPart,repop_greyPart_pulse,cameraWB_R,cameraWB_B,cameraExposure,cameraGain,cameraBrightness,cameraSaturation,cameraContrast,cameraGamma,cameraCaptFreq,playing_movieNo,movieCaptFreq,photo_diaporama,photo_diaporama_fade,photo_diaporama_plateau,activeClipArts,playing_soundtrackNo,cameraThreshold,cameraThreshold_pulse,cameraWeight,cameraWeight_pulse,cameraSobel,cameraSobel_pulse,movieWeight,movieWeight_pulse,movieSobel,movieSobel_pulse,invertMovie,invertCamera,video_satur,video_satur_pulse,video_value,video_value_pulse,photoWeight,photoWeight_pulse,flashTrkBG_freq_1,flashPixel_freq,flashPixel_duration,flashCameraTrkLength,flashCameraTrkBright,flashCameraTrkBeat,beat_threshold,beat_delay,sound_volume,sound_min,pen_radius_pressure_coef,pen_radius_angleHor_coef,pen_radius_angleVer_coef,tracksSync,cameraCumul,CAstep,interfaceOnScreen,CAcolorSpread,freeze,sound_env_min,sound_env_max,audioInput_weight,soundtrack_weight,sensor_sample_setUp,sensor_layout,sensor_activation,sensor_vol
 ,0,0,1,0,0,1,0,0,0,3,1,1,0,0,0/0,0/0,0,0,1/1,0/0,0,0,0,0,0,-0.13,0/0,0/0,4.37565,0,0.33333,0,0,0,1,0,0,1,0,0,0,0,1,1,0,0,0,0,0,0,0,0,0/0/0/0/0/0/0,-1/-1/-1/-1/-1/-1/-1,0.574899,0,0.574899,0,0.001,0,0.5,0,0.5,0,0,0,0,0,0,0,0,0.5,0,1,0,0.5,0,1,0,-1,17,-5,0,-2.64123,0,42.80328,46.590118,2,-1,20,6,0.2,10000,0,-1,0.22095,0,0,0,0,0,0,0,0,0,0,0,0.5,0,0,0,1,0,0,0,0,10,1,0,0.35,150,0,1,0,0,0,0,0,1,0,1,0,25,91,0,0,1,0,0,1
 ,0,0,1,0,0,1,0,0,0,3,1,1,0,0,0/0,0/0,0,0,1/1,0/0,0,0,0,0,0,-0.13,0/0,0/0,4.37565,0,0.33333,0,0,0,1,0,0,1,0,0,0,0,1,1,0,0,0,0,0,0,0,0,0/0/0/0/0/0/0,-1/-1/-1/-1/-1/-1/-1,0.574899,0,0.574899,0,0.001,0,0.5,0,0.5,0,0,0,0,0,0,0,0,0.5,0,1,0,0.5,0,1,0,-1,17,-5,0,-2.64123,0,42.80328,46.590118,2,-1,20,6,0.2,10000,0,-1,0.22095,0,0,0,0,0,0,0,0,0,0,0,0.5,0,0,0,1,0,0,0,0,10,1,0,0.35,150,0,1,0,0,0,0,0,1,0,1,0,25,91,0,0,1,0,0,1
,k,s,s,s,s,s,s,s,s,s,s,s,s,s,s,s,s,s,s,s,s,s,s,s,s,s,s,s,s,s,s,s,s,s,s,s,s,k,s,s,s,s,s,s,s,s,s,s,s,s,s,s,s,s,s,s,s,s,s,s,s,s,s,s,s,s,s,s,s,s,s,s,s,s,s,s,s,s,s,s,s,s,s,s,s,s,s,s,s,s,s,s,s,s,s,s,s,s,s,s,s,s,s,s,s,s,s,s,s,s,s,s,s,s,s,s,s,s,s,k,s,k,k,s,s,s,s,s,s,s,s,s,k,k,s,s,s,s,s,k
/scene,,,,,,,,,,,,,,,,,,,,,,,,,,,,,,,,,,,,,,,,,,,,,,,,,,,,,,,,,,,,,,,,,,,,,,,,,,,,,,,,,,,,,,,,,,,,,,,,,,,,,,,,,,,,,,,,,,,,,,,,,,,,,,,,,,,,,,,,,,,,,,,,,,
scene,3_FULL_SWEDEN,12,prolong_when_ends,,,,,,,,,,,,,,,,,,,,,,,,,,,,,,,,,,,,,,,,,,,,,,,,,,,,,,,,,,,,,,,,,,,,,,,,,,,,,,,,,,,,,,,,,,,,,,,,,,,,,,,,,,,,,,,,,,,,,,,,,,,,,,,,,,,,,,,,,,,,,,,
3_FULL_SWEDEN,3_FULL_SWEDEN,3_FULL_SWEDEN,3_FULL_SWEDEN,3_FULL_SWEDEN,3_FULL_SWEDEN,3_FULL_SWEDEN,3_FULL_SWEDEN,3_FULL_SWEDEN,3_FULL_SWEDEN,3_FULL_SWEDEN,3_FULL_SWEDEN,3_FULL_SWEDEN,3_FULL_SWEDEN,3_FULL_SWEDEN,3_FULL_SWEDEN,3_FULL_SWEDEN,3_FULL_SWEDEN,3_FULL_SWEDEN,3_FULL_SWEDEN,3_FULL_SWEDEN,3_FULL_SWEDEN,3_FULL_SWEDEN,3_FULL_SWEDEN,3_FULL_SWEDEN,3_FULL_SWEDEN,3_FULL_SWEDEN,3_FULL_SWEDEN,3_FULL_SWEDEN,3_FULL_SWEDEN,3_FULL_SWEDEN,3_FULL_SWEDEN,3_FULL_SWEDEN,3_FULL_SWEDEN,3_FULL_SWEDEN,3_FULL_SWEDEN,3_FULL_SWEDEN,3_FULL_SWEDEN,3_FULL_SWEDEN,3_FULL_SWEDEN,3_FULL_SWEDEN,3_FULL_SWEDEN,3_FULL_SWEDEN,3_FULL_SWEDEN,3_FULL_SWEDEN,3_FULL_SWEDEN,3_FULL_SWEDEN,3_FULL_SWEDEN,3_FULL_SWEDEN,3_FULL_SWEDEN,3_FULL_SWEDEN,3_FULL_SWEDEN,3_FULL_SWEDEN,3_FULL_SWEDEN,3_FULL_SWEDEN,3_FULL_SWEDEN,3_FULL_SWEDEN,3_FULL_SWEDEN,3_FULL_SWEDEN,3_FULL_SWEDEN,3_FULL_SWEDEN,3_FULL_SWEDEN,3_FULL_SWEDEN,3_FULL_SWEDEN,3_FULL_SWEDEN,3_FULL_SWEDEN,3_FULL_SWEDEN,3_FULL_SWEDEN,3_FULL_SWEDEN,3_FULL_SWEDEN,3_FULL_SWEDEN,3_FULL_SWEDEN,3_FULL_SWEDEN,3_FULL_SWEDEN,3_FULL_SWEDEN,3_FULL_SWEDEN,3_FULL_SWEDEN,3_FULL_SWEDEN,3_FULL_SWEDEN,3_FULL_SWEDEN,3_FULL_SWEDEN,3_FULL_SWEDEN,3_FULL_SWEDEN,3_FULL_SWEDEN,3_FULL_SWEDEN,3_FULL_SWEDEN,3_FULL_SWEDEN,3_FULL_SWEDEN,3_FULL_SWEDEN,3_FULL_SWEDEN,3_FULL_SWEDEN,3_FULL_SWEDEN,3_FULL_SWEDEN,3_FULL_SWEDEN,3_FULL_SWEDEN,3_FULL_SWEDEN,3_FULL_SWEDEN,3_FULL_SWEDEN,3_FULL_SWEDEN,3_FULL_SWEDEN,3_FULL_SWEDEN,3_FULL_SWEDEN,3_FULL_SWEDEN,3_FULL_SWEDEN,3_FULL_SWEDEN,3_FULL_SWEDEN,3_FULL_SWEDEN,3_FULL_SWEDEN,3_FULL_SWEDEN,3_FULL_SWEDEN,3_FULL_SWEDEN,3_FULL_SWEDEN,3_FULL_SWEDEN,3_FULL_SWEDEN,3_FULL_SWEDEN,3_FULL_SWEDEN,3_FULL_SWEDEN,3_FULL_SWEDEN,3_FULL_SWEDEN,3_FULL_SWEDEN,3_FULL_SWEDEN,3_FULL_SWEDEN,3_FULL_SWEDEN,3_FULL_SWEDEN,3_FULL_SWEDEN,3_FULL_SWEDEN,3_FULL_SWEDEN,3_FULL_SWEDEN,3_FULL_SWEDEN,3_FULL_SWEDEN,3_FULL_SWEDEN,3_FULL_SWEDEN,3_FULL_SWEDEN,3_FULL_SWEDEN,3_FULL_SWEDEN,3_FULL_SWEDEN,3_FULL_SWEDEN,3_FULL_SWEDEN,3_FULL_SWEDEN,3_FULL_SWEDEN,3_FULL_SWEDEN
ID,auto_beat,auto_pulse,clearAllLayers,clearLayer,reset_camera,camera_BG_subtr,mute_second_screen,invertAllLayers,take_snapshots,cursorSize,auto_beat_duration,master,CAMixingWeight,CAMixingWeight_pulse,trackMixingWeight_0,trackMixingWeight_0_pulse,CAMasterWeight,CAMasterWeight_pulse,trackMasterWeight_0,trackMasterWeight_0_pulse,echo,echo_pulse,echoNeg,echoNeg_pulse,CAdecay,CAdecay_pulse,trkDecay_0,trkDecay_0_pulse,pen_radius,pen_radius_pulse,pen_color,pen_color_pulse,pen_grey,pen_grey_pulse,pen_color_a,pen_color_a_pulse,pen_brush,pen_radius_replay,pen_radius_replay_pulse,pen_color_replay,pen_color_replay_pulse,currentDrawingTrack,currentVideoTrack,currentPhotoTrack,track_x_transl_0,track_x_transl_0_pulse,track_y_transl_0,track_y_transl_0_pulse,track_x_transl_1,track_x_transl_1_pulse,track_y_transl_1,track_y_transl_1_pulse,path_record_1,path_replay_trackNo_1,noiseUpdateScale,noiseUpdateScale_pulse,noiseParticleScale,noiseParticleScale_pulse,pixel_acc,pixel_acc_pulse,pixel_acc_shiftX,pixel_acc_shiftX_pulse,pixel_acc_shiftY,pixel_acc_shiftY_pulse,pixel_radius,pixel_radius_pulse,pixel_mode,repop_BG,repop_BG_pulse,repop_path,repop_path_pulse,repop_colorBG,repop_colorBG_pulse,repop_greyBG,repop_greyBG_pulse,repop_colorPart,repop_colorPart_pulse,repop_greyPart,repop_greyPart_pulse,cameraWB_R,cameraWB_B,cameraExposure,cameraGain,cameraBrightness,cameraSaturation,cameraContrast,cameraGamma,cameraCaptFreq,playing_movieNo,movieCaptFreq,photo_diaporama,photo_diaporama_fade,photo_diaporama_plateau,activeClipArts,playing_soundtrackNo,cameraThreshold,cameraThreshold_pulse,cameraWeight,cameraWeight_pulse,cameraSobel,cameraSobel_pulse,movieWeight,movieWeight_pulse,movieSobel,movieSobel_pulse,invertMovie,invertCamera,video_satur,video_satur_pulse,video_value,video_value_pulse,photoWeight,photoWeight_pulse,flashTrkBG_freq_1,flashPixel_freq,flashPixel_duration,flashCameraTrkLength,flashCameraTrkBright,flashCameraTrkBeat,beat_threshold,beat_delay,sound_volume,sound_min,pen_radius_pressure_coef,pen_radius_angleHor_coef,pen_radius_angleVer_coef,tracksSync,cameraCumul,CAstep,interfaceOnScreen,CAcolorSpread,freeze,sound_env_min,sound_env_max,audioInput_weight,soundtrack_weight,sensor_sample_setUp,sensor_layout,sensor_activation,sensor_vol
 ,0,0,1,0,0,1,0,0,0,3,1,1,0,0,0/0,0/0,0,0,1/1,0/0,0,0,0,0,0,-0.13,0/0,0/0,4.37565,0,0.66666,0,0,0,1,0,0,1,0,0,0,0,1,1,0,0,0,0,0,0,0,0,0/0/0/0/0/0/0,-1/-1/-1/-1/-1/-1/-1,0.574899,0,0.574899,0,0.001,0,0.5,0,0.5,0,0,0,0,0,0,0,0,0.5,0,1,0,0.5,0,1,0,-1,17,-5,0,-2.64123,0,42.80328,46.590118,2,-1,20,7,0.2,10000,0,-1,0.22095,0,0,0,0,0,0,0,0,0,0,0,0.5,0,0,0,1,0,0,0,0,10,1,0,0.35,150,0,1,0,0,0,0,0,1,0,1,0,25,91,0,0,1,0,0,1
 ,0,0,1,0,0,1,0,0,0,3,1,1,0,0,0/0,0/0,0,0,1/1,0/0,0,0,0,0,0,-0.13,0/0,0/0,4.37565,0,0.66666,0,0,0,1,0,0,1,0,0,0,0,1,1,0,0,0,0,0,0,0,0,0/0/0/0/0/0/0,-1/-1/-1/-1/-1/-1/-1,0.574899,0,0.574899,0,0.001,0,0.5,0,0.5,0,0,0,0,0,0,0,0,0.5,0,1,0,0.5,0,1,0,-1,17,-5,0,-2.64123,0,42.80328,46.590118,2,-1,20,7,0.2,10000,0,-1,0.22095,0,0,0,0,0,0,0,0,0,0,0,0.5,0,0,0,1,0,0,0,0,10,1,0,0.35,150,0,1,0,0,0,0,0,1,0,1,0,25,91,0,0,1,0,0,1
,k,s,s,s,s,s,s,s,s,s,s,s,s,s,s,s,s,s,s,s,s,s,s,s,s,s,s,s,s,s,s,s,s,s,s,s,s,k,s,s,s,s,s,s,s,s,s,s,s,s,s,s,s,s,s,s,s,s,s,s,s,s,s,s,s,s,s,s,s,s,s,s,s,s,s,s,s,s,s,s,s,s,s,s,s,s,s,s,s,s,s,s,s,s,s,s,s,s,s,s,s,s,s,s,s,s,s,s,s,s,s,s,s,s,s,s,s,s,s,k,s,k,k,s,s,s,s,s,s,s,s,s,k,k,s,s,s,s,s,k
/scene,,,,,,,,,,,,,,,,,,,,,,,,,,,,,,,,,,,,,,,,,,,,,,,,,,,,,,,,,,,,,,,,,,,,,,,,,,,,,,,,,,,,,,,,,,,,,,,,,,,,,,,,,,,,,,,,,,,,,,,,,,,,,,,,,,,,,,,,,,,,,,,,,,
scene,4_FULL_GERM,12,prolong_when_ends,,,,,,,,,,,,,,,,,,,,,,,,,,,,,,,,,,,,,,,,,,,,,,,,,,,,,,,,,,,,,,,,,,,,,,,,,,,,,,,,,,,,,,,,,,,,,,,,,,,,,,,,,,,,,,,,,,,,,,,,,,,,,,,,,,,,,,,,,,,,,,,
4_FULL_GERM,4_FULL_GERM,4_FULL_GERM,4_FULL_GERM,4_FULL_GERM,4_FULL_GERM,4_FULL_GERM,4_FULL_GERM,4_FULL_GERM,4_FULL_GERM,4_FULL_GERM,4_FULL_GERM,4_FULL_GERM,4_FULL_GERM,4_FULL_GERM,4_FULL_GERM,4_FULL_GERM,4_FULL_GERM,4_FULL_GERM,4_FULL_GERM,4_FULL_GERM,4_FULL_GERM,4_FULL_GERM,4_FULL_GERM,4_FULL_GERM,4_FULL_GERM,4_FULL_GERM,4_FULL_GERM,4_FULL_GERM,4_FULL_GERM,4_FULL_GERM,4_FULL_GERM,4_FULL_GERM,4_FULL_GERM,4_FULL_GERM,4_FULL_GERM,4_FULL_GERM,4_FULL_GERM,4_FULL_GERM,4_FULL_GERM,4_FULL_GERM,4_FULL_GERM,4_FULL_GERM,4_FULL_GERM,4_FULL_GERM,4_FULL_GERM,4_FULL_GERM,4_FULL_GERM,4_FULL_GERM,4_FULL_GERM,4_FULL_GERM,4_FULL_GERM,4_FULL_GERM,4_FULL_GERM,4_FULL_GERM,4_FULL_GERM,4_FULL_GERM,4_FULL_GERM,4_FULL_GERM,4_FULL_GERM,4_FULL_GERM,4_FULL_GERM,4_FULL_GERM,4_FULL_GERM,4_FULL_GERM,4_FULL_GERM,4_FULL_GERM,4_FULL_GERM,4_FULL_GERM,4_FULL_GERM,4_FULL_GERM,4_FULL_GERM,4_FULL_GERM,4_FULL_GERM,4_FULL_GERM,4_FULL_GERM,4_FULL_GERM,4_FULL_GERM,4_FULL_GERM,4_FULL_GERM,4_FULL_GERM,4_FULL_GERM,4_FULL_GERM,4_FULL_GERM,4_FULL_GERM,4_FULL_GERM,4_FULL_GERM,4_FULL_GERM,4_FULL_GERM,4_FULL_GERM,4_FULL_GERM,4_FULL_GERM,4_FULL_GERM,4_FULL_GERM,4_FULL_GERM,4_FULL_GERM,4_FULL_GERM,4_FULL_GERM,4_FULL_GERM,4_FULL_GERM,4_FULL_GERM,4_FULL_GERM,4_FULL_GERM,4_FULL_GERM,4_FULL_GERM,4_FULL_GERM,4_FULL_GERM,4_FULL_GERM,4_FULL_GERM,4_FULL_GERM,4_FULL_GERM,4_FULL_GERM,4_FULL_GERM,4_FULL_GERM,4_FULL_GERM,4_FULL_GERM,4_FULL_GERM,4_FULL_GERM,4_FULL_GERM,4_FULL_GERM,4_FULL_GERM,4_FULL_GERM,4_FULL_GERM,4_FULL_GERM,4_FULL_GERM,4_FULL_GERM,4_FULL_GERM,4_FULL_GERM,4_FULL_GERM,4_FULL_GERM,4_FULL_GERM,4_FULL_GERM,4_FULL_GERM,4_FULL_GERM,4_FULL_GERM,4_FULL_GERM,4_FULL_GERM,4_FULL_GERM,4_FULL_GERM,4_FULL_GERM,4_FULL_GERM
ID,auto_beat,auto_pulse,clearAllLayers,clearLayer,reset_camera,camera_BG_subtr,mute_second_screen,invertAllLayers,take_snapshots,cursorSize,auto_beat_duration,master,CAMixingWeight,CAMixingWeight_pulse,trackMixingWeight_0,trackMixingWeight_0_pulse,CAMasterWeight,CAMasterWeight_pulse,trackMasterWeight_0,trackMasterWeight_0_pulse,echo,echo_pulse,echoNeg,echoNeg_pulse,CAdecay,CAdecay_pulse,trkDecay_0,trkDecay_0_pulse,pen_radius,pen_radius_pulse,pen_color,pen_color_pulse,pen_grey,pen_grey_pulse,pen_color_a,pen_color_a_pulse,pen_brush,pen_radius_replay,pen_radius_replay_pulse,pen_color_replay,pen_color_replay_pulse,currentDrawingTrack,currentVideoTrack,currentPhotoTrack,track_x_transl_0,track_x_transl_0_pulse,track_y_transl_0,track_y_transl_0_pulse,track_x_transl_1,track_x_transl_1_pulse,track_y_transl_1,track_y_transl_1_pulse,path_record_1,path_replay_trackNo_1,noiseUpdateScale,noiseUpdateScale_pulse,noiseParticleScale,noiseParticleScale_pulse,pixel_acc,pixel_acc_pulse,pixel_acc_shiftX,pixel_acc_shiftX_pulse,pixel_acc_shiftY,pixel_acc_shiftY_pulse,pixel_radius,pixel_radius_pulse,pixel_mode,repop_BG,repop_BG_pulse,repop_path,repop_path_pulse,repop_colorBG,repop_colorBG_pulse,repop_greyBG,repop_greyBG_pulse,repop_colorPart,repop_colorPart_pulse,repop_greyPart,repop_greyPart_pulse,cameraWB_R,cameraWB_B,cameraExposure,cameraGain,cameraBrightness,cameraSaturation,cameraContrast,cameraGamma,cameraCaptFreq,playing_movieNo,movieCaptFreq,photo_diaporama,photo_diaporama_fade,photo_diaporama_plateau,activeClipArts,playing_soundtrackNo,cameraThreshold,cameraThreshold_pulse,cameraWeight,cameraWeight_pulse,cameraSobel,cameraSobel_pulse,movieWeight,movieWeight_pulse,movieSobel,movieSobel_pulse,invertMovie,invertCamera,video_satur,video_satur_pulse,video_value,video_value_pulse,photoWeight,photoWeight_pulse,flashTrkBG_freq_1,flashPixel_freq,flashPixel_duration,flashCameraTrkLength,flashCameraTrkBright,flashCameraTrkBeat,beat_threshold,beat_delay,sound_volume,sound_min,pen_radius_pressure_coef,pen_radius_angleHor_coef,pen_radius_angleVer_coef,tracksSync,cameraCumul,CAstep,interfaceOnScreen,CAcolorSpread,freeze,sound_env_min,sound_env_max,audioInput_weight,soundtrack_weight,sensor_sample_setUp,sensor_layout,sensor_activation,sensor_vol
 ,0,0,1,0,0,1,0,0,0,3,1,1,0,0,0/0,0/0,0,0,1/1,0/0,0,0,0,0,0,-0.13,0/0,0/0,4.37565,0,0.8333,0,0,0,1,0,0,1,0,0,0,0,1,1,0,0,0,0,0,0,0,0,0/0/0/0/0/0/0,-1/-1/-1/-1/-1/-1/-1,0.574899,0,0.574899,0,0.001,0,0.5,0,0.5,0,0,0,0,0,0,0,0,0.5,0,1,0,0.5,0,1,0,-1,17,-5,0,-2.64123,0,42.80328,46.590118,2,-1,20,8,0.2,10000,0,-1,0.22095,0,0,0,0,0,0,0,0,0,0,0,0.5,0,0,0,1,0,0,0,0,10,1,0,0.35,150,0,1,0,0,0,0,0,1,0,1,0,25,91,0,0,1,0,0,1
 ,0,0,1,0,0,1,0,0,0,3,1,1,0,0,0/0,0/0,0,0,1/1,0/0,0,0,0,0,0,-0.13,0/0,0/0,4.37565,0,0.8333,0,0,0,1,0,0,1,0,0,0,0,1,1,0,0,0,0,0,0,0,0,0/0/0/0/0/0/0,-1/-1/-1/-1/-1/-1/-1,0.574899,0,0.574899,0,0.001,0,0.5,0,0.5,0,0,0,0,0,0,0,0,0.5,0,1,0,0.5,0,1,0,-1,17,-5,0,-2.64123,0,42.80328,46.590118,2,-1,20,8,0.2,10000,0,-1,0.22095,0,0,0,0,0,0,0,0,0,0,0,0.5,0,0,0,1,0,0,0,0,10,1,0,0.35,150,0,1,0,0,0,0,0,1,0,1,0,25,91,0,0,1,0,0,1
,k,s,s,s,s,s,s,s,s,s,s,s,s,s,s,s,s,s,s,s,s,s,s,s,s,s,s,s,s,s,s,s,s,s,s,s,s,k,s,s,s,s,s,s,s,s,s,s,s,s,s,s,s,s,s,s,s,s,s,s,s,s,s,s,s,s,s,s,s,s,s,s,s,s,s,s,s,s,s,s,s,s,s,s,s,s,s,s,s,s,s,s,s,s,s,s,s,s,s,s,s,s,s,s,s,s,s,s,s,s,s,s,s,s,s,s,s,s,s,k,s,k,k,s,s,s,s,s,s,s,s,s,k,k,s,s,s,s,s,k
/scene,,,,,,,,,,,,,,,,,,,,,,,,,,,,,,,,,,,,,,,,,,,,,,,,,,,,,,,,,,,,,,,,,,,,,,,,,,,,,,,,,,,,,,,,,,,,,,,,,,,,,,,,,,,,,,,,,,,,,,,,,,,,,,,,,,,,,,,,,,,,,,,,,,
scene,5_FULL_ALL,12,prolong_when_ends,,,,,,,,,,,,,,,,,,,,,,,,,,,,,,,,,,,,,,,,,,,,,,,,,,,,,,,,,,,,,,,,,,,,,,,,,,,,,,,,,,,,,,,,,,,,,,,,,,,,,,,,,,,,,,,,,,,,,,,,,,,,,,,,,,,,,,,,,,,,,,,
5_FULL_ALL,5_FULL_ALL,5_FULL_ALL,5_FULL_ALL,5_FULL_ALL,5_FULL_ALL,5_FULL_ALL,5_FULL_ALL,5_FULL_ALL,5_FULL_ALL,5_FULL_ALL,5_FULL_ALL,5_FULL_ALL,5_FULL_ALL,5_FULL_ALL,5_FULL_ALL,5_FULL_ALL,5_FULL_ALL,5_FULL_ALL,5_FULL_ALL,5_FULL_ALL,5_FULL_ALL,5_FULL_ALL,5_FULL_ALL,5_FULL_ALL,5_FULL_ALL,5_FULL_ALL,5_FULL_ALL,5_FULL_ALL,5_FULL_ALL,5_FULL_ALL,5_FULL_ALL,5_FULL_ALL,5_FULL_ALL,5_FULL_ALL,5_FULL_ALL,5_FULL_ALL,5_FULL_ALL,5_FULL_ALL,5_FULL_ALL,5_FULL_ALL,5_FULL_ALL,5_FULL_ALL,5_FULL_ALL,5_FULL_ALL,5_FULL_ALL,5_FULL_ALL,5_FULL_ALL,5_FULL_ALL,5_FULL_ALL,5_FULL_ALL,5_FULL_ALL,5_FULL_ALL,5_FULL_ALL,5_FULL_ALL,5_FULL_ALL,5_FULL_ALL,5_FULL_ALL,5_FULL_ALL,5_FULL_ALL,5_FULL_ALL,5_FULL_ALL,5_FULL_ALL,5_FULL_ALL,5_FULL_ALL,5_FULL_ALL,5_FULL_ALL,5_FULL_ALL,5_FULL_ALL,5_FULL_ALL,5_FULL_ALL,5_FULL_ALL,5_FULL_ALL,5_FULL_ALL,5_FULL_ALL,5_FULL_ALL,5_FULL_ALL,5_FULL_ALL,5_FULL_ALL,5_FULL_ALL,5_FULL_ALL,5_FULL_ALL,5_FULL_ALL,5_FULL_ALL,5_FULL_ALL,5_FULL_ALL,5_FULL_ALL,5_FULL_ALL,5_FULL_ALL,5_FULL_ALL,5_FULL_ALL,5_FULL_ALL,5_FULL_ALL,5_FULL_ALL,5_FULL_ALL,5_FULL_ALL,5_FULL_ALL,5_FULL_ALL,5_FULL_ALL,5_FULL_ALL,5_FULL_ALL,5_FULL_ALL,5_FULL_ALL,5_FULL_ALL,5_FULL_ALL,5_FULL_ALL,5_FULL_ALL,5_FULL_ALL,5_FULL_ALL,5_FULL_ALL,5_FULL_ALL,5_FULL_ALL,5_FULL_ALL,5_FULL_ALL,5_FULL_ALL,5_FULL_ALL,5_FULL_ALL,5_FULL_ALL,5_FULL_ALL,5_FULL_ALL,5_FULL_ALL,5_FULL_ALL,5_FULL_ALL,5_FULL_ALL,5_FULL_ALL,5_FULL_ALL,5_FULL_ALL,5_FULL_ALL,5_FULL_ALL,5_FULL_ALL,5_FULL_ALL,5_FULL_ALL,5_FULL_ALL,5_FULL_ALL,5_FULL_ALL,5_FULL_ALL,5_FULL_ALL,5_FULL_ALL,5_FULL_ALL,5_FULL_ALL,5_FULL_ALL
ID,auto_beat,auto_pulse,clearAllLayers,clearLayer,reset_camera,camera_BG_subtr,mute_second_screen,invertAllLayers,take_snapshots,cursorSize,auto_beat_duration,master,CAMixingWeight,CAMixingWeight_pulse,trackMixingWeight_0,trackMixingWeight_0_pulse,CAMasterWeight,CAMasterWeight_pulse,trackMasterWeight_0,trackMasterWeight_0_pulse,echo,echo_pulse,echoNeg,echoNeg_pulse,CAdecay,CAdecay_pulse,trkDecay_0,trkDecay_0_pulse,pen_radius,pen_radius_pulse,pen_color,pen_color_pulse,pen_grey,pen_grey_pulse,pen_color_a,pen_color_a_pulse,pen_brush,pen_radius_replay,pen_radius_replay_pulse,pen_color_replay,pen_color_replay_pulse,currentDrawingTrack,currentVideoTrack,currentPhotoTrack,track_x_transl_0,track_x_transl_0_pulse,track_y_transl_0,track_y_transl_0_pulse,track_x_transl_1,track_x_transl_1_pulse,track_y_transl_1,track_y_transl_1_pulse,path_record_1,path_replay_trackNo_1,noiseUpdateScale,noiseUpdateScale_pulse,noiseParticleScale,noiseParticleScale_pulse,pixel_acc,pixel_acc_pulse,pixel_acc_shiftX,pixel_acc_shiftX_pulse,pixel_acc_shiftY,pixel_acc_shiftY_pulse,pixel_radius,pixel_radius_pulse,pixel_mode,repop_BG,repop_BG_pulse,repop_path,repop_path_pulse,repop_colorBG,repop_colorBG_pulse,repop_greyBG,repop_greyBG_pulse,repop_colorPart,repop_colorPart_pulse,repop_greyPart,repop_greyPart_pulse,cameraWB_R,cameraWB_B,cameraExposure,cameraGain,cameraBrightness,cameraSaturation,cameraContrast,cameraGamma,cameraCaptFreq,playing_movieNo,movieCaptFreq,photo_diaporama,photo_diaporama_fade,photo_diaporama_plateau,activeClipArts,playing_soundtrackNo,cameraThreshold,cameraThreshold_pulse,cameraWeight,cameraWeight_pulse,cameraSobel,cameraSobel_pulse,movieWeight,movieWeight_pulse,movieSobel,movieSobel_pulse,invertMovie,invertCamera,video_satur,video_satur_pulse,video_value,video_value_pulse,photoWeight,photoWeight_pulse,flashTrkBG_freq_1,flashPixel_freq,flashPixel_duration,flashCameraTrkLength,flashCameraTrkBright,flashCameraTrkBeat,beat_threshold,beat_delay,sound_volume,sound_min,pen_radius_pressure_coef,pen_radius_angleHor_coef,pen_radius_angleVer_coef,tracksSync,cameraCumul,CAstep,interfaceOnScreen,CAcolorSpread,freeze,sound_env_min,sound_env_max,audioInput_weight,soundtrack_weight,sensor_sample_setUp,sensor_layout,sensor_activation,sensor_vol
 ,0,0,1,0,0,1,0,0,0,3,1,1,0,0,0/0,0/0,0,0,1/1,0/0,0,0,0,0,0,-0.13,0/0,0/0,4.37565,0,0.8333,0,0,0,1,0,0,1,0,0,0,0,1,1,0,0,0,0,0,0,0,0,0/0/0/0/0/0/0,-1/-1/-1/-1/-1/-1/-1,0.574899,0,0.574899,0,0.001,0,0.5,0,0.5,0,0,0,0,0,0,0,0,0.5,0,1,0,0.5,0,1,0,-1,17,-5,0,-2.64123,0,42.80328,46.590118,2,-1,20,9,0.2,10000,0,-1,0.22095,0,0,0,0,0,0,0,0,0,0,0,0.5,0,0,0,1,0,0,0,0,10,1,0,0.35,150,0,1,0,0,0,0,0,1,0,1,0,25,91,0,0,1,0,0,1
 ,0,0,1,0,0,1,0,0,0,3,1,1,0,0,0/0,0/0,0,0,1/1,0/0,0,0,0,0,0,-0.13,0/0,0/0,4.37565,0,0.8333,0,0,0,1,0,0,1,0,0,0,0,1,1,0,0,0,0,0,0,0,0,0/0/0/0/0/0/0,-1/-1/-1/-1/-1/-1/-1,0.574899,0,0.574899,0,0.001,0,0.5,0,0.5,0,0,0,0,0,0,0,0,0.5,0,1,0,0.5,0,1,0,-1,17,-5,0,-2.64123,0,42.80328,46.590118,2,-1,20,9,0.2,10000,0,-1,0.22095,0,0,0,0,0,0,0,0,0,0,0,0.5,0,0,0,1,0,0,0,0,10,1,0,0.35,150,0,1,0,0,0,0,0,1,0,1,0,25,91,0,0,1,0,0,1
,k,s,s,s,s,s,s,s,s,s,s,s,s,s,s,s,s,s,s,s,s,s,s,s,s,s,s,s,s,s,s,s,s,s,s,s,s,k,s,s,s,s,s,s,s,s,s,s,s,s,s,s,s,s,s,s,s,s,s,s,s,s,s,s,s,s,s,s,s,s,s,s,s,s,s,s,s,s,s,s,s,s,s,s,s,s,s,s,s,s,s,s,s,s,s,s,s,s,s,s,s,s,s,s,s,s,s,s,s,s,s,s,s,s,s,s,s,s,s,k,s,k,k,s,s,s,s,s,s,s,s,s,k,k,s,s,s,s,s,k
/scene,,,,,,,,,,,,,,,,,,,,,,,,,,,,,,,,,,,,,,,,,,,,,,,,,,,,,,,,,,,,,,,,,,,,,,,,,,,,,,,,,,,,,,,,,,,,,,,,,,,,,,,,,,,,,,,,,,,,,,,,,,,,,,,,,,,,,,,,,,,,,,,,,,
/scenario,,,,,,,,,,,,,,,,,,,,,,,,,,,,,,,,,,,,,,,,,,,,,,,,,,,,,,,,,,,,,,,,,,,,,,,,,,,,,,,,,,,,,,,,,,,,,,,,,,,,,,,,,,,,,,,,,,,,,,,,,,,,,,,,,,,,,,,,,,,,,,,,,,
videos,0,,,,,,,,,,,,,,,,,,,,,,,,,,,,,,,,,,,,,,,,,,,,,,,,,,,,,,,,,,,,,,,,,,,,,,,,,,,,,,,,,,,,,,,,,,,,,,,,,,,,,,,,,,,,,,,,,,,,,,,,,,,,,,,,,,,,,,,,,,,,,,,,,
/videos,,,,,,,,,,,,,,,,,,,,,,,,,,,,,,,,,,,,,,,,,,,,,,,,,,,,,,,,,,,,,,,,,,,,,,,,,,,,,,,,,,,,,,,,,,,,,,,,,,,,,,,,,,,,,,,,,,,,,,,,,,,,,,,,,,,,,,,,,,,,,,,,,,
photos,1,,,,,,,,,,,,,,,,,,,,,,,,,,,,,,,,,,,,,,,,,,,,,,,,,,,,,,,,,,,,,,,,,,,,,,,,,,,,,,,,,,,,,,,,,,,,,,,,,,,,,,,,,,,,,,,,,,,,,,,,,,,,,,,,,,,,,,,,,,,,,,,,,
album,images/KompartSD/,,,,,,,,,,,,,,,,,,,,,,,,,,,,,,,,,,,,,,,,,,,,,,,,,,,,,,,,,,,,,,,,,,,,,,,,,,,,,,,,,,,,,,,,,,,,,,,,,,,,,,,,,,,,,,,,,,,,,,,,,,,,,,,,,,,,,,,,,,,,,,,,,
/photos,,,,,,,,,,,,,,,,,,,,,,,,,,,,,,,,,,,,,,,,,,,,,,,,,,,,,,,,,,,,,,,,,,,,,,,,,,,,,,,,,,,,,,,,,,,,,,,,,,,,,,,,,,,,,,,,,,,,,,,,,,,,,,,,,,,,,,,,,,,,,,,,,,
soundtracks,0,,,,,,,,,,,,,,,,,,,,,,,,,,,,,,,,,,,,,,,,,,,,,,,,,,,,,,,,,,,,,,,,,,,,,,,,,,,,,,,,,,,,,,,,,,,,,,,,,,,,,,,,,,,,,,,,,,,,,,,,,,,,,,,,,,,,,,,,,,,,,,,,,
/soundtracks,,,,,,,,,,,,,,,,,,,,,,,,,,,,,,,,,,,,,,,,,,,,,,,,,,,,,,,,,,,,,,,,,,,,,,,,,,,,,,,,,,,,,,,,,,,,,,,,,,,,,,,,,,,,,,,,,,,,,,,,,,,,,,,,,,,,,,,,,,,,,,,,,,
svg_paths,0,path_No,track_No,radius,color_r,color_g,color_b,readSpeedScale,,,,,,,,,,,,,,,,,,,,,,,,,,,,,,,,,,,,,,,,,,,,,,,,,,,,,,,,,,,,,,,,,,,,,,,,,,,,,,,,,,,,,,,,,,,,,,,,,,,,,,,,,,,,,,,,,,,,,,,,,,,,,,,,,,,,,,,,,,
/svg_paths,,,,,,,,,,,,,,,,,,,,,,,,,,,,,,,,,,,,,,,,,,,,,,,,,,,,,,,,,,,,,,,,,,,,,,,,,,,,,,,,,,,,,,,,,,,,,,,,,,,,,,,,,,,,,,,,,,,,,,,,,,,,,,,,,,,,,,,,,,,,,,,,,,
svg_clip_arts,0,nb_layers,scale,translation_x,translation_y,rotation,color,,,,,,,,,,,,,,,,,,,,,,,,,,,,,,,,,,,,,,,,,,,,,,,,,,,,,,,,,,,,,,,,,,,,,,,,,,,,,,,,,,,,,,,,,,,,,,,,,,,,,,,,,,,,,,,,,,,,,,,,,,,,,,,,,,,,,,,,,,,
/svg_clip_arts,,,,,,,,,,,,,,,,,,,,,,,,,,,,,,,,,,,,,,,,,,,,,,,,,,,,,,,,,,,,,,,,,,,,,,,,,,,,,,,,,,,,,,,,,,,,,,,,,,,,,,,,,,,,,,,,,,,,,,,,,,,,,,,,,,,,,,,,,,,,,,,,,,
textures,6,suffix,usage,rank,dimension,nb_3D_textures,size_x,size_y,nb_bytes_per_pixel,is_rectangle,invert,,,,,,,,,,,,,,,,,,,,,,,,,,,,,,,,,,,,,,,,,,,,,,,,,,,,,,,,,,,,,,,,,,,,,,,,,,,,,,,,,,,,,,,,,,,,,,,,,,,,,,,,,,,,,,,,,,,,,,,,,,,,,,,,,,,,,,,
texture,master_mask_circ,.png,master_mask,1,2,1,1920,1080,4,true,false,,,,,,,,,,,,,,,,,,,,,,,,,,,,,,,,,,,,,,,,,,,,,,,,,,,,,,,,,,,,,,,,,,,,,,,,,,,,,,,,,,,,,,,,,,,,,,,,,,,,,,,,,,,,,,,,,,,,,,,,,,,,,,,,,,,,,,,
texture,etoiles/incandescent,.png,mesh,1,2,1,1024,1024,4,true,false,,,,,,,,,,,,,,,,,,,,,,,,,,,,,,,,,,,,,,,,,,,,,,,,,,,,,,,,,,,,,,,,,,,,,,,,,,,,,,,,,,,,,,,,,,,,,,,,,,,,,,,,,,,,,,,,,,,,,,,,,,,,,,,,,,,,,,,
texture,Noise_voluspa_3D,.png,noise,1,3,2,2048,1024,4,true,true,,,,,,,,,,,,,,,,,,,,,,,,,,,,,,,,,,,,,,,,,,,,,,,,,,,,,,,,,,,,,,,,,,,,,,,,,,,,,,,,,,,,,,,,,,,,,,,,,,,,,,,,,,,,,,,,,,,,,,,,,,,,,,,,,,,,,,,
texture,brushes/Pen_demo_3D,.png,brush,1,3,3,2048,2048,4,true,true,,,,,,,,,,,,,,,,,,,,,,,,,,,,,,,,,,,,,,,,,,,,,,,,,,,,,,,,,,,,,,,,,,,,,,,,,,,,,,,,,,,,,,,,,,,,,,,,,,,,,,,,,,,,,,,,,,,,,,,,,,,,,,,,,,,,,,,
texture,comet,.png,curve_particle,1,2,1,512,256,4,false,false,,,,,,,,,,,,,,,,,,,,,,,,,,,,,,,,,,,,,,,,,,,,,,,,,,,,,,,,,,,,,,,,,,,,,,,,,,,,,,,,,,,,,,,,,,,,,,,,,,,,,,,,,,,,,,,,,,,,,,,,,,,,,,,,,,,,,,,
texture,blurredDisk,.png,splat_particle,1,2,1,256,256,4,false,false,,,,,,,,,,,,,,,,,,,,,,,,,,,,,,,,,,,,,,,,,,,,,,,,,,,,,,,,,,,,,,,,,,,,,,,,,,,,,,,,,,,,,,,,,,,,,,,,,,,,,,,,,,,,,,,,,,,,,,,,,,,,,,,,,,,,,,,
/textures,,,,,,,,,,,,,,,,,,,,,,,,,,,,,,,,,,,,,,,,,,,,,,,,,,,,,,,,,,,,,,,,,,,,,,,,,,,,,,,,,,,,,,,,,,,,,,,,,,,,,,,,,,,,,,,,,,,,,,,,,,,,,,,,,,,,,,,,,,,,,,,,,,
palette_colors,6,,,,,,,,,,,,,,,,,,,,,,,,,,,,,,,,,,,,,,,,,,,,,,,,,,,,,,,,,,,,,,,,,,,,,,,,,,,,,,,,,,,,,,,,,,,,,,,,,,,,,,,,,,,,,,,,,,,,,,,,,,,,,,,,,,,,,,,,,,,,,,,,,
red,200,0,50,255,0,0,200,50,0,,,,,,,,,,,,,,,,,,,,,,,,,,,,,,,,,,,,,,,,,,,,,,,,,,,,,,,,,,,,,,,,,,,,,,,,,,,,,,,,,,,,,,,,,,,,,,,,,,,,,,,,,,,,,,,,,,,,,,,,,,,,,,,,,,,,,,,,,
magenta,200,50,255,255,0,255,255,50,200,,,,,,,,,,,,,,,,,,,,,,,,,,,,,,,,,,,,,,,,,,,,,,,,,,,,,,,,,,,,,,,,,,,,,,,,,,,,,,,,,,,,,,,,,,,,,,,,,,,,,,,,,,,,,,,,,,,,,,,,,,,,,,,,,,,,,,,,,
blue,0,50,200,0,0,255,50,0,200,,,,,,,,,,,,,,,,,,,,,,,,,,,,,,,,,,,,,,,,,,,,,,,,,,,,,,,,,,,,,,,,,,,,,,,,,,,,,,,,,,,,,,,,,,,,,,,,,,,,,,,,,,,,,,,,,,,,,,,,,,,,,,,,,,,,,,,,,
cyan,50,200,255,0,255,255,50,255,200,,,,,,,,,,,,,,,,,,,,,,,,,,,,,,,,,,,,,,,,,,,,,,,,,,,,,,,,,,,,,,,,,,,,,,,,,,,,,,,,,,,,,,,,,,,,,,,,,,,,,,,,,,,,,,,,,,,,,,,,,,,,,,,,,,,,,,,,,
green,50,200,0,0,255,0,0,200,50,,,,,,,,,,,,,,,,,,,,,,,,,,,,,,,,,,,,,,,,,,,,,,,,,,,,,,,,,,,,,,,,,,,,,,,,,,,,,,,,,,,,,,,,,,,,,,,,,,,,,,,,,,,,,,,,,,,,,,,,,,,,,,,,,,,,,,,,,
yellow,200,255,50,255,255,0,255,200,50,,,,,,,,,,,,,,,,,,,,,,,,,,,,,,,,,,,,,,,,,,,,,,,,,,,,,,,,,,,,,,,,,,,,,,,,,,,,,,,,,,,,,,,,,,,,,,,,,,,,,,,,,,,,,,,,,,,,,,,,,,,,,,,,,,,,,,,,,
/palette_colors,,,,,,,,,,,,,,,,,,,,,,,,,,,,,,,,,,,,,,,,,,,,,,,,,,,,,,,,,,,,,,,,,,,,,,,,,,,,,,,,,,,,,,,,,,,,,,,,,,,,,,,,,,,,,,,,,,,,,,,,,,,,,,,,,,,,,,,,,,,,,,,,,,
color_presets,6,,,,,,,,,,,,,,,,,,,,,,,,,,,,,,,,,,,,,,,,,,,,,,,,,,,,,,,,,,,,,,,,,,,,,,,,,,,,,,,,,,,,,,,,,,,,,,,,,,,,,,,,,,,,,,,,,,,,,,,,,,,,,,,,,,,,,,,,,,,,,,,,,
re,0,,,,,,,,,,,,,,,,,,,,,,,,,,,,,,,,,,,,,,,,,,,,,,,,,,,,,,,,,,,,,,,,,,,,,,,,,,,,,,,,,,,,,,,,,,,,,,,,,,,,,,,,,,,,,,,,,,,,,,,,,,,,,,,,,,,,,,,,,,,,,,,,,
ma,0.1667,,,,,,,,,,,,,,,,,,,,,,,,,,,,,,,,,,,,,,,,,,,,,,,,,,,,,,,,,,,,,,,,,,,,,,,,,,,,,,,,,,,,,,,,,,,,,,,,,,,,,,,,,,,,,,,,,,,,,,,,,,,,,,,,,,,,,,,,,,,,,,,,,
bl,0.3333,,,,,,,,,,,,,,,,,,,,,,,,,,,,,,,,,,,,,,,,,,,,,,,,,,,,,,,,,,,,,,,,,,,,,,,,,,,,,,,,,,,,,,,,,,,,,,,,,,,,,,,,,,,,,,,,,,,,,,,,,,,,,,,,,,,,,,,,,,,,,,,,,
cy,0.5,,,,,,,,,,,,,,,,,,,,,,,,,,,,,,,,,,,,,,,,,,,,,,,,,,,,,,,,,,,,,,,,,,,,,,,,,,,,,,,,,,,,,,,,,,,,,,,,,,,,,,,,,,,,,,,,,,,,,,,,,,,,,,,,,,,,,,,,,,,,,,,,,
gr,0.6667,,,,,,,,,,,,,,,,,,,,,,,,,,,,,,,,,,,,,,,,,,,,,,,,,,,,,,,,,,,,,,,,,,,,,,,,,,,,,,,,,,,,,,,,,,,,,,,,,,,,,,,,,,,,,,,,,,,,,,,,,,,,,,,,,,,,,,,,,,,,,,,,,
ye,0.8333,,,,,,,,,,,,,,,,,,,,,,,,,,,,,,,,,,,,,,,,,,,,,,,,,,,,,,,,,,,,,,,,,,,,,,,,,,,,,,,,,,,,,,,,,,,,,,,,,,,,,,,,,,,,,,,,,,,,,,,,,,,,,,,,,,,,,,,,,,,,,,,,,
/color_presets,,,,,,,,,,,,,,,,,,,,,,,,,,,,,,,,,,,,,,,,,,,,,,,,,,,,,,,,,,,,,,,,,,,,,,,,,,,,,,,,,,,,,,,,,,,,,,,,,,,,,,,,,,,,,,,,,,,,,,,,,,,,,,,,,,,,,,,,,,,,,,,,,,
