RANK	1	2	3	4	5	6	7	8	9	10	11	12	13	14	15	16	17	18	19	20	21	22	23	24	25	26	27	28	29	30	31	32	33	34	35	36	37	38	39	40	41	42	43	44	45	46	47	48	49	50	51	52	53	54	55	56	57	58	59	60	61	62	63	64	65	66	67	68	69	70	71	72	73	74	75	76	77	78	79	80	81	82	83	84	85	86
VERBATIM	part mode	part texture	part texture noise	part acc coef	part acc center-x	part acc center-y	radius particle	breathing	repopuplating	repopuplating CA	hidingCoef	Hiding target X	Hiding target Y	drawing stroke	brush ID	brush radius	impact period	impact random	impact_X	impact_Y	palette 	R color	G color	B color	A color	CA type	CA subtype	clear	invert	cursor size	echo	echo neg	color music	part music	brush radius music	CA decay sign (+decay -incay)	track0 decay sign (+decay -incay)	CA decay	track0 decay	CA weight	track0 weight	display lookAt target	with_mesh	scene dimming	Right VP location	Right VP location	Right VP location	Right VP up 2nd comp	projCenterX Right	projCenterY Right	projCenterZ Right	projection width top at 1m	projection width bottom at 1m	projection top at 1m	projection bottom at 1m	projKeystoneXTop	projKeystoneXBottom	projKeystoneYTop	projKeystoneYBottom	Left VP location	Left VP location	Left VP location	Left VP up 2nd comp	projCenterX Left	projCenterY Left	projCenterZ Left	projection width top at 1m	projection width bottom at 1m	projection top at 1m	projection bottom at 1m	proj2KeystoneXTop	proj2KeystoneXBottom	proj2KeystoneYTop	proj2KeystoneYBottom	texture width min	texture width max	texture height min	texture height max	texture width min border	texture width max border	texture height min border	texture height max border	mesh junction point	texture width min border	near plane	far plane
TYPE	int	float	float	float	float	float	float	float	float	float	float	float	float	int 	int 	float	int 	bool	float	float	float	float	float	float	float	int	int	bool	bool	int	float	float	float	float	float	sign	sign	float	float	float	float	bool	bool	float	float	float	float	float	float	float	float	float	float	float	float	float	float	float	float	float	float	float	float	float	float	float	float	float	float	float	float	float	float	float	float	float	float	float	float	float	float	float	float	float	float	float
ID	particleMode	particle_texture_ID	particle_texture_noise	partAccCoef	partAccCenterX	partAccCenterY	radiusParticle	breathing	repopulating	repopulatingCA	hidingCoef	hidingX	hidingY	currentDrawingStroke	brushID	brushRadius	impact_period	impact_random	impactX	impactY	RGBspectrum	local_color_r	local_color_g	local_color_b	local_color_a	CAType	CASubType	clearAllLayers	invertAllLayers	cursorSize	echo	echoNeg	color_spectrum_coef	part_acc_attack_coef	brush_radius_vol_coef	CAdecay_sign	trackdecay_sign_0	CAdecay	trackdecay_0	CAweight	trackweight_0	isDisplayLookAt	with_mesh	blendTransp	projLocX	projLocY	projLocZ	projUpY	projCenterX	projCenterY	projCenterZ	projWidthTopAt1m	projWidthBottomAt1m	projTopAt1m	projBottomAt1m	projKeystoneXTop	projKeystoneXBottom	projKeystoneYTop	projKeystoneYBottom	proj2LocX	proj2LocY	proj2LocZ	proj2UpY	proj2CenterX	proj2CenterY	proj2CenterZ	proj2WidthTopAt1m	proj2WidthBottomAt1m	proj2TopAt1m	proj2BottomAt1m	proj2KeystoneXTop	proj2KeystoneXBottom	proj2KeystoneYTop	proj2KeystoneYBottom	textureFrontier_wmin	textureFrontier_wmax	textureFrontier_hmin	textureFrontier_hmax	textureFrontier_wmin_width	textureFrontier_wmax_width	textureFrontier_hmin_width	textureFrontier_hmax_width	meshFrontier_Y	meshFrontier_width	nearPlane	farPlane
FUNCTION	NULL	particle_texture_ID_callBack	NULL	NULL	NULL	NULL	NULL	NULL	NULL	NULL	NULL	NULL	NULL	currentDrawingStroke_callBack	NULL	NULL	NULL	NULL	impactX_callBack	impactY_callBack	NULL	NULL	NULL	NULL	NULL	NULL	NULL	clearAllLayers_callBack	NULL	NULL	NULL	NULL	NULL	NULL	NULL	NULL	NULL	NULL	NULL	NULL	NULL	NULL	NULL	NULL	NULL	NULL	NULL	NULL	NULL	NULL	NULL	NULL	NULL	NULL	NULL	NULL	NULL	NULL	NULL	NULL	NULL	NULL	NULL	NULL	NULL	NULL	NULL	NULL	NULL	NULL	NULL	NULL	NULL	NULL	NULL	NULL	NULL	NULL	NULL	NULL	NULL	NULL	NULL	NULL	NULL	NULL
                                                                       	particleMode_can	particle_texture_ID_can	particle_texture_noise_can	partAccCoef_can	partAccCenterX_can	partAccCenterY_can	radiusParticle_can	breathing_can	repopulating_can	repopulatingCA_can	hidingCoef_can	hidingX_can	hidingY_can	NULL	brushID_can	brushRadius_can	impact_period_can	impact_random_can	impactX_can	impactY_can	RGBspectrum_can	local_color_r_can	NULL	NULL	local_color_a_can	CAType_can	CASubType_can	NULL	invertAllLayers_can	NULL	echo_can	echoNeg_can	color_spectrum_coef_can	part_acc_attack_coef_can	brush_radius_vol_coef_can	CAdecay_sign_can	trackdecay_sign_0_can	CAdecay_can	trackdecay_0_can	CAweight_can	trackweight_0_can	isDisplayLookAt_can	with_mesh_can	blendTransp_can	NULL	NULL	NULL	NULL	NULL	NULL	NULL	NULL	NULL	NULL	NULL	NULL	NULL	NULL	NULL	NULL	NULL	NULL	NULL	NULL	NULL	NULL	NULL	NULL	NULL	NULL	NULL	NULL	NULL	NULL	NULL	NULL	NULL	NULL	NULL	NULL	NULL	NULL	NULL	NULL	NULL	NULL
CHAR-	*	*	*	*	*	*	*	*	*	*	*	*	*	*	*	*	*	*	*	*	*	*	*	*	*	*	*	*	*	*	*	*	*	*	*	*	*	*	*	*	*	*	*	*	*	*	*	*	*	*	*	*	*	*	*	*	*	*	*	*	*	*	*	*	*	*	*	*	*	*	*	*	*	*	*	*	*	*	*	*	*	*	*	*	*	*
CHAR+	*	*	*	*	*	*	*	*	*	*	*	*	*	*	*	*	*	*	*	*	*	*	*	*	*	*	*	*	*	*	*	*	*	*	*	*	*	*	*	*	*	*	*	*	*	*	*	*	*	*	*	*	*	*	*	*	*	*	*	*	*	*	*	*	*	*	*	*	*	*	*	*	*	*	*	*	*	*	*	*	*	*	*	*	*	*
STEP-	-1	-1	-1	-0.1	-0.1	-0.1	-0.1	-0.1	-1	-1	-0.1	-0.1	-0.1	-1	-1	-1	-1	0	-10	-10	-0.1	-1	-1	-1	0	-1	-1	0	0	-1	-0.1	-0.1	-1	-1	-1	-1	-1	-0.001	-0.001	-0.1	-0.1	0	0	-0.1	-0.1	-0.1	-0.1	-0.1	-1	-1	-1	-0.1	-0.1	-0.1	-0.1	-0.1	-0.1	-0.1	-0.1	-0.1	-0.1	-0.1	-0.1	-1	-1	-1	-0.1	-0.1	-0.1	-0.1	-0.1	-0.1	-0.1	-0.1	-1	-1	-1	-1	-1	-1	-1	-1	-1	-1	-1	-1
STEP+	1	1	1	0.1	0.1	0.1	0.1	0.1	1	1	0.1	0.1	0.1	1	1	1	1	0	10	10	0.1	1	1	1	1	1	1	0	1	1	0.1	0.1	1	1	1	1	1	0.001	0.001	0.1	0.1	1	1	0.1	0.1	0.1	0.1	0.1	1	1	1	0.1	0.1	0.1	0.1	0.1	0.1	0.1	0.1	9	3.5	0.1	0.1	1	1	1	0.1	0.1	0.1	0.1	0.1	0.1	0.1	0.1	1	1	1	1	1	1	1	1	1	1	1	1
MIN OR EQUAL	0	0	0	-9999	0.0	0.0	0.0	0.0	0	0	0.0	0.0	0.0	0	0	0	0	0	500	0	-9999	0	0	0	0	0	0	0	0	0	0	0	0	0	0	-1	-1	-9999	-9999	0	0	0	0	0	11	5.5	5.5	-1	-9999	-9999	-9999	0	0	0	0	0.1	0.1	0.1	0.1	11	5.5	5.5	-1	-9999	-9999	-9999	0	0	0	0	0.1	0.1	0.1	0.1	0	0	0	0	0	0	0	0	0	0	0	0
MAX OR EQUAL	3	7	100	9999	1.0	1.0	1	1.0	10	10	1.0	1.0	1.0	2	7	9999	7	1	1500	256	9999	1	1	1	1	9	42	1	1	10	1	1	9999	9999	9999	1	1	9999	9999	1	1	1	1	1	10.0	10.0	10.0	1	9999	9999	9999	10	10	10	10	10.0	10.0	10.0	10.0	10.0	10.0	10.0	1	9999	9999	9999	10	10	10	10	10.0	10.0	10.0	10.0	9999	9999	9999	9999	9999	9999	9999	9999	9999	9999	9999	9999
initial_values															social change	basic																																																																						
	1	6.0	0	0.007	0.5	0.6	0.8	0.0	0.1	0.0	0	0.25	0.25	0	0	1000	0	0	1000	128	3	1.0	1.0	1.0	1.0	0	1	0	0	0	0.204	0.023	0	0	0	1	-1	0	0.01	1	1	1	1	1	2.43	2.08	0.53	-0.038	5.955	1.86	0	2.038	2.038	1.4195	0.1906	1	1	1	1	-0.2	2.53	1.87	0.029	5.6982	8.6775	1.0677	2.038	2.038	1.4195	0.1906	1	1	1	1	2.5	15	60	394	0.3	0.3	40	57	6	0.3	1	30
/initial_values																																																																																						
scenario	9																																																																																					
scene	Enervement-Givre-marbre	60																																																																																				
Enervement-Givre-marbre       8    (18 - mort de peur)	Enervement-Givre-marbre	Enervement-Givre-marbre	Enervement-Givre-marbre	Enervement-Givre-marbre	Enervement-Givre-marbre	Enervement-Givre-marbre	Enervement-Givre-marbre	Enervement-Givre-marbre	Enervement-Givre-marbre	Enervement-Givre-marbre	Enervement-Givre-marbre	Enervement-Givre-marbre	Enervement-Givre-marbre	Enervement-Givre-marbre	Enervement-Givre-marbre	Enervement-Givre-marbre	Enervement-Givre-marbre	Enervement-Givre-marbre	Enervement-Givre-marbre	Enervement-Givre-marbre	Enervement-Givre-marbre	Enervement-Givre-marbre	Enervement-Givre-marbre	Enervement-Givre-marbre	Enervement-Givre-marbre	Enervement-Givre-marbre	Enervement-Givre-marbre	Enervement-Givre-marbre	Enervement-Givre-marbre	Enervement-Givre-marbre	Enervement-Givre-marbre	Enervement-Givre-marbre	Enervement-Givre-marbre	Enervement-Givre-marbre	Enervement-Givre-marbre	Enervement-Givre-marbre	Enervement-Givre-marbre	Enervement-Givre-marbre	Enervement-Givre-marbre	Enervement-Givre-marbre	Enervement-Givre-marbre	Enervement-Givre-marbre	Enervement-Givre-marbre	Enervement-Givre-marbre	Enervement-Givre-marbre	Enervement-Givre-marbre	Enervement-Givre-marbre	Enervement-Givre-marbre	Enervement-Givre-marbre	Enervement-Givre-marbre	Enervement-Givre-marbre	Enervement-Givre-marbre	Enervement-Givre-marbre	Enervement-Givre-marbre	Enervement-Givre-marbre	Enervement-Givre-marbre	Enervement-Givre-marbre	Enervement-Givre-marbre	Enervement-Givre-marbre	Enervement-Givre-marbre	Enervement-Givre-marbre	Enervement-Givre-marbre	Enervement-Givre-marbre	Enervement-Givre-marbre	Enervement-Givre-marbre	Enervement-Givre-marbre	Enervement-Givre-marbre	Enervement-Givre-marbre	Enervement-Givre-marbre	Enervement-Givre-marbre	Enervement-Givre-marbre	Enervement-Givre-marbre	Enervement-Givre-marbre	Enervement-Givre-marbre	Enervement-Givre-marbre	Enervement-Givre-marbre	Enervement-Givre-marbre	Enervement-Givre-marbre	Enervement-Givre-marbre	Enervement-Givre-marbre	Enervement-Givre-marbre	Enervement-Givre-marbre	Enervement-Givre-marbre	Enervement-Givre-marbre	Enervement-Givre-marbre	Enervement-Givre-marbre
	particleMode	particle_texture_ID	particle_texture_noise	partAccCoef	partAccCenterX	partAccCenterY	radiusParticle	breathing	repopulating	repopulatingCA	hidingCoef	hidingX	hidingY	currentDrawingStroke	brushID	brushRadius	impact_period	impact_random	impactX	impactY	RGBspectrum	local_color_r	local_color_g	local_color_b	local_color_a	CAType	CASubType	clearAllLayers	invertAllLayers	cursorSize	echo	echoNeg	color_spectrum_coef	part_acc_attack_coef	brush_radius_vol_coef	CAdecay_sign	trackdecay_sign_0	CAdecay	trackdecay_0	CAweight	trackweight_0	isDisplayLookAt	with_mesh	blendTransp	projLocX	projLocY	projLocZ	projUpY	projCenterX	projCenterY	projCenterZ	projWidthTopAt1m	projWidthBottomAt1m	projTopAt1m	projBottomAt1m	projKeystoneXTop	projKeystoneXBottom	projKeystoneYTop	projKeystoneYBottom	proj2LocX	proj2LocY	projLocZ	proj2UpY	proj2CenterX	proj2CenterY	proj2CenterZ	projWidthAt1m	projWidthAt1m	proj2TopAt1m	proj2BottomAt1m	proj2KeystoneXTop	proj2KeystoneXBottom	proj2KeystoneYTop	proj2KeystoneYBottom	textureFrontier_wmin	textureFrontier_wmax	textureFrontier_hmin	textureFrontier_hmax	textureFrontier_wmin_width	textureFrontier_wmax_width	textureFrontier_hmin_width	textureFrontier_hmax_width	meshFrontier_Y	meshFrontier_width	nearPlane	farPlane
	1	6.0	0	0.007	0.5	0.6	0.8	0.0	0.1	0.0	0	0.25	0.25	0	0	1000	0	0	1000	128	3	1.0	1.0	1.0	1.0	0	1	0	0	0	0.204	0.023	0	0	0	1	-1	0	0.01	1	1	0	0	1	2.43	2.08	0.53	-0.038	5.955	1.86	0	2.038	2.038	1.4195	0.1906	1	1	1	1	-0.2	2.53	1.87	0.029	5.6982	8.6775	1.0677	2.038	2.038	1.4195	0.1906	1	1	1	1	2.5	15	60	394	0.3	0.3	40	57	6	0.3	1	30
	1	6.0	0	0.007	0.5	0.6	0.8	0.0	0.9	0.0	0	0.25	0.25	0	0	1000	0	0	1000	128	3	1.0	1.0	1.0	1.0	0	1	0	0	0	0.05	0.001	0	0	0	1	-1	0	0.01	1	1	0	0	1	2.43	2.08	0.53	-0.038	5.955	1.86	0	2.038	2.038	1.4195	0.1906	1	1	1	1	-0.2	2.53	1.87	0.029	5.6982	8.6775	1.0677	2.038	2.038	1.4195	0.1906	1	1	1	1	2.5	15	60	394	0.3	0.3	40	57	6	0.3	1	30
	s	s	s	s	s	s	s	s	l	s	s	s	s	s	s	s	s	s	s	s	s	s	s	s	s	s	s	s	s	s	l	l	s	s	s	s	s	s	s	s	s	s	s	s	s	s	s	s	s	s	s	s	s	s	s	s	s	s	s	s	s	s	s	s	s	s	s	s	s	s	s	s	s	s	s	s	s	s	s	s	s	s	s	s	s	s
/scene																																																																																						
scene	Pluie	60																																																																																				
Pluie	Pluie	Pluie	Pluie	Pluie	Pluie	Pluie	Pluie	Pluie	Pluie	Pluie	Pluie	Pluie	Pluie	Pluie	Pluie	Pluie	Pluie	Pluie	Pluie	Pluie	Pluie	Pluie	Pluie	Pluie	Pluie	Pluie	Pluie	Pluie	Pluie	Pluie	Pluie	Pluie	Pluie	Pluie	Pluie	Pluie	Pluie	Pluie	Pluie	Pluie	Pluie	Pluie	Pluie	Pluie	Pluie	Pluie	Pluie	Pluie	Pluie	Pluie	Pluie	Pluie	Pluie	Pluie	Pluie	Pluie	Pluie	Pluie	Pluie	Pluie	Pluie	Pluie	Pluie	Pluie	Pluie	Pluie	Pluie	Pluie	Pluie	Pluie	Pluie	Pluie	Pluie	Pluie	Pluie	Pluie	Pluie	Pluie	Pluie	Pluie	Pluie	Pluie	Pluie	Pluie	Pluie	Pluie
	particleMode	particle_texture_ID	particle_texture_noise	partAccCoef	partAccCenterX	partAccCenterY	radiusParticle	breathing	repopulating	repopulatingCA	hidingCoef	hidingX	hidingY	currentDrawingStroke	brushID	brushRadius	impact_period	impact_random	impactX	impactY	RGBspectrum	local_color_r	local_color_g	local_color_b	local_color_a	CAType	CASubType	clearAllLayers	invertAllLayers	cursorSize	echo	echoNeg	color_spectrum_coef	part_acc_attack_coef	brush_radius_vol_coef	CAdecay_sign	trackdecay_sign_0	CAdecay	trackdecay_0	CAweight	trackweight_0	isDisplayLookAt	with_mesh	blendTransp	projLocX	projLocY	projLocZ	projUpY	projCenterX	projCenterY	projCenterZ	projWidthAt1m	projWidthAt1m	projTopAt1m	projBottomAt1m	projKeystoneXTop	projKeystoneXBottom	projKeystoneYTop	projKeystoneYBottom	proj2LocX	proj2LocY	projLocZ	proj2UpY	proj2CenterX	proj2CenterY	proj2CenterZ	projWidthAt1m	projWidthAt1m	proj2TopAt1m	proj2BottomAt1m	proj2KeystoneXTop	proj2KeystoneXBottom	proj2KeystoneYTop	proj2KeystoneYBottom	textureFrontier_wmin	textureFrontier_wmax	textureFrontier_hmin	textureFrontier_hmax	textureFrontier_wmin_width	textureFrontier_wmax_width	textureFrontier_hmin_width	textureFrontier_hmax_width	meshFrontier_Y	meshFrontier_width	nearPlane	farPlane
	1	0.5	0	0.03	0.5	0.6	0.5	0.0	0.1	0.0	0	0.25	0.25	0	0	1000	0	0	1000	128	3	1.0	1.0	1.0	1.0	0	1	0	0	0	0.26	0.045	0	0	0	1	-1	0	0.01	1	1	0	0	1	2.43	2.08	0.53	-0.038	5.955	1.86	0	2.038	2.038	1.4195	0.1906	1	1	1	1	-0.2	2.53	1.87	0.029	5.6982	8.6775	1.0677	2.038	2.038	1.4195	0.1906	1	1	1	1	2.5	15	60	394	0.3	0.3	40	57	6	0.3	1	30
	1	0.5	0	0.03	0.5	0.6	0.5	0.0	0.1	0.0	0	0.25	0.25	0	0	1000	0	0	1000	128	3	1.0	1.0	1.0	1.0	0	1	0	0	0	0.26	0.045	0	0	0	1	-1	0	0.01	1	1	0	0	1	2.43	2.08	0.53	-0.038	5.955	1.86	0	2.038	2.038	1.4195	0.1906	1	1	1	1	-0.2	2.53	1.87	0.029	5.6982	8.6775	1.0677	2.038	2.038	1.4195	0.1906	1	1	1	1	2.5	15	60	394	0.3	0.3	40	57	6	0.3	1	30
	s	s	s	s	s	s	s	s	s	s	s	s	s	s	s	s	s	s	s	s	s	s	s	s	s	s	s	s	s	s	s	s	s	s	s	s	s	s	s	s	s	s	s	s	s	s	s	s	s	s	s	s	s	s	s	s	s	s	s	s	s	s	s	s	s	s	s	s	s	s	s	s	s	s	s	s	s	s	s	s	s	s	s	s	s	s
/scene																																																																																						
scene	Scintillement-respiration	60																																																																																				
Scintillement-respiration 	Scintillement-respiration	Scintillement-respiration	Scintillement-respiration	Scintillement-respiration	Scintillement-respiration	Scintillement-respiration	Scintillement-respiration	Scintillement-respiration	Scintillement-respiration	Scintillement-respiration	Scintillement-respiration	Scintillement-respiration	Scintillement-respiration	Scintillement-respiration	Scintillement-respiration	Scintillement-respiration	Scintillement-respiration	Scintillement-respiration	Scintillement-respiration	Scintillement-respiration	Scintillement-respiration	Scintillement-respiration	Scintillement-respiration	Scintillement-respiration	Scintillement-respiration	Scintillement-respiration	Scintillement-respiration	Scintillement-respiration	Scintillement-respiration	Scintillement-respiration	Scintillement-respiration	Scintillement-respiration	Scintillement-respiration	Scintillement-respiration	Scintillement-respiration	Scintillement-respiration	Scintillement-respiration	Scintillement-respiration	Scintillement-respiration	Scintillement-respiration	Scintillement-respiration	Scintillement-respiration	Scintillement-respiration	Scintillement-respiration	Scintillement-respiration	Scintillement-respiration	Scintillement-respiration	Scintillement-respiration	Scintillement-respiration	Scintillement-respiration	Scintillement-respiration	Scintillement-respiration	Scintillement-respiration	Scintillement-respiration	Scintillement-respiration	Scintillement-respiration	Scintillement-respiration	Scintillement-respiration	Scintillement-respiration	Scintillement-respiration	Scintillement-respiration	Scintillement-respiration	Scintillement-respiration	Scintillement-respiration	Scintillement-respiration	Scintillement-respiration	Scintillement-respiration	Scintillement-respiration	Scintillement-respiration	Scintillement-respiration	Scintillement-respiration	Scintillement-respiration	Scintillement-respiration	Scintillement-respiration	Scintillement-respiration	Scintillement-respiration	Scintillement-respiration	Scintillement-respiration	Scintillement-respiration	Scintillement-respiration	Scintillement-respiration	Scintillement-respiration	Scintillement-respiration	Scintillement-respiration	Scintillement-respiration	Scintillement-respiration
	particleMode	particle_texture_ID	particle_texture_noise	partAccCoef	partAccCenterX	partAccCenterY	radiusParticle	breathing	repopulating	repopulatingCA	hidingCoef	hidingX	hidingY	currentDrawingStroke	brushID	brushRadius	impact_period	impact_random	impactX	impactY	RGBspectrum	local_color_r	local_color_g	local_color_b	local_color_a	CAType	CASubType	clearAllLayers	invertAllLayers	cursorSize	echo	echoNeg	color_spectrum_coef	part_acc_attack_coef	brush_radius_vol_coef	CAdecay_sign	trackdecay_sign_0	CAdecay	trackdecay_0	CAweight	trackweight_0	isDisplayLookAt	with_mesh	blendTransp	projLocX	projLocY	projLocZ	projUpY	projCenterX	projCenterY	projCenterZ	projWidthAt1m	projWidthAt1m	projTopAt1m	projBottomAt1m	projKeystoneXTop	projKeystoneXBottom	projKeystoneYTop	projKeystoneYBottom	proj2LocX	proj2LocY	projLocZ	proj2UpY	proj2CenterX	proj2CenterY	proj2CenterZ	projWidthAt1m	projWidthAt1m	proj2TopAt1m	proj2BottomAt1m	proj2KeystoneXTop	proj2KeystoneXBottom	proj2KeystoneYTop	proj2KeystoneYBottom	textureFrontier_wmin	textureFrontier_wmax	textureFrontier_hmin	textureFrontier_hmax	textureFrontier_wmin_width	textureFrontier_wmax_width	textureFrontier_hmin_width	textureFrontier_hmax_width	meshFrontier_Y	meshFrontier_width	nearPlane	farPlane
	1	0	0	0.0	0.5	0.5	0.5	8.0	0.1	0.0	0	0.25	0.25	0	0	1000	0	0	1000	128	3	1.0	1.0	1.0	1.0	0	1	0	0	0	1.0	1.0	0	0	0	1	1	0	0.0003	1	1	0	0	1	2.43	2.08	0.53	-0.038	5.955	1.86	0	2.038	2.038	1.4195	0.1906	1	1	1	1	-0.2	2.53	1.87	0.029	5.6982	8.6775	1.0677	2.038	2.038	1.4195	0.1906	1	1	1	1	2.5	15	60	394	0.3	0.3	40	57	6	0.3	1	30
	1	0	0	0.0	0.5	0.5	0.5	8.0	0.1	0.0	0	0.25	0.25	0	0	1000	0	0	1000	128	3	1.0	1.0	1.0	1.0	0	1	0	0	0	1.0	1.0	0	0	0	1	1	0	0.0003	1	1	0	0	1	2.43	2.08	0.53	-0.038	5.955	1.86	0	2.038	2.038	1.4195	0.1906	1	1	1	1	-0.2	2.53	1.87	0.029	5.6982	8.6775	1.0677	2.038	2.038	1.4195	0.1906	1	1	1	1	2.5	15	60	394	0.3	0.3	40	57	6	0.3	1	30
	s	s	s	s	s	s	s	s	s	s	s	s	s	s	s	s	s	s	s	s	s	s	s	s	s	s	s	s	s	s	s	s	s	s	s	s	s	s	s	s	s	s	s	s	s	s	s	s	s	s	s	s	s	s	s	s	s	s	s	s	s	s	s	s	s	s	s	s	s	s	s	s	s	s	s	s	s	s	s	s	s	s	s	s	s	s
/scene																																																																																						
scene	Moisture	60																																																																																				
Moisture	Moisture	Moisture	Moisture	Moisture	Moisture	Moisture	Moisture	Moisture	Moisture	Moisture	Moisture	Moisture	Moisture	Moisture	Moisture	Moisture	Moisture	Moisture	Moisture	Moisture	Moisture	Moisture	Moisture	Moisture	Moisture	Moisture	Moisture	Moisture	Moisture	Moisture	Moisture	Moisture	Moisture	Moisture	Moisture	Moisture	Moisture	Moisture	Moisture	Moisture	Moisture	Moisture	Moisture	Moisture	Moisture	Moisture	Moisture	Moisture	Moisture	Moisture	Moisture	Moisture	Moisture	Moisture	Moisture	Moisture	Moisture	Moisture	Moisture	Moisture	Moisture	Moisture	Moisture	Moisture	Moisture	Moisture	Moisture	Moisture	Moisture	Moisture	Moisture	Moisture	Moisture	Moisture	Moisture	Moisture	Moisture	Moisture	Moisture	Moisture	Moisture	Moisture	Moisture	Moisture	Moisture	Moisture
	particleMode	particle_texture_ID	particle_texture_noise	partAccCoef	partAccCenterX	partAccCenterY	radiusParticle	breathing	repopulating	repopulatingCA	hidingCoef	hidingX	hidingY	currentDrawingStroke	brushID	brushRadius	impact_period	impact_random	impactX	impactY	RGBspectrum	local_color_r	local_color_g	local_color_b	local_color_a	CAType	CASubType	clearAllLayers	invertAllLayers	cursorSize	echo	echoNeg	color_spectrum_coef	part_acc_attack_coef	brush_radius_vol_coef	CAdecay_sign	trackdecay_sign_0	CAdecay	trackdecay_0	CAweight	trackweight_0	isDisplayLookAt	with_mesh	blendTransp	projLocX	projLocY	projLocZ	projUpY	projCenterX	projCenterY	projCenterZ	projWidthAt1m	projWidthAt1m	projTopAt1m	projBottomAt1m	projKeystoneXTop	projKeystoneXBottom	projKeystoneYTop	projKeystoneYBottom	proj2LocX	proj2LocY	projLocZ	proj2UpY	proj2CenterX	proj2CenterY	proj2CenterZ	projWidthAt1m	projWidthAt1m	proj2TopAt1m	proj2BottomAt1m	proj2KeystoneXTop	proj2KeystoneXBottom	proj2KeystoneYTop	proj2KeystoneYBottom	textureFrontier_wmin	textureFrontier_wmax	textureFrontier_hmin	textureFrontier_hmax	textureFrontier_wmin_width	textureFrontier_wmax_width	textureFrontier_hmin_width	textureFrontier_hmax_width	meshFrontier_Y	meshFrontier_width	nearPlane	farPlane
	1	0	0	0.0	0.5	0.5	0.5	0.0	0	1.0	0	0.25	0.25	0	0	1000	0	0	1000	128	3	1.0	1.0	1.0	1.0	0	1	0	0	0	0.26	0.045	0	0	0	1	-1	0	0.01	1	1	0	0	1	2.43	2.08	0.53	-0.038	5.955	1.86	0	2.038	2.038	1.4195	0.1906	1	1	1	1	-0.2	2.53	1.87	0.029	5.6982	8.6775	1.0677	2.038	2.038	1.4195	0.1906	1	1	1	1	2.5	15	60	394	0.3	0.3	40	57	6	0.3	1	30
	1	0	0	0.0	0.5	0.5	0.5	0.0	0	1.0	0	0.25	0.25	0	0	1000	0	0	1000	128	3	1.0	1.0	1.0	1.0	0	1	0	0	0	0.26	0.045	0	0	0	1	-1	0	0.01	1	1	0	0	1	2.43	2.08	0.53	-0.038	5.955	1.86	0	2.038	2.038	1.4195	0.1906	1	1	1	1	-0.2	2.53	1.87	0.029	5.6982	8.6775	1.0677	2.038	2.038	1.4195	0.1906	1	1	1	1	2.5	15	60	394	0.3	0.3	40	57	6	0.3	1	30
	s	s	s	s	s	s	s	s	s	s	s	s	s	s	s	s	s	s	s	s	s	s	s	s	s	s	s	s	s	s	s	s	s	s	s	s	s	s	s	s	s	s	s	s	s	s	s	s	s	s	s	s	s	s	s	s	s	s	s	s	s	s	s	s	s	s	s	s	s	s	s	s	s	s	s	s	s	s	s	s	s	s	s	s	s	s
/scene																																																																																						
scene	Fur	60																																																																																				
Fur   5 (5-confiance)	Fur	Fur	Fur	Fur	Fur	Fur	Fur	Fur	Fur	Fur	Fur	Fur	Fur	Fur	Fur	Fur	Fur	Fur	Fur	Fur	Fur	Fur	Fur	Fur	Fur	Fur	Fur	Fur	Fur	Fur	Fur	Fur	Fur	Fur	Fur	Fur	Fur	Fur	Fur	Fur	Fur	Fur	Fur	Fur	Fur	Fur	Fur	Fur	Fur	Fur	Fur	Fur	Fur	Fur	Fur	Fur	Fur	Fur	Fur	Fur	Fur	Fur	Fur	Fur	Fur	Fur	Fur	Fur	Fur	Fur	Fur	Fur	Fur	Fur	Fur	Fur	Fur	Fur	Fur	Fur	Fur	Fur	Fur	Fur	Fur	Fur
	particleMode	particle_texture_ID	particle_texture_noise	partAccCoef	partAccCenterX	partAccCenterY	radiusParticle	breathing	repopulating	repopulatingCA	hidingCoef	hidingX	hidingY	currentDrawingStroke	brushID	brushRadius	impact_period	impact_random	impactX	impactY	RGBspectrum	local_color_r	local_color_g	local_color_b	local_color_a	CAType	CASubType	clearAllLayers	invertAllLayers	cursorSize	echo	echoNeg	color_spectrum_coef	part_acc_attack_coef	brush_radius_vol_coef	CAdecay_sign	trackdecay_sign_0	CAdecay	trackdecay_0	CAweight	trackweight_0	isDisplayLookAt	with_mesh	blendTransp	projLocX	projLocY	projLocZ	projUpY	projCenterX	projCenterY	projCenterZ	projWidthAt1m	projWidthAt1m	projTopAt1m	projBottomAt1m	projKeystoneXTop	projKeystoneXBottom	projKeystoneYTop	projKeystoneYBottom	proj2LocX	proj2LocY	projLocZ	proj2UpY	proj2CenterX	proj2CenterY	proj2CenterZ	projWidthAt1m	projWidthAt1m	proj2TopAt1m	proj2BottomAt1m	proj2KeystoneXTop	proj2KeystoneXBottom	proj2KeystoneYTop	proj2KeystoneYBottom	textureFrontier_wmin	textureFrontier_wmax	textureFrontier_hmin	textureFrontier_hmax	textureFrontier_wmin_width	textureFrontier_wmax_width	textureFrontier_hmin_width	textureFrontier_hmax_width	meshFrontier_Y	meshFrontier_width	nearPlane	farPlane
	1	4.7	0	0.1	0.5	0.5	0.5	0.0	1.0	1.0	0	0.25	0.25	0	0	1000	0	0	1000	128	3	1.0	1.0	1.0	1.0	0	1	0	0	0	0.133	0.003	0	0	0	1	-1	0.01	0.01	1	1	0	0	1	2.43	2.08	0.53	-0.038	5.955	1.86	0	2.038	2.038	1.4195	0.1906	1	1	1	1	-0.2	2.53	1.87	0.029	5.6982	8.6775	1.0677	2.038	2.038	1.4195	0.1906	1	1	1	1	2.5	15	60	394	0.3	0.3	40	57	6	0.3	1	30
	1	4.7	0	0.1	0.5	0.5	0.5	0.0	1.0	1.0	0	0.25	0.25	0	0	1000	0	0	1000	128	3	1.0	1.0	1.0	1.0	0	1	0	0	0	0.133	0.007	0	0	0	1	-1	0.01	0.01	1	1	0	0	1	2.43	2.08	0.53	-0.038	5.955	1.86	0	2.038	2.038	1.4195	0.1906	1	1	1	1	-0.2	2.53	1.87	0.029	5.6982	8.6775	1.0677	2.038	2.038	1.4195	0.1906	1	1	1	1	2.5	15	60	394	0.3	0.3	40	57	6	0.3	1	30
	s	s	s	s	s	s	s	s	s	s	s	s	s	s	s	s	s	s	s	s	s	s	s	s	s	s	s	s	s	s	s	s	s	s	s	s	s	s	s	s	s	s	s	s	s	s	s	s	s	s	s	s	s	s	s	s	s	s	s	s	s	s	s	s	s	s	s	s	s	s	s	s	s	s	s	s	s	s	s	s	s	s	s	s	s	s
/scene																																																																																						
scene	impact-fluid	60																																																																																				
Impact-fluid     3   (1-paix 1)	impact-fluid	impact-fluid	impact-fluid	impact-fluid	impact-fluid	impact-fluid	impact-fluid	impact-fluid	impact-fluid	impact-fluid	impact-fluid	impact-fluid	impact-fluid	impact-fluid	impact-fluid	impact-fluid	impact-fluid	impact-fluid	impact-fluid	impact-fluid	impact-fluid	impact-fluid	impact-fluid	impact-fluid	impact-fluid	impact-fluid	impact-fluid	impact-fluid	impact-fluid	impact-fluid	impact-fluid	impact-fluid	impact-fluid	impact-fluid	impact-fluid	impact-fluid	impact-fluid	impact-fluid	impact-fluid	impact-fluid	impact-fluid	impact-fluid	impact-fluid	impact-fluid	impact-fluid	impact-fluid	impact-fluid	impact-fluid	impact-fluid	impact-fluid	impact-fluid	impact-fluid	impact-fluid	impact-fluid	impact-fluid	impact-fluid	impact-fluid	impact-fluid	impact-fluid	impact-fluid	impact-fluid	impact-fluid	impact-fluid	impact-fluid	impact-fluid	impact-fluid	impact-fluid	impact-fluid	impact-fluid	impact-fluid	impact-fluid	impact-fluid	impact-fluid	impact-fluid	impact-fluid	impact-fluid	impact-fluid	impact-fluid	impact-fluid	impact-fluid	impact-fluid	impact-fluid	impact-fluid	impact-fluid	impact-fluid	impact-fluid
	particleMode	particle_texture_ID	particle_texture_noise	partAccCoef	partAccCenterX	partAccCenterY	radiusParticle	breathing	repopulating	repopulatingCA	hidingCoef	hidingX	hidingY	currentDrawingStroke	brushID	brushRadius	impact_period	impact_random	impactX	impactY	RGBspectrum	local_color_r	local_color_g	local_color_b	local_color_a	CAType	CASubType	clearAllLayers	invertAllLayers	cursorSize	echo	echoNeg	color_spectrum_coef	part_acc_attack_coef	brush_radius_vol_coef	CAdecay_sign	trackdecay_sign_0	CAdecay	trackdecay_0	CAweight	trackweight_0	isDisplayLookAt	with_mesh	blendTransp	projLocX	projLocY	projLocZ	projUpY	projCenterX	projCenterY	projCenterZ	projWidthAt1m	projWidthAt1m	projTopAt1m	projBottomAt1m	projKeystoneXTop	projKeystoneXBottom	projKeystoneYTop	projKeystoneYBottom	proj2LocX	proj2LocY	projLocZ	proj2UpY	proj2CenterX	proj2CenterY	proj2CenterZ	projWidthAt1m	projWidthAt1m	proj2TopAt1m	proj2BottomAt1m	proj2KeystoneXTop	proj2KeystoneXBottom	proj2KeystoneYTop	proj2KeystoneYBottom	textureFrontier_wmin	textureFrontier_wmax	textureFrontier_hmin	textureFrontier_hmax	textureFrontier_wmin_width	textureFrontier_wmax_width	textureFrontier_hmin_width	textureFrontier_hmax_width	meshFrontier_Y	meshFrontier_width	nearPlane	farPlane
	1	3.27	100	0.1	0.5	0.5	0.5	0.0	0	0.0	0	0.25	0.25	0	0	1000	0	0	1000	128	3	1	1	1	1.0	0	1	0	0	0	0.086	0.055	0	0	0	1	-1	0	0.0036	0	1	0	0	1	2.43	2.08	0.53	-0.038	5.955	1.86	0	2.038	2.038	1.4195	0.1906	1	1	1	1	-0.2	2.53	1.87	0.029	5.6982	8.6775	1.0677	2.038	2.038	1.4195	0.1906	1	1	1	1	2.5	15	60	394	0.3	0.3	40	57	6	0.3	1	30
	1	3.27	100	0.1	0.5	0.5	0.5	0.0	0	0.0	0	0.25	0.25	0	0	1000	0	0	1000	128	3	1	1	1	1.0	0	1	0	0	0	0.086	0.055	0	0	0	1	-1	0	0.0036	0	1	0	0	1	2.43	2.08	0.53	-0.038	5.955	1.86	0	2.038	2.038	1.4195	0.1906	1	1	1	1	-0.2	2.53	1.87	0.029	5.6982	8.6775	1.0677	2.038	2.038	1.4195	0.1906	1	1	1	1	2.5	15	60	394	0.3	0.3	40	57	6	0.3	1	30
	s	s	s	s	s	s	s	s	s	s	s	s	s	s	s	s	s	s	s	s	s	s	s	s	s	s	s	s	s	s	s	s	s	s	s	s	s	s	s	s	s	s	s	s	s	s	s	s	s	s	s	s	s	s	s	s	s	s	s	s	s	s	s	s	s	s	s	s	s	s	s	s	s	s	s	s	s	s	s	s	s	s	s	s	s	s
/scene																																																																																						
scene	Impact-burst	60																																																																																				
Impact-burst	Impact-burst	Impact-burst	Impact-burst	Impact-burst	Impact-burst	Impact-burst	Impact-burst	Impact-burst	Impact-burst	Impact-burst	Impact-burst	Impact-burst	Impact-burst	Impact-burst	Impact-burst	Impact-burst	Impact-burst	Impact-burst	Impact-burst	Impact-burst	Impact-burst	Impact-burst	Impact-burst	Impact-burst	Impact-burst	Impact-burst	Impact-burst	Impact-burst	Impact-burst	Impact-burst	Impact-burst	Impact-burst	Impact-burst	Impact-burst	Impact-burst	Impact-burst	Impact-burst	Impact-burst	Impact-burst	Impact-burst	Impact-burst	Impact-burst	Impact-burst	Impact-burst	Impact-burst	Impact-burst	Impact-burst	Impact-burst	Impact-burst	Impact-burst	Impact-burst	Impact-burst	Impact-burst	Impact-burst	Impact-burst	Impact-burst	Impact-burst	Impact-burst	Impact-burst	Impact-burst	Impact-burst	Impact-burst	Impact-burst	Impact-burst	Impact-burst	Impact-burst	Impact-burst	Impact-burst	Impact-burst	Impact-burst	Impact-burst	Impact-burst	Impact-burst	Impact-burst	Impact-burst	Impact-burst	Impact-burst	Impact-burst	Impact-burst	Impact-burst	Impact-burst	Impact-burst	Impact-burst	Impact-burst	Impact-burst	Impact-burst
	particleMode	particle_texture_ID	particle_texture_noise	partAccCoef	partAccCenterX	partAccCenterY	radiusParticle	breathing	repopulating	repopulatingCA	hidingCoef	hidingX	hidingY	currentDrawingStroke	brushID	brushRadius	impact_period	impact_random	impactX	impactY	RGBspectrum	local_color_r	local_color_g	local_color_b	local_color_a	CAType	CASubType	clearAllLayers	invertAllLayers	cursorSize	echo	echoNeg	color_spectrum_coef	part_acc_attack_coef	brush_radius_vol_coef	CAdecay_sign	trackdecay_sign_0	CAdecay	trackdecay_0	CAweight	trackweight_0	isDisplayLookAt	with_mesh	blendTransp	projLocX	projLocY	projLocZ	projUpY	projCenterX	projCenterY	projCenterZ	projWidthAt1m	projWidthAt1m	projTopAt1m	projBottomAt1m	projKeystoneXTop	projKeystoneXBottom	projKeystoneYTop	projKeystoneYBottom	proj2LocX	proj2LocY	projLocZ	proj2UpY	proj2CenterX	proj2CenterY	proj2CenterZ	projWidthAt1m	projWidthAt1m	proj2TopAt1m	proj2BottomAt1m	proj2KeystoneXTop	proj2KeystoneXBottom	proj2KeystoneYTop	proj2KeystoneYBottom	textureFrontier_wmin	textureFrontier_wmax	textureFrontier_hmin	textureFrontier_hmax	textureFrontier_wmin_width	textureFrontier_wmax_width	textureFrontier_hmin_width	textureFrontier_hmax_width	meshFrontier_Y	meshFrontier_width	nearPlane	farPlane
	1	7	0	0.2	0.5	0.5	0.5	0.0	0	0.0	0	0.25	0.25	0	2	100	0	0	1000	128	3	0.001	0.001	0.001	1.0	0	1	0	0	0	0.086	0.015	0	0	10	1	-1	0	0.01	0	1	0	0	1	2.43	2.08	0.53	-0.038	5.955	1.86	0	2.038	2.038	1.4195	0.1906	1	1	1	1	-0.2	2.53	1.87	0.029	5.6982	8.6775	1.0677	2.038	2.038	1.4195	0.1906	1	1	1	1	2.5	15	60	394	0.3	0.3	40	57	6	0.3	1	30
	1	7	0	0.2	0.5	0.5	0.5	0.0	0	0.0	0	0.25	0.25	0	2	100	0	0	1000	128	3	0.001	0.001	0.001	1.0	0	1	0	0	0	0.086	0.015	0	0	10	1	-1	0	0.01	0	1	0	0	1	2.43	2.08	0.53	-0.038	5.955	1.86	0	2.038	2.038	1.4195	0.1906	1	1	1	1	-0.2	2.53	1.87	0.029	5.6982	8.6775	1.0677	2.038	2.038	1.4195	0.1906	1	1	1	1	2.5	15	60	394	0.3	0.3	40	57	6	0.3	1	30
	s	s	s	s	s	s	s	s	s	s	s	s	s	s	s	s	s	s	s	s	s	s	s	s	s	s	s	s	s	s	s	s	s	s	s	s	s	s	s	s	s	s	s	s	s	s	s	s	s	s	s	s	s	s	s	s	s	s	s	s	s	s	s	s	s	s	s	s	s	s	s	s	s	s	s	s	s	s	s	s	s	s	s	s	s	s
/scene																																																																																						
scene	Mort-de-peur	60																																																																																				
Mort-de-peur 	Mort-de-peur	Mort-de-peur	Mort-de-peur	Mort-de-peur	Mort-de-peur	Mort-de-peur	Mort-de-peur	Mort-de-peur	Mort-de-peur	Mort-de-peur	Mort-de-peur	Mort-de-peur	Mort-de-peur	Mort-de-peur	Mort-de-peur	Mort-de-peur	Mort-de-peur	Mort-de-peur	Mort-de-peur	Mort-de-peur	Mort-de-peur	Mort-de-peur	Mort-de-peur	Mort-de-peur	Mort-de-peur	Mort-de-peur	Mort-de-peur	Mort-de-peur	Mort-de-peur	Mort-de-peur	Mort-de-peur	Mort-de-peur	Mort-de-peur	Mort-de-peur	Mort-de-peur	Mort-de-peur	Mort-de-peur	Mort-de-peur	Mort-de-peur	Mort-de-peur	Mort-de-peur	Mort-de-peur	Mort-de-peur	Mort-de-peur	Mort-de-peur	Mort-de-peur	Mort-de-peur	Mort-de-peur	Mort-de-peur	Mort-de-peur	Mort-de-peur	Mort-de-peur	Mort-de-peur	Mort-de-peur	Mort-de-peur	Mort-de-peur	Mort-de-peur	Mort-de-peur	Mort-de-peur	Mort-de-peur	Mort-de-peur	Mort-de-peur	Mort-de-peur	Mort-de-peur	Mort-de-peur	Mort-de-peur	Mort-de-peur	Mort-de-peur	Mort-de-peur	Mort-de-peur	Mort-de-peur	Mort-de-peur	Mort-de-peur	Mort-de-peur	Mort-de-peur	Mort-de-peur	Mort-de-peur	Mort-de-peur	Mort-de-peur	Mort-de-peur	Mort-de-peur	Mort-de-peur	Mort-de-peur	Mort-de-peur	Mort-de-peur	Mort-de-peur
	particleMode	particle_texture_ID	particle_texture_noise	partAccCoef	partAccCenterX	partAccCenterY	radiusParticle	breathing	repopulating	repopulatingCA	hidingCoef	hidingX	hidingY	currentDrawingStroke	brushID	brushRadius	impact_period	impact_random	impactX	impactY	RGBspectrum	local_color_r	local_color_g	local_color_b	local_color_a	CAType	CASubType	clearAllLayers	invertAllLayers	cursorSize	echo	echoNeg	color_spectrum_coef	part_acc_attack_coef	brush_radius_vol_coef	CAdecay_sign	trackdecay_sign_0	CAdecay	trackdecay_0	CAweight	trackweight_0	isDisplayLookAt	with_mesh	blendTransp	projLocX	projLocY	projLocZ	projUpY	projCenterX	projCenterY	projCenterZ	projWidthAt1m	projWidthAt1m	projTopAt1m	projBottomAt1m	projKeystoneXTop	projKeystoneXBottom	projKeystoneYTop	projKeystoneYBottom	proj2LocX	proj2LocY	projLocZ	proj2UpY	proj2CenterX	proj2CenterY	proj2CenterZ	projWidthAt1m	projWidthAt1m	proj2TopAt1m	proj2BottomAt1m	proj2KeystoneXTop	proj2KeystoneXBottom	proj2KeystoneYTop	proj2KeystoneYBottom	textureFrontier_wmin	textureFrontier_wmax	textureFrontier_hmin	textureFrontier_hmax	textureFrontier_wmin_width	textureFrontier_wmax_width	textureFrontier_hmin_width	textureFrontier_hmax_width	meshFrontier_Y	meshFrontier_width	nearPlane	farPlane
	1	6.0	0	0.007	0.5	0.6	0.8	0.0	0.1	0.0	0	0.25	0.25	0	0	1000	0	0	1000	128	3	1.0	1.0	1.0	1.0	0	1	0	0	0	0.204	0.023	0	0	0	1	-1	0	0.01	1	1	0	0	1	2.43	2.08	0.53	-0.038	5.955	1.86	0	2.038	2.038	1.4195	0.1906	1	1	1	1	-0.2	2.53	1.87	0.029	5.6982	8.6775	1.0677	2.038	2.038	1.4195	0.1906	1	1	1	1	2.5	15	60	394	0.3	0.3	40	57	6	0.3	1	30
	1	6.0	0	0.007	0.5	0.6	0.8	0.0	0.1	0.0	0	0.25	0.25	0	0	1000	0	0	1000	128	3	1.0	1.0	1.0	1.0	0	1	0	0	0	0.204	0.023	0	0	0	1	-1	0	0.01	1	1	0	0	1	2.43	2.08	0.53	-0.038	5.955	1.86	0	2.038	2.038	1.4195	0.1906	1	1	1	1	-0.2	2.53	1.87	0.029	5.6982	8.6775	1.0677	2.038	2.038	1.4195	0.1906	1	1	1	1	2.5	15	60	394	0.3	0.3	40	57	6	0.3	1	30
	s	s	s	s	s	s	s	s	s	s	s	s	s	s	s	s	s	s	s	s	s	s	s	s	s	s	s	s	s	s	s	s	s	s	s	s	s	s	s	s	s	s	s	s	s	s	s	s	s	s	s	s	s	s	s	s	s	s	s	s	s	s	s	s	s	s	s	s	s	s	s	s	s	s	s	s	s	s	s	s	s	s	s	s	s	s
/scene																																																																																						
scene	Impact-fluid	60																																																																																				
Impact-peur     9   (9-peur)	impact-fluid	impact-fluid	impact-fluid	impact-fluid	impact-fluid	impact-fluid	impact-fluid	impact-fluid	impact-fluid	impact-fluid	impact-fluid	impact-fluid	impact-fluid	impact-fluid	impact-fluid	impact-fluid	impact-fluid	impact-fluid	impact-fluid	impact-fluid	impact-fluid	impact-fluid	impact-fluid	impact-fluid	impact-fluid	impact-fluid	impact-fluid	impact-fluid	impact-fluid	impact-fluid	impact-fluid	impact-fluid	impact-fluid	impact-fluid	impact-fluid	impact-fluid	impact-fluid	impact-fluid	impact-fluid	impact-fluid	impact-fluid	impact-fluid	impact-fluid	impact-fluid	impact-fluid	impact-fluid	impact-fluid	impact-fluid	impact-fluid	impact-fluid	impact-fluid	impact-fluid	impact-fluid	impact-fluid	impact-fluid	impact-fluid	impact-fluid	impact-fluid	impact-fluid	impact-fluid	impact-fluid	impact-fluid	impact-fluid	impact-fluid	impact-fluid	impact-fluid	impact-fluid	impact-fluid	impact-fluid	impact-fluid	impact-fluid	impact-fluid	impact-fluid	impact-fluid	impact-fluid	impact-fluid	impact-fluid	impact-fluid	impact-fluid	impact-fluid	impact-fluid	impact-fluid	impact-fluid	impact-fluid	impact-fluid	impact-fluid
	particleMode	particle_texture_ID	particle_texture_noise	partAccCoef	partAccCenterX	partAccCenterY	radiusParticle	breathing	repopulating	repopulatingCA	hidingCoef	hidingX	hidingY	currentDrawingStroke	brushID	brushRadius	impact_period	impact_random	impactX	impactY	RGBspectrum	local_color_r	local_color_g	local_color_b	local_color_a	CAType	CASubType	clearAllLayers	invertAllLayers	cursorSize	echo	echoNeg	color_spectrum_coef	part_acc_attack_coef	brush_radius_vol_coef	CAdecay_sign	trackdecay_sign_0	CAdecay	trackdecay_0	CAweight	trackweight_0	isDisplayLookAt	with_mesh	blendTransp	projLocX	projLocY	projLocZ	projUpY	projCenterX	projCenterY	projCenterZ	projWidthAt1m	projWidthAt1m	projTopAt1m	projBottomAt1m	projKeystoneXTop	projKeystoneXBottom	projKeystoneYTop	projKeystoneYBottom	proj2LocX	proj2LocY	projLocZ	proj2UpY	proj2CenterX	proj2CenterY	proj2CenterZ	projWidthAt1m	projWidthAt1m	proj2TopAt1m	proj2BottomAt1m	proj2KeystoneXTop	proj2KeystoneXBottom	proj2KeystoneYTop	proj2KeystoneYBottom	textureFrontier_wmin	textureFrontier_wmax	textureFrontier_hmin	textureFrontier_hmax	textureFrontier_wmin_width	textureFrontier_wmax_width	textureFrontier_hmin_width	textureFrontier_hmax_width	meshFrontier_Y	meshFrontier_width	nearPlane	farPlane
	1	0.716	100	0.004	0.5	0.5	0.5	0.0	0	0.0	0	0.25	0.25	0	0	200	0	0	1000	128	3	1	1	1	1.0	0	1	0	0	0	0.086	0.055	0	0	0	1	-1	0	0.0036	0	1	0	0	1	2.43	2.08	0.53	-0.038	5.955	1.86	0	2.038	2.038	1.4195	0.1906	1	1	1	1	-0.2	2.53	1.87	0.029	5.6982	8.6775	1.0677	2.038	2.038	1.4195	0.1906	1	1	1	1	2.5	15	60	394	0.3	0.3	40	57	6	0.3	1	30
	1	3.27	100	0.1	0.5	0.5	0.5	0.0	0	0.0	0	0.25	0.25	0	0	1000	0	0	1000	128	3	1	1	1	1.0	0	1	0	0	0	0.086	0.055	0	0	0	1	-1	0	0.0036	0	1	0	0	1	2.43	2.08	0.53	-0.038	5.955	1.86	0	2.038	2.038	1.4195	0.1906	1	1	1	1	-0.2	2.53	1.87	0.029	5.6982	8.6775	1.0677	2.038	2.038	1.4195	0.1906	1	1	1	1	2.5	15	60	394	0.3	0.3	40	57	6	0.3	1	30
	s	s	s	s	s	s	s	s	s	s	s	s	s	s	s	s	s	s	s	s	s	s	s	s	s	s	s	s	s	s	s	s	s	s	s	s	s	s	s	s	s	s	s	s	s	s	s	s	s	s	s	s	s	s	s	s	s	s	s	s	s	s	s	s	s	s	s	s	s	s	s	s	s	s	s	s	s	s	s	s	s	s	s	s	s	s
/scene																																																																																						
/scenario																																																																																						
