RANK,0,1,2,3,4,5,6,,,,,,,7,8,9,9,10,11,12,13,14,15,16,17,18,19,20,21,22,23,24,25,26,27,28,29,30,31,32,33,34,35,36,37,38,39,40,41,42,43,44,45,46,47,48,49,50,51,52,53,54,55,56,57,58,59,60,61,62,63,64,65,66,67,68,69,70,71,72,73,74,75,76,77,78,79,80,81,82,83,84,85
VERBATIM,pen brush,pen_radius,pen radius pulse,palette for pen,palette for pen,repop_colorBG,repop_colorBG_pulse,repop_greyBG,repop_greyBG_pulse,repop_colorPart,repop_colorPart_pulse,repop_greyPart,repop_greyPart_pulse,Grey level for pen,ID comment,A color,ID comment,Blend Transparency,pixel mode,pixel acc,pixel acc pulse,noise scale,part noise line scale,part noise type,part noise angle scale,part noise center-x,part noise center-y,pixel acc center-x,pixel acc center-y,CA type,CA subtype,clear,invert,cursor size,echo,echo neg,color music,brush radius music,part music,brush radius music replay,Flash track0 freq,Flash CA freq,Flash back freq,Flash part freq,Flash track0 number,Flash CA track number,Flash part duration,FlashBack track weight,pen pressure on/off,pen angle on/off,pen pressure coef,pen angleH coef,pen angleV coef,current track,CA decay sign,track0 decay sign,track 1 decay sign,track 2 decay sign,CA decay,track0 decay,track1 decay,track2 decay,CA weight,track0 weight,track1 weight,track2 weight,track1 y_transl,track0 replay on/off,track1 replay on/off,track2 replay on/off,source_track0 record on/off,source_track1 record on/off,source_track2 record on/off,disp_track0 on/off,disp_track1 on/off,disp_track2 on/off,disp_track0 weight,disp_track1 weight,disp_track2 weight,disp_track0 rot,disp_track1 rot,disp_track2 rot,disp_track0 x_transl,disp_track1 x_transl,disp_track2 x_transl,disp_track0 y_transl,disp_track1 y_transl,disp_track2 y_transl,disp_track0 scale,disp_track1 scale,disp_track2 scale,auto_beat,CA step
TYPE,int ,float,float,float,float,float,float,float,float,float,float,float,float,float,float,float,float,float,int,float,float,float,float,int,float,float,float,float,float,int,int,bool,bool,int,float,float,float,float,float,float,int,int,int,int,int,int,int,float,bool,bool,float,float,float,int,sign,sign,sign,sign,float,float,float,float,float,float,float,float,int,int,int,int,int,int,int,int,int,int,float,float,float,float,float,float,float,float,float,float,float,float,float,float,float,bool,int
ID,pen_brush,pen_radius,pen_radius_pulse,pen_color,pen_color_pulse,repop_colorBG,repop_colorBG_pulse,repop_greyBG,repop_greyBG_pulse,repop_colorPart,repop_colorPart_pulse,repop_greyPart,repop_greyPart_pulse,pen_grey,pen_grey_pulse,pen_color_a,pen_color_a_pulse,blendTransp,pixel_mode,pixel_acc_factor,pixel_acc_pulse,noiseScale,noiseLineScale,noiseType,noiseAngleScale,noiseCenter_0,noiseCenter_1,pixel_acc_center_0,pixel_acc_center_1,CAType,CASubType,clearAllLayers,invertAllLayers,cursorSize,echo,echoNeg,color_spectrum_coef,brush_radius_vol_coef,part_acc_attack_coef,brush_radius_vol_replay_coef,flashTrack0_freq,flashCA_freq,flashBack_freq,flashPart_freq,flashTrack0_number,flashCA_number,flashPart_duration,flashBack_coef,withTabletPressureRadius,withTabletAngleRadius,brush_radius_pressure_coef,brush_radius_angleHor_coef,brush_radius_angleVer_coef,currentTrack,CAdecay_sign,trackdecay_sign_0,trackdecay_sign_1,trackdecay_sign_2,CAdecay,trackdecay_0,trackdecay_1,trackdecay_2,CAweight,trackweight_0,trackweight_1,trackweight_2,track_y_transl_1,track_replay_0,track_replay_1,track_replay_2,source_track_record_0,source_track_record_1,source_track_record_2,source_track_display_0,source_track_display_1,source_track_display_2,track_display_weight_0,track_display_weight_1,track_display_weight_2,track_display_rot_0,track_display_rot_1,track_display_rot_2,track_display_x_transl_0,track_display_x_transl_1,track_display_x_transl_2,track_display_y_transl_0,track_display_y_transl_1,track_display_y_transl_2,track_display_scale_0,track_display_scale_1,track_display_scale_2,auto_beat,CAstep
FUNCTION,pen_brush_callBack,NULL,NULL,pen_color_callBack,NULL,NULL,NULL,NULL,NULL,NULL,NULL,NULL,NULL,NULL,NULL,NULL,NULL,NULL,NULL,NULL,NULL,NULL,NULL,NULL,NULL,NULL,NULL,NULL,NULL,NULL,NULL,clearAllLayers_callBack,NULL,NULL,NULL,NULL,NULL,NULL,NULL,NULL,NULL,NULL,NULL,NULL,NULL,NULL,NULL,NULL,NULL,NULL,NULL,NULL,NULL,currentTrack_callBack,NULL,NULL,NULL,NULL,NULL,NULL,NULL,NULL,NULL,NULL,NULL,NULL,NULL,track_replay_0_callBack,track_replay_1_callBack,track_replay_2_callBack,source_track_record_0_callBack,source_track_record_1_callBack,source_track_record_2_callBack,source_track_display_0_callBack,source_track_display_1_callBack,source_track_display_2_callBack,NULL,NULL,NULL,NULL,NULL,NULL,NULL,NULL,NULL,NULL,NULL,NULL,NULL,NULL,NULL,NULL,NULL
GUI,pen_brush,pen_radius,pen_radius_pulse,pen_color,pen_color_pulse,repop_colorBG,repop_colorBG_pulse,repop_greyBG,repop_greyBG_pulse,repop_colorPart,repop_colorPart_pulse,repop_greyPart,repop_greyPart_pulse,pen_grey,pen_grey_pulse,pen_color_a,pen_color_a_pulse,NULL,pixel_mode,pixel_acc_factor,pixel_acc_pulse,noiseScale,noiseLineScale,noiseType,noiseAngleScale,noiseCenter_0,noiseCenter_1,pixel_acc_center_0,pixel_acc_center_1,CAType,CASubType,NULL,invertAllLayers,NULL,echo,echoNeg,color_spectrum_coef,brush_radius_vol_coef,part_acc_attack_coef,brush_radius_vol_replay_coef,flashTrack0_freq,flashCA_freq,flashBack_freq,flashPart_freq,flashTrack0_number,flashCA_number,flashPart_duration,flashBack_coef,withTabletPressureRadius,withTabletAngleRadius,NULL,NULL,NULL,currentTrack,CAdecay_sign,trackdecay_sign 0,trackdecay_sign 1,trackdecay_sign 2,CAdecay,trackdecay 0,trackdecay 1,trackdecay 2,CAweight,trackweight 0,trackweight 1,trackweight 2,NULL,track_replay 0,track_replay 1,track_replay 2,source_track_record 0,source_track_record 1,source_track_record 2,NULL,NULL,NULL,NULL,NULL,NULL,NULL,NULL,NULL,NULL,NULL,NULL,NULL,NULL,NULL,NULL,NULL,NULL,auto_beat,NULL
SHADER,*,*,*,*,*,*,*,*,*,*,*,*,*,*,*,*,*,*,Update_fs,Update_fs,*,Update_fs;ParticleAnimation_fs,Update_fs,Update_fs,Update_fs,Update_fs,Update_fs,Update_fs;ParticleAnimation_fs,Update_fs;ParticleAnimation_fs,*,*,*,*,*,*,*,*,*,*,*,*,*,*,*,*,*,*,*,*,*,*,*,*,*,*,*,*,*,*,*,*,*,*,*,*,*,*,*,*,*,*,*,*,*,*,*,*,*,*,*,*,*,*,*,*,*,*,*,*,*,*,*,*
PULSE,*,*,*,pulsed_special,*,pulsed_special,*,pulsed_special,*,pulsed_special,*,pulsed_special,*,*,*,*,*,*,*,*,*,*,*,*,*,*,*,*,*,*,*,*,*,*,*,*,*,*,*,*,*,*,*,*,*,*,*,*,*,*,*,*,*,*,*,*,*,*,*,*,*,*,*,*,*,*,*,*,*,*,*,*,*,*,*,*,*,*,*,*,*,*,*,*,*,*,*,*,*,*,*,*,*
initial_values,,,,,,,,,,,,,,,,,,,,,,,,,,,,,,,,,,,,,,,,,,,,,,,,,,,,,,,,,,,,,,,,,,,,,,,,,,,,,,,,,,,,,,,,,,,,,
,0,3,0,0,0,0,0,0,0,0,0,0,0,1,1,1,0,1,0,0,0.07,0.5,0.141719,0,0.01,1.7,1.7,0.5,0.5,0,0,0,0,1,1,1,0,0,0,0,0,0,0,0,1,1,0,1,0,0,15,15,15,1,-1,-1,-1,-1,0,0,0,0,1,1,1,1,0,0,0,0,0,0,0,0,0,0,0,0,0,0,0,0,0,0,0,0,0,0,1,1,1,1,1
/initial_values,,,,,,,,,,,,,,,,,,,,,,,,,,,,,,,,,,,,,,,,,,,,,,,,,,,,,,,,,,,,,,,,,,,,,,,,,,,,,,,,,,,,,,,,,,,,,
scenario,9,,,,,,,,,,,,,,,,,,,,,,,,,,,,,,,,,,,,,,,,,,,,,,,,,,,,,,,,,,,,,,,,,,,,,,,,,,,,,,,,,,,,,,,,,,,,
scene,Bef_FallingMan,150,change_when_ends,,,,,,,,,,,,,,,,,,,,,,,,,,,,,,,,,,,,,,,,,,,,,,,,,,,,,,,,,,,,,,,,,,,,,,,,,,,,,,,,,,,,,,,,,,
Bef_FallingMan,Bef_FallingMan,Bef_FallingMan,Bef_FallingMan,Bef_FallingMan,Bef_FallingMan,Bef_FallingMan,Bef_FallingMan,Bef_FallingMan,Bef_FallingMan,Bef_FallingMan,Bef_FallingMan,Bef_FallingMan,Bef_FallingMan,Bef_FallingMan,Bef_FallingMan,Bef_FallingMan,Bef_FallingMan,Bef_FallingMan,Bef_FallingMan,Bef_FallingMan,Bef_FallingMan,Bef_FallingMan,Bef_FallingMan,Bef_FallingMan,Bef_FallingMan,Bef_FallingMan,Bef_FallingMan,Bef_FallingMan,Bef_FallingMan,Bef_FallingMan,Bef_FallingMan,Bef_FallingMan,Bef_FallingMan,Bef_FallingMan,Bef_FallingMan,Bef_FallingMan,Bef_FallingMan,Bef_FallingMan,Bef_FallingMan,Bef_FallingMan,Bef_FallingMan,Bef_FallingMan,Bef_FallingMan,Bef_FallingMan,Bef_FallingMan,Bef_FallingMan,Bef_FallingMan,Bef_FallingMan,Bef_FallingMan,Bef_FallingMan,Bef_FallingMan,Bef_FallingMan,Bef_FallingMan,Bef_FallingMan,Bef_FallingMan,Bef_FallingMan,Bef_FallingMan,Bef_FallingMan,Bef_FallingMan,Bef_FallingMan,Bef_FallingMan,Bef_FallingMan,Bef_FallingMan,Bef_FallingMan,Bef_FallingMan,Bef_FallingMan,Bef_FallingMan,Bef_FallingMan,Bef_FallingMan,Bef_FallingMan,Bef_FallingMan,Bef_FallingMan,Bef_FallingMan,Bef_FallingMan,Bef_FallingMan,Bef_FallingMan,Bef_FallingMan,Bef_FallingMan,Bef_FallingMan,Bef_FallingMan,Bef_FallingMan,Bef_FallingMan,Bef_FallingMan,Bef_FallingMan,Bef_FallingMan,Bef_FallingMan,Bef_FallingMan,Bef_FallingMan,Bef_FallingMan,Bef_FallingMan,Bef_FallingMan,Bef_FallingMan,Bef_FallingMan
,oval,150Rd,pen_radius_pulse,blue,pen_color_pulse,repop_colorBG,repop_colorBG_pulse,repop_greyBG,repop_greyBG_pulse,repop_colorPart,repop_colorPart_pulse,repop_greyPart,repop_greyPart_pulse,pen_grey,pen_grey_pulse,pen_color_a,pen_color_a_pulse,opaque,part,prtAcc (origin. 0.00008),pixel_acc_pulse,cirTex,noiseLineScale,noiseType,noiseAngleScale,noiseCenter_0,noiseCenter_1,raising_part,,BRAIN,,uncleared,uninverted,smallest,strong_echo,,lowCol,MedRad,MusPrt,_Col_Rad,FlashTrack,FlashCA,backFlash,flashPart,FlashNoTrk_CA,dur,track_x_transl,strong,penPrOff,penAnOff,brush_radius_pressure_coef,penHCoef,penVCoef,curTrk,De-cay,In-Cay,In-Cay,In-Cay,CADcay0,trckDcay0,,,wCA,w0,,,,track_playon_off,,,source_track_rec-on_off,,,no,disp_track,,zeroWeight,disp_track,,noRot,disp_track,,noTranslX,disp_track,,noTranslY,disp_track,,noscale,disp_track,,no auto_beat,CAstep
,1,20,0,0.125,0,0,0,0,0,0,0,0,0,0,0,1,0,1,1,0.00004,0,0,0,0,0,0,0,0.5,0,1,1,0,0,1,0.52,0.03,0.2,15,0,0,0,0,0,0,0,0,0,1,0,0,0,0,0,0,1,-1,-1,-1,0,0,0,0,1,1,0,0,0,0,0,0,0,0,0,0,0,0,0,0,0,0,0,0,0,0,0,0,0,0,1,1,1,1,1
,1,20,0,0.125,0,0,0,0,0,0,0,0,0,0,0,1,0,1,1,0.00004,0,0,0,0,0,0,0,0.5,0,1,1,0,0,1,0.52,0.03,0.2,15,0,0,0,0,0,0,0,0,0,1,0,0,0,0,0,0,1,-1,-1,-1,0,0,0,0,1,1,0,0,0,0,0,0,0,0,0,0,0,0,0,0,0,0,0,0,0,0,0,0,0,0,1,1,1,1,1
,s,s,s,s,s,s,s,s,s,s,s,s,s,s,s,s,s,s,s,s,s,s,s,s,s,s,s,s,s,s,s,s,s,s,s,s,s,s,s,s,s,s,s,s,s,s,s,s,s,s,s,s,s,s,s,s,s,s,s,s,s,s,s,s,s,s,s,s,s,s,s,s,s,s,s,s,s,s,s,s,s,s,s,s,s,s,s,s,s,s,s,s,s
/scene,,,,,,,,,,,,,,,,,,,,,,,,,,,,,,,,,,,,,,,,,,,,,,,,,,,,,,,,,,,,,,,,,,,,,,,,,,,,,,,,,,,,,,,,,,,,,
scene,FallingMan,400,change_when_ends,,,,,,,,,,,,,,,,,,,,,,,,,,,,,,,,,,,,,,,,,,,,,,,,,,,,,,,,,,,,,,,,,,,,,,,,,,,,,,,,,,,,,,,,,,
FallingMan,FallingMan,FallingMan,FallingMan,FallingMan,FallingMan,FallingMan,FallingMan,FallingMan,FallingMan,FallingMan,FallingMan,FallingMan,FallingMan,FallingMan,FallingMan,FallingMan,FallingMan,FallingMan,FallingMan,FallingMan,FallingMan,FallingMan,FallingMan,FallingMan,FallingMan,FallingMan,FallingMan,FallingMan,FallingMan,FallingMan,FallingMan,FallingMan,FallingMan,FallingMan,FallingMan,FallingMan,FallingMan,FallingMan,FallingMan,FallingMan,FallingMan,FallingMan,FallingMan,FallingMan,FallingMan,FallingMan,FallingMan,FallingMan,FallingMan,FallingMan,FallingMan,FallingMan,FallingMan,FallingMan,FallingMan,FallingMan,FallingMan,FallingMan,FallingMan,FallingMan,FallingMan,FallingMan,FallingMan,FallingMan,FallingMan,FallingMan,FallingMan,FallingMan,FallingMan,FallingMan,FallingMan,FallingMan,FallingMan,FallingMan,FallingMan,FallingMan,FallingMan,FallingMan,FallingMan,FallingMan,FallingMan,FallingMan,FallingMan,FallingMan,FallingMan,FallingMan,FallingMan,FallingMan,FallingMan,FallingMan,FallingMan,FallingMan,FallingMan
,circ,2Rd,pen_radius_pulse,blue,pen_color_pulse,repop_colorBG,repop_colorBG_pulse,repop_greyBG,repop_greyBG_pulse,repop_colorPart,repop_colorPart_pulse,repop_greyPart,repop_greyPart_pulse,pen_grey,pen_grey_pulse,pen_color_a,pen_color_a_pulse,opaque,part,prtAcc (origin. 0.00008 ->0.008 ),pixel_acc_pulse,lowTex,noiseLineScale,noiseType,noiseAngleScale,noiseCenter_0,noiseCenter_1,raising_part,,BRAIN,,uncleared,uninverted,smallest,strong_echo,,lowCol,MusRad,MusPrt,_Col_Rad,FlashTrack,FlashCA,backFlash,flashPart,FlashNoTrk_CA,dur,track_x_transl,strong,penPrOff,penAnOff,brush_radius_pressure_coef,penHCoef,penVCoef,curTrk,In-Cay,In-Cay,De-cay,In-Cay,CADcay0,trckDcay0,,,wCA,w0,,,,track_playon_off,,,source_track_rec-on_off,,,no,disp_track,,zeroWeight,disp_track,,noRot,disp_track,,noTranslX,disp_track,,noTranslY,disp_track,,noscale,disp_track,,no auto_beat,CAstep
,0,2,0,0.125,0,0,0,0,0,0,0,0,0,1,0,1,0,1,1,0.00004,0,0.285714286,0,0,0,0,0,0.5,0,1,1,0,0,1,0.52,0.03,0.2,0,0,0,1,0,0,0,0,1,0,1,0,0,0,0,0,1,-1,-1,1,-1,0,0,0,0,1,1,1,0,100,1,0,0,0,0,0,0,0,0,0,0,0,0,0,0,0,0,0,0,0,0,1,1,1,1,1
,0,2,0,0.125,0,0,0,0,0,0,0,0,0,1,0,1,0,1,1,0.004,0,0.285714286,0,0,0,0,0,0.5,0,1,1,0,0,1,0.52,0.03,0.2,0,0,0,1,0,0,0,0,1,0,1,0,0,0,0,0,1,-1,-1,1,-1,0,0,0.00001,0,1,1,1,0,1,0,0,0,0,0,0,0,0,0,0,0,0,0,0,0,0,0,0,0,0,0,1,1,1,1,1
,s,s,s,s,s,s,s,s,s,s,s,s,s,s,s,s,s,s,s,l,s,s,s,s,s,s,s,s,s,s,s,s,s,s,s,s,s,s,s,s,s,s,s,s,s,s,s,s,s,s,s,s,s,s,s,s,s,s,s,s,C .92 .08,s,s,s,s,s,l,S .9,s,s,s,s,s,s,s,s,s,s,s,s,s,s,s,s,s,s,s,s,s,s,s,s,s
/scene,,,,,,,,,,,,,,,,,,,,,,,,,,,,,,,,,,,,,,,,,,,,,,,,,,,,,,,,,,,,,,,,,,,,,,,,,,,,,,,,,,,,,,,,,,,,,
scene,Bef_DanseMacabre,60,change_when_ends,,,,,,,,,,,,,,,,,,,,,,,,,,,,,,,,,,,,,,,,,,,,,,,,,,,,,,,,,,,,,,,,,,,,,,,,,,,,,,,,,,,,,,,,,,
Bef_DanseMacabre,Bef_DanseMacabre,Bef_DanseMacabre,Bef_DanseMacabre,Bef_DanseMacabre,Bef_DanseMacabre,Bef_DanseMacabre,Bef_DanseMacabre,Bef_DanseMacabre,Bef_DanseMacabre,Bef_DanseMacabre,Bef_DanseMacabre,Bef_DanseMacabre,Bef_DanseMacabre,Bef_DanseMacabre,Bef_DanseMacabre,Bef_DanseMacabre,Bef_DanseMacabre,Bef_DanseMacabre,Bef_DanseMacabre,Bef_DanseMacabre,Bef_DanseMacabre,Bef_DanseMacabre,Bef_DanseMacabre,Bef_DanseMacabre,Bef_DanseMacabre,Bef_DanseMacabre,Bef_DanseMacabre,Bef_DanseMacabre,Bef_DanseMacabre,Bef_DanseMacabre,Bef_DanseMacabre,Bef_DanseMacabre,Bef_DanseMacabre,Bef_DanseMacabre,Bef_DanseMacabre,Bef_DanseMacabre,Bef_DanseMacabre,Bef_DanseMacabre,Bef_DanseMacabre,Bef_DanseMacabre,Bef_DanseMacabre,Bef_DanseMacabre,Bef_DanseMacabre,Bef_DanseMacabre,Bef_DanseMacabre,Bef_DanseMacabre,Bef_DanseMacabre,Bef_DanseMacabre,Bef_DanseMacabre,Bef_DanseMacabre,Bef_DanseMacabre,Bef_DanseMacabre,Bef_DanseMacabre,Bef_DanseMacabre,Bef_DanseMacabre,Bef_DanseMacabre,Bef_DanseMacabre,Bef_DanseMacabre,Bef_DanseMacabre,Bef_DanseMacabre,Bef_DanseMacabre,Bef_DanseMacabre,Bef_DanseMacabre,Bef_DanseMacabre,Bef_DanseMacabre,Bef_DanseMacabre,Bef_DanseMacabre,Bef_DanseMacabre,Bef_DanseMacabre,Bef_DanseMacabre,Bef_DanseMacabre,Bef_DanseMacabre,Bef_DanseMacabre,Bef_DanseMacabre,Bef_DanseMacabre,Bef_DanseMacabre,Bef_DanseMacabre,Bef_DanseMacabre,Bef_DanseMacabre,Bef_DanseMacabre,Bef_DanseMacabre,Bef_DanseMacabre,Bef_DanseMacabre,Bef_DanseMacabre,Bef_DanseMacabre,Bef_DanseMacabre,Bef_DanseMacabre,Bef_DanseMacabre,Bef_DanseMacabre,Bef_DanseMacabre,Bef_DanseMacabre,Bef_DanseMacabre,Bef_DanseMacabre
,sun,150Rd,pen_radius_pulse,gold,pen_color_pulse,repop_colorBG,repop_colorBG_pulse,repop_greyBG,repop_greyBG_pulse,repop_colorPart,repop_colorPart_pulse,repop_greyPart,repop_greyPart_pulse,pen_grey,pen_grey_pulse,pen_color_a,pen_color_a_pulse,opaque,part,prtAcc (origin. 0.008 ->0.038 ),pixel_acc_pulse,medNoise,noiseLineScale,noiseType,noiseAngleScale,noiseCenter_0,noiseCenter_1,cntrd_part,,No CA,,uncleared,uninverted,smallest,med_echo,,medCol,noRad,MusPrt,_Col_Rad,FlashTrack,FlashCA,backFlash,flashPart,FlashNoTrk_CA,dur,track_x_transl,strong,penPrOff,penAnOff,brush_radius_pressure_coef,penHCoef,penVCoef,curTrk,De-cay,De-cay,De-cay,De-cay,CADcay0,trckDcay0,,,wCA,w0,W1:1->0,,,track_playon_off,,,source_track_rec-on_off,,,no,disp_track,,zeroWeight,disp_track,,noRot,disp_track,,noTranslX,disp_track,,noTranslY,disp_track,,noscale,disp_track,,no auto_beat,CAstep
,5,0,0,0.25,0,0,0,0,0,0,0,0,0,0,0,1,0,1,1,0.004,0,0.285714286,0,0,0,0,0,0.5,0,0,0,0,0,1,0.51,0.03,1.87,0,0,0,0,0,0,0,0,0,0,1,0,0,0,0,0,0,1,1,1,1,0,0,0.00001,0,1,1,1,0,1,0,0,0,0,0,0,0,0,0,0,0,0,0,0,0,0,0,0,0,0,0,1,1,1,1,1
,5,150,0,0.25,0,0,0,0,0,0,0,0,0,0,0,1,0,1,1,0.019,0,0.571428571,0,0,0,0,0,0.5,0.5,0,0,0,0,1,0.51,0.08,1.87,0,0,0,0,0,0,0,0,0,0,1,0,0,0,0,0,0,1,1,1,1,0,0,0.01,0,1,1,0,0,1,0,0,0,0,0,0,0,0,0,0,0,0,0,0,0,0,0,0,0,0,0,1,1,1,1,1
,s,C 0 0.66,s,s,s,s,s,s,s,s,s,s,s,s,s,s,s,s,s,l,s,l,s,s,s,s,s,s,l,s,s,s,s,s,s,c,s,s,s,s,s,s,s,s,s,s,s,s,s,s,s,s,s,s,s,s,s,s,s,s,l,s,s,s,c,s,s,s,s,s,s,s,s,s,s,s,s,s,s,s,s,s,s,s,s,s,s,s,s,s,s,s,s
/scene,,,,,,,,,,,,,,,,,,,,,,,,,,,,,,,,,,,,,,,,,,,,,,,,,,,,,,,,,,,,,,,,,,,,,,,,,,,,,,,,,,,,,,,,,,,,,
scene,DanseMacabre,410,change_when_ends,,,,,,,,,,,,,,,,,,,,,,,,,,,,,,,,,,,,,,,,,,,,,,,,,,,,,,,,,,,,,,,,,,,,,,,,,,,,,,,,,,,,,,,,,,
DanseMacabre,DanseMacabre,DanseMacabre,DanseMacabre,DanseMacabre,DanseMacabre,DanseMacabre,DanseMacabre,DanseMacabre,DanseMacabre,DanseMacabre,DanseMacabre,DanseMacabre,DanseMacabre,DanseMacabre,DanseMacabre,DanseMacabre,DanseMacabre,DanseMacabre,DanseMacabre,DanseMacabre,DanseMacabre,DanseMacabre,DanseMacabre,DanseMacabre,DanseMacabre,DanseMacabre,DanseMacabre,DanseMacabre,DanseMacabre,DanseMacabre,DanseMacabre,DanseMacabre,DanseMacabre,DanseMacabre,DanseMacabre,DanseMacabre,DanseMacabre,DanseMacabre,DanseMacabre,DanseMacabre,DanseMacabre,DanseMacabre,DanseMacabre,DanseMacabre,DanseMacabre,DanseMacabre,DanseMacabre,DanseMacabre,DanseMacabre,DanseMacabre,DanseMacabre,DanseMacabre,DanseMacabre,DanseMacabre,DanseMacabre,DanseMacabre,DanseMacabre,DanseMacabre,DanseMacabre,DanseMacabre,DanseMacabre,DanseMacabre,DanseMacabre,DanseMacabre,DanseMacabre,DanseMacabre,DanseMacabre,DanseMacabre,DanseMacabre,DanseMacabre,DanseMacabre,DanseMacabre,DanseMacabre,DanseMacabre,DanseMacabre,DanseMacabre,DanseMacabre,DanseMacabre,DanseMacabre,DanseMacabre,DanseMacabre,DanseMacabre,DanseMacabre,DanseMacabre,DanseMacabre,DanseMacabre,DanseMacabre,DanseMacabre,DanseMacabre,DanseMacabre,DanseMacabre,DanseMacabre,DanseMacabre
,circ,1-3Rd,pen_radius_pulse,gold,pen_color_pulse,repop_colorBG,repop_colorBG_pulse,repop_greyBG,repop_greyBG_pulse,repop_colorPart,repop_colorPart_pulse,repop_greyPart,repop_greyPart_pulse,pen_grey,pen_grey_pulse,pen_color_a,pen_color_a_pulse,opaque,part,prtAcc (origin. 0.038 ),pixel_acc_pulse,loNoise,noiseLineScale,noiseType,noiseAngleScale,noiseCenter_0,noiseCenter_1,cntrd_part,,No CA,,uncleared,uninverted,smallest,med_echo,,lowCol,MusRad,MusPrt,,FlashTrack,FlashCA,backFlash,flashPart,FlashNoTrk_CA,dur,track_x_transl,strong,penPrOff,penAnOff,brush_radius_pressure_coef,penHCoef,penVCoef,curTrk,De-cay,In-Cay,De-cay,De-cay,CADcay0,trckDcay0,,,wCA,w0,,w2,,track_playon_off,,,source_track_rec-on_off,,,no,disp_track,,zeroWeight,disp_track,,noRot,disp_track,,noTranslX,disp_track,,noTranslY,disp_track,,noscale,disp_track,,no auto_beat,CAstep
,0,2,0,0.25,0,0,0,0,0,0,0,0,0,0,0,1,0,1,1,0.019,0,0.571428571,0,0,0,0,0,0.5,0.5,0,0,0,0,1,0.51,0.08,0.66,0,0,0,1,0,0,0,2,2,0,1,0,0,0,0,0,2,1,-1,1,1,0,0,0,0,1,1,0,1,0,1,0,0,0,0,0,0,0,0,0,0,0,0,0,0,0,0,0,0,0,0,1,1,1,1,1
,0,4,0,0.25,0,0,0,0,0,0,0,0,0,0,0,1,0,1,1,0.019,0,0.571428571,0,0,0,0,0,0.5,0.5,0,0,0,0,1,0.51,0.08,0.66,0,0,15,1,0,0,0,2,2,0,1,0,0,0,0,0,2,1,-1,1,1,0,0.01,0,0.00001,1,1,0,1,0,1,0,0,0,0,0,0,0,0,0,0,0,0,0,0,0,0,0,0,0,0,1,1,1,1,1
,s,l,s,s,s,s,s,s,s,s,s,s,s,s,s,s,s,s,s,s,s,s,s,s,s,s,s,s,s,s,s,s,s,s,s,s,s,s,s,C 0 1.0,s,s,s,s,s,s,s,s,s,s,s,s,s,s,s,s,s,s,s,C 0.8 0.2,s,C 0.8 0.2,s,s,s,s,s,s,s,s,s,s,s,s,s,s,s,s,s,s,s,s,s,s,s,s,s,s,s,s,s,s,s
/scene,,,,,,,,,,,,,,,,,,,,,,,,,,,,,,,,,,,,,,,,,,,,,,,,,,,,,,,,,,,,,,,,,,,,,,,,,,,,,,,,,,,,,,,,,,,,,
scene,Bef_Mermaid,60,change_when_ends,,,,,,,,,,,,,,,,,,,,,,,,,,,,,,,,,,,,,,,,,,,,,,,,,,,,,,,,,,,,,,,,,,,,,,,,,,,,,,,,,,,,,,,,,,
Bef_Mermaid,Bef_Mermaid,Bef_Mermaid,Bef_Mermaid,Bef_Mermaid,Bef_Mermaid,Bef_Mermaid,Bef_Mermaid,Bef_Mermaid,Bef_Mermaid,Bef_Mermaid,Bef_Mermaid,Bef_Mermaid,Bef_Mermaid,Bef_Mermaid,Bef_Mermaid,Bef_Mermaid,Bef_Mermaid,Bef_Mermaid,Bef_Mermaid,Bef_Mermaid,Bef_Mermaid,Bef_Mermaid,Bef_Mermaid,Bef_Mermaid,Bef_Mermaid,Bef_Mermaid,Bef_Mermaid,Bef_Mermaid,Bef_Mermaid,Bef_Mermaid,Bef_Mermaid,Bef_Mermaid,Bef_Mermaid,Bef_Mermaid,Bef_Mermaid,Bef_Mermaid,Bef_Mermaid,Bef_Mermaid,Bef_Mermaid,Bef_Mermaid,Bef_Mermaid,Bef_Mermaid,Bef_Mermaid,Bef_Mermaid,Bef_Mermaid,Bef_Mermaid,Bef_Mermaid,Bef_Mermaid,Bef_Mermaid,Bef_Mermaid,Bef_Mermaid,Bef_Mermaid,Bef_Mermaid,Bef_Mermaid,Bef_Mermaid,Bef_Mermaid,Bef_Mermaid,Bef_Mermaid,Bef_Mermaid,Bef_Mermaid,Bef_Mermaid,Bef_Mermaid,Bef_Mermaid,Bef_Mermaid,Bef_Mermaid,Bef_Mermaid,Bef_Mermaid,Bef_Mermaid,Bef_Mermaid,Bef_Mermaid,Bef_Mermaid,Bef_Mermaid,Bef_Mermaid,Bef_Mermaid,Bef_Mermaid,Bef_Mermaid,Bef_Mermaid,Bef_Mermaid,Bef_Mermaid,Bef_Mermaid,Bef_Mermaid,Bef_Mermaid,Bef_Mermaid,Bef_Mermaid,Bef_Mermaid,Bef_Mermaid,Bef_Mermaid,Bef_Mermaid,Bef_Mermaid,Bef_Mermaid,Bef_Mermaid,Bef_Mermaid,Bef_Mermaid
,circ,.,pen_radius_pulse,ang,pen_color_pulse,repop_colorBG,repop_colorBG_pulse,repop_greyBG,repop_greyBG_pulse,repop_colorPart,repop_colorPart_pulse,repop_greyPart,repop_greyPart_pulse,pen_grey,pen_grey_pulse,pen_color_a,pen_color_a_pulse,opaque,firewrok,prtAcc (origin. 0.004 ),pixel_acc_pulse,lowTex,noiseLineScale,noiseType,noiseAngleScale,noiseCenter_0,noiseCenter_1,falling_part,,WORM_basic,,uncleared,uninverted,smallest,med_echo,,medCol,MusRad,MusPrt,_Col_Rad,FlashTrack,FlashCA,backFlash,flashPart,FlashNoTrk_CA,dur,track_x_transl,strong,penPrOff,penAnOff,brush_radius_pressure_coef,penHCoef,penVCoef,curTrk,De-cay,De-cay,De-cay,De-cay,CADcay0,trckDcay0,,,wCA,w0,w1 ,,,track_playon_off,,,source_track_rec-on_off,,,no,disp_track,,zeroWeight,disp_track,,noRot,disp_track,,noTranslX,disp_track,,noTranslY,disp_track,,noscale,disp_track,,no auto_beat,CAstep
,0,5,0,0.375,0,0,0,0,0,0,0,0,0,0,0,1,0,1,2,0.002,0,0.285714286,0,0,0,0,0,0.5,1,3,1,0,0,1,0.73,0.23,1.87,0,0,0,8,4,0,0,1,0,0,1,0,0,0,0,0,1,1,1,1,1,0.001,0.001,0,0.01,1,1,1,0,0,0,0,0,0,0,0,0,0,0,0,0,0,0,0,0,0,0,0,0,0,0,1,1,1,1,1
,0,5,0,0.375,0,0,0,0,0,0,0,0,0,0,0,1,0,1,2,0.002,0,0.285714286,0,0,0,0,0,0.5,1,3,1,0,0,1,0.73,0.23,1.87,0,0,0,8,4,0,0,1,0,0,1,0,0,0,0,0,1,1,1,1,1,0.001,0.001,0,0.01,1,1,1,0,0,0,0,0,0,0,0,0,0,0,0,0,0,0,0,0,0,0,0,0,0,0,1,1,1,1,1
,s,s,s,s,s,s,s,s,s,s,s,s,s,s,s,s,s,s,s,s,s,s,s,s,s,s,s,s,s,s,s,s,s,s,s,s,s,s,s,s,s,s,s,s,s,s,s,s,s,s,s,s,s,s,s,s,s,s,s,s,s,s,s,s,s,s,s,s,s,s,s,s,s,s,s,s,s,s,s,s,s,s,s,s,s,s,s,s,s,s,s,s,s
/scene,,,,,,,,,,,,,,,,,,,,,,,,,,,,,,,,,,,,,,,,,,,,,,,,,,,,,,,,,,,,,,,,,,,,,,,,,,,,,,,,,,,,,,,,,,,,,
scene,Mermaid,240,change_when_ends,,,,,,,,,,,,,,,,,,,,,,,,,,,,,,,,,,,,,,,,,,,,,,,,,,,,,,,,,,,,,,,,,,,,,,,,,,,,,,,,,,,,,,,,,,
Mermaid,Mermaid,Mermaid,Mermaid,Mermaid,Mermaid,Mermaid,Mermaid,Mermaid,Mermaid,Mermaid,Mermaid,Mermaid,Mermaid,Mermaid,Mermaid,Mermaid,Mermaid,Mermaid,Mermaid,Mermaid,Mermaid,Mermaid,Mermaid,Mermaid,Mermaid,Mermaid,Mermaid,Mermaid,Mermaid,Mermaid,Mermaid,Mermaid,Mermaid,Mermaid,Mermaid,Mermaid,Mermaid,Mermaid,Mermaid,Mermaid,Mermaid,Mermaid,Mermaid,Mermaid,Mermaid,Mermaid,Mermaid,Mermaid,Mermaid,Mermaid,Mermaid,Mermaid,Mermaid,Mermaid,Mermaid,Mermaid,Mermaid,Mermaid,Mermaid,Mermaid,Mermaid,Mermaid,Mermaid,Mermaid,Mermaid,Mermaid,Mermaid,Mermaid,Mermaid,Mermaid,Mermaid,Mermaid,Mermaid,Mermaid,Mermaid,Mermaid,Mermaid,Mermaid,Mermaid,Mermaid,Mermaid,Mermaid,Mermaid,Mermaid,Mermaid,Mermaid,Mermaid,Mermaid,Mermaid,Mermaid,Mermaid,Mermaid,Mermaid
,circ,1-3Rd,pen_radius_pulse,blue to red,pen_color_pulse,repop_colorBG,repop_colorBG_pulse,repop_greyBG,repop_greyBG_pulse,repop_colorPart,repop_colorPart_pulse,repop_greyPart,repop_greyPart_pulse,black,pen_grey_pulse,pen_color_a,pen_color_a_pulse,opaque,firewrok,prtAcc,pixel_acc_pulse,med noise,noiseLineScale,noiseType,noiseAngleScale,noiseCenter_0,noiseCenter_1,central,part,WORM_basic,,uncleared,uninverted,smallest,med_echo,,medCol,MusRad,MusPrt,_Col_Rad,FlashTrack,FlashCA,backFlash,flashPart,FlashNoTrk_CA,dur,track_x_transl,strong,penPrOff,penAnOff,brush_radius_pressure_coef,penHCoef,penVCoef,curTrk,De-cay,De-cay,De-cay,De-cay,CADcay1,trckDcay0,,,wCA,w0,w1 ,,,track_playon_off,,,source_track_rec-on_off,,,no,disp_track,,zeroWeight,disp_track,,noRot,disp_track,,noTranslX,disp_track,,noTranslY,disp_track,,noscale,disp_track,,no auto_beat,CAstep
,0,2,0,0.375,0,0,0,0,0,0,0,0,0,0,0,1,0,1,2,0,0,0.614285714,0,0,0,0,0,0.5,0.5,3,1,0,0,1,0.73,0.23,1.87,0,0.2,0,8,4,0,0,1,0,0,1,0,0,0,0,0,1,1,1,1,1,0.00002,0.0065,0,0,1,1,1,0,0,0,0,0,0,0,0,0,0,0,0,0,0,0,0,0,0,0,0,0,0,0,1,1,1,1,1
,0,2,0,0.5,0,0,0,0,0,0,0,0,0,0,0,1,0,1,2,0,0,0.614285714,0,0,0,0,0,0.5,0.5,3,1,0,0,1,0.73,0.23,1.87,0,0.2,0,8,4,0,0,1,0,0,1,0,0,0,0,0,1,1,1,1,1,0.00002,0.0065,0,0,1,1,1,0,0,0,0,0,0,0,0,0,0,0,0,0,0,0,0,0,0,0,0,0,0,0,1,1,1,1,1
,s,s,s,l,s,s,s,s,s,s,s,s,s,s,s,s,s,s,s,s,s,s,s,s,s,s,s,s,s,s,s,s,s,s,s,s,s,s,s,s,s,s,s,s,s,s,s,s,s,s,s,s,s,s,s,s,s,s,s,s,s,s,s,s,s,s,s,s,s,s,s,s,s,s,s,s,s,s,s,s,s,s,s,s,s,s,s,s,s,s,s,s,s
/scene,,,,,,,,,,,,,,,,,,,,,,,,,,,,,,,,,,,,,,,,,,,,,,,,,,,,,,,,,,,,,,,,,,,,,,,,,,,,,,,,,,,,,,,,,,,,,
scene,Aft_Mermaid,66,change_when_ends,,,,,,,,,,,,,,,,,,,,,,,,,,,,,,,,,,,,,,,,,,,,,,,,,,,,,,,,,,,,,,,,,,,,,,,,,,,,,,,,,,,,,,,,,,
Aft Mermaid,Aft Mermaid,Aft Mermaid,Aft Mermaid,Aft Mermaid,Aft Mermaid,Aft Mermaid,Aft Mermaid,Aft Mermaid,Aft Mermaid,Aft Mermaid,Aft Mermaid,Aft Mermaid,Aft Mermaid,Aft Mermaid,Aft Mermaid,Aft Mermaid,Aft Mermaid,Aft Mermaid,Aft Mermaid,Aft Mermaid,Aft Mermaid,Aft Mermaid,Aft Mermaid,Aft Mermaid,Aft Mermaid,Aft Mermaid,Aft Mermaid,Aft Mermaid,Aft Mermaid,Aft Mermaid,Aft Mermaid,Aft Mermaid,Aft Mermaid,Aft Mermaid,Aft Mermaid,Aft Mermaid,Aft Mermaid,Aft Mermaid,Aft Mermaid,Aft Mermaid,Aft Mermaid,Aft Mermaid,Aft Mermaid,Aft Mermaid,Aft Mermaid,Aft Mermaid,Aft Mermaid,Aft Mermaid,Aft Mermaid,Aft Mermaid,Aft Mermaid,Aft Mermaid,Aft Mermaid,Aft Mermaid,Aft Mermaid,Aft Mermaid,Aft Mermaid,Aft Mermaid,Aft Mermaid,Aft Mermaid,Aft Mermaid,Aft Mermaid,Aft Mermaid,Aft Mermaid,Aft Mermaid,Aft Mermaid,Aft Mermaid,Aft Mermaid,Aft Mermaid,Aft Mermaid,Aft Mermaid,Aft Mermaid,Aft Mermaid,Aft Mermaid,Aft Mermaid,Aft Mermaid,Aft Mermaid,Aft Mermaid,Aft Mermaid,Aft Mermaid,Aft Mermaid,Aft Mermaid,Aft Mermaid,Aft Mermaid,Aft Mermaid,Aft Mermaid,Aft Mermaid,Aft Mermaid,Aft Mermaid,Aft Mermaid,Aft Mermaid,Aft Mermaid,Aft Mermaid
,circ,1-3Rd,pen_radius_pulse,blue,pen_color_pulse,repop_colorBG,repop_colorBG_pulse,repop_greyBG,repop_greyBG_pulse,repop_colorPart,repop_colorPart_pulse,repop_greyPart,repop_greyPart_pulse,black,0,pen_color_a,pen_color_a_pulse,opaque,firewrok,prtAcc,pixel_acc_pulse,med noise,noiseLineScale,noiseType,noiseAngleScale,noiseCenter_0,noiseCenter_1,central,part,WORM_basic,,uncleared,uninverted,smallest,med_echo,,medCol,MusRad,MusPrt,_Col_Rad,FlashTrack,FlashCA,backFlash,flashPart,FlashNoTrk_CA,dur,track_x_transl,strong,penPrOn,penAnOn,brush_radius_pressure_coef,penHCoef,penVCoef,curTrk,De-cay,De-cay,De-cay,De-cay,CADcay1,trckDcay0,,,wCA,w0,w1 ,w2,,track_playon_off,,,source_track_rec-on_off,,,no,disp_track,,zeroWeight,disp_track,,noRot,disp_track,,noTranslX,disp_track,,noTranslY,disp_track,,noscale,disp_track,,no auto_beat,CAstep
,0,1,0,0.375,0,0,0,0,0,0,0,0,0,0,0,1,0,1,2,0,0,0.614285714,0,0,0,0,0,0.5,0.5,3,1,0,0,1,0.73,0.23,1.87,0,0.2,0,8,4,0,0,2,0,0,1,1,0,20,0,0,2,1,1,1,1,0.00002,0.001,0,0.00001,1,1,1,1,0,0,0,0,0,0,0,0,0,0,0,0,0,0,0,0,0,0,0,0,0,0,1,1,1,1,1
,0,5,0,0.375,0,0,0,0,0,0,0,0,0,0,s,1,0,1,2,0,0,0.395714286,0,0,0,0,0,0.5,0.5,3,1,0,0,1,0,0,1.87,0,0.2,0,8,4,1,0,2,0,0,1,1,0,50,0,0,2,1,1,1,1,0.00013,-0.05,0.0001,0.00001,1,0.3,1,1,0,0,0,0,0,0,0,0,0,0,0,0,0,0,0,0,0,0,0,0,0,0,1,1,1,1,1
,s,C 0 1.0,s,s,s,s,s,s,s,s,s,s,s,s,,s,s,s,s,s,s,C 0.0 0.4,s,s,s,s,s,s,s,s,s,s,s,s,C .8 .2,C .8 .2,s,s,s,s,s,s,S .8,s,s,s,s,s,s,s,C .5 .5,s,s,s,s,s,s,s,l,C .7 .2,C .8 .2,s,s,l,s,s,s,s,s,s,s,s,s,s,s,s,s,s,s,s,s,s,s,s,s,s,s,s,s,s,s,s,s
/scene,,,,,,,,,,,,,,,,,,,,,,,,,,,,,,,,,,,,,,,,,,,,,,,,,,,,,,,,,,,,,,,,,,,,,,,,,,,,,,,,,,,,,,,,,,,,,
scene,Bef_Angel,38,change_when_ends,,,,,,,,,,,,,,,,,,,,,,,,,,,,,,,,,,,,,,,,,,,,,,,,,,,,,,,,,,,,,,,,,,,,,,,,,,,,,,,,,,,,,,,,,,
Bef_Angel,Bef_Angel,Bef_Angel,Bef_Angel,Bef_Angel,Bef_Angel,Bef_Angel,Bef_Angel,Bef_Angel,Bef_Angel,Bef_Angel,Bef_Angel,Bef_Angel,Bef_Angel,Bef_Angel,Bef_Angel,Bef_Angel,Bef_Angel,Bef_Angel,Bef_Angel,Bef_Angel,Bef_Angel,Bef_Angel,Bef_Angel,Bef_Angel,Bef_Angel,Bef_Angel,Bef_Angel,Bef_Angel,Bef_Angel,Bef_Angel,Bef_Angel,Bef_Angel,Bef_Angel,Bef_Angel,Bef_Angel,Bef_Angel,Bef_Angel,Bef_Angel,Bef_Angel,Bef_Angel,Bef_Angel,Bef_Angel,Bef_Angel,Bef_Angel,Bef_Angel,Bef_Angel,Bef_Angel,Bef_Angel,Bef_Angel,Bef_Angel,Bef_Angel,Bef_Angel,Bef_Angel,Bef_Angel,Bef_Angel,Bef_Angel,Bef_Angel,Bef_Angel,Bef_Angel,Bef_Angel,Bef_Angel,Bef_Angel,Bef_Angel,Bef_Angel,Bef_Angel,Bef_Angel,Bef_Angel,Bef_Angel,Bef_Angel,Bef_Angel,Bef_Angel,Bef_Angel,Bef_Angel,Bef_Angel,Bef_Angel,Bef_Angel,Bef_Angel,Bef_Angel,Bef_Angel,Bef_Angel,Bef_Angel,Bef_Angel,Bef_Angel,Bef_Angel,Bef_Angel,Bef_Angel,Bef_Angel,Bef_Angel,Bef_Angel,Bef_Angel,Bef_Angel,Bef_Angel,Bef_Angel
,moon,1-3Rd,pen_radius_pulse,angl,pen_color_pulse,repop_colorBG,repop_colorBG_pulse,repop_greyBG,repop_greyBG_pulse,repop_colorPart,repop_colorPart_pulse,repop_greyPart,repop_greyPart_pulse,gray,0,pen_color_a,pen_color_a_pulse,opaque,part,prtAcc (origin. 0.003 ),pixel_acc_pulse,loNoise,noiseLineScale,noiseType,noiseAngleScale,noiseCenter_0,noiseCenter_1,central,part,No CA,,cleared,inverted,smallest,hi_echo,,hiCol,MusRad,MusPrt,_Col_Rad,FlashTrack,FlashCA,backFlash,flashPart,FlashNoTrk_CA,dur,track_x_transl,strong,penPrOff,penAnOff,brush_radius_pressure_coef,penHCoef,penVCoef,curTrk,De-cay,In-Cay,De-cay,De-cay,CADcay1,trckDcay0,,,wCA,w0,w1 ,w2,,track_playon_off,,,source_track_rec-on_off,,,no,disp_track,,zeroWeight,disp_track,,noRot,disp_track,,noTranslX,disp_track,,noTranslY,disp_track,,noscale,disp_track,,no auto_beat,CAstep
,7,130,0,0.375,0,0,0,0,0,0,0,0,0,0.45,0,1,0,1,1,0.0015,0,0.952857143,0,0,0,0,0,0.5,0.5,3,0,1,1,1,0,0,3,2,0,0,4,8,1,0,2,0,0,1,0,0,0,0,0,0,1,-1,1,1,0.01,0.01,0.0001,0.00001,0,0.3,1,1,0,0,0,0,0,0,0,0,0,0,0,0,0,0,0,0,0,0,0,0,0,0,1,1,1,1,1
,7,130,0,0.375,0,0,0,0,0,0,0,0,0,0.45,s,1,0,1,1,0.0015,0,0.952857143,0,0,0,0,0,0.5,0.5,3,0,1,1,1,0.2362,0.0945,3,2,0,0,4,8,1,0,2,0,0,1,0,0,0,0,0,0,1,-1,1,1,0.01,0.01,0.01,0.00001,0,0.3,1,1,0,0,0,0,0,0,0,0,0,0,0,0,0,0,0,0,0,0,0,0,0,0,1,1,1,1,1
,s,s,s,s,s,s,s,s,s,s,s,s,s,s,,s,s,s,s,s,s,s,s,s,s,s,s,s,s,s,s,s,s,s,C .16 .34,C .16 .34,s,s,s,s,s,s,s,s,s,s,s,s,s,s,s,s,s,s,s,s,s,s,s,s,l,s,s,s,s,s,s,s,s,s,s,s,s,s,s,s,s,s,s,s,s,s,s,s,s,s,s,s,s,s,s,s,s
/scene,,,,,,,,,,,,,,,,,,,,,,,,,,,,,,,,,,,,,,,,,,,,,,,,,,,,,,,,,,,,,,,,,,,,,,,,,,,,,,,,,,,,,,,,,,,,,
scene,Angel,393,change_when_ends,,,,,,,,,,,,,,,,,,,,,,,,,,,,,,,,,,,,,,,,,,,,,,,,,,,,,,,,,,,,,,,,,,,,,,,,,,,,,,,,,,,,,,,,,,
Angel,Angel,Angel,Angel,Angel,Angel,Angel,Angel,Angel,Angel,Angel,Angel,Angel,Angel,Angel,Angel,Angel,Angel,Angel,Angel,Angel,Angel,Angel,Angel,Angel,Angel,Angel,Angel,Angel,Angel,Angel,Angel,Angel,Angel,Angel,Angel,Angel,Angel,Angel,Angel,Angel,Angel,Angel,Angel,Angel,Angel,Angel,Angel,Angel,Angel,Angel,Angel,Angel,Angel,Angel,Angel,Angel,Angel,Angel,Angel,Angel,Angel,Angel,Angel,Angel,Angel,Angel,Angel,Angel,Angel,Angel,Angel,Angel,Angel,Angel,Angel,Angel,Angel,Angel,Angel,Angel,Angel,Angel,Angel,Angel,Angel,Angel,Angel,Angel,Angel,Angel,Angel,Angel,Angel
,fine,1-3Rd,pen_radius_pulse,angl,pen_color_pulse,repop_colorBG,repop_colorBG_pulse,repop_greyBG,repop_greyBG_pulse,repop_colorPart,repop_colorPart_pulse,repop_greyPart,repop_greyPart_pulse,black,pen_grey_pulse,pen_color_a,pen_color_a_pulse,opaque,part,prtAcc (origin. 0.003 -> 0.02),pixel_acc_pulse,circle,noiseLineScale,noiseType,noiseAngleScale,noiseCenter_0,noiseCenter_1,central,part,TUNNEL,2,uncleared,inverted,smallest,hi_echo,,hiCol,MusRad,MusPrt,_Col_Rad,FlashTrack,FlashCA,backFlash,flashPart,FlashNoTrk_CA,dur,track_x_transl,strg2weak,penPrOn,penAnOn,brush_radius_pressure_coef,penHCoef,penVCoef,curTrk,In-Cay,In-Cay,De-cay,De-cay,CADcay1,trckDcay0,,trckDcay2,wCA,w0,,w2,,track_playon_off,,,source_track_rec-on_off,,,1,disp_track,,W:0->1,disp_track,,rot1,disp_track,,translX,disp_track,,translY,disp_track,,downscale,disp_track,,no auto_beat,CAstep
,2,3,0,0.375,0,0,0,0,0,0,0,0,0,0,0,1,0,1,1,0.0015,0,0.952857143,0,0,0,0,0,0.5,0.5,2,2,0,1,1,0.2362,0.0945,3,0,0,0,4,8,1,0,2,2,0,1,1,1,7,15,15,2,-1,-1,1,1,0.001,0,0,0.01,1,1,0,1,0,1,0,0,0,0,0,0,1,0,0,0,0,0,160,0,0,0,0,0,600,0,1,1,1,1,1
,2,3,0,0.375,0,0,0,0,0,0,0,0,0,0,0,1,0,1,1,0.01,0,0.952857143,0,0,0,0,0,0.5,0.5,2,2,0,1,1,0.2362,0.0945,3,0,0,0,4,8,1,0,2,2,0,0.8,1,1,2,5,0,2,-1,-1,1,1,0,0.005,0,0,0.8,0.3,0,1,0,1,0,0,0,0,0,0,1,0,0,1,0,0,250,0,0,390,0,0,-230,0,1,0.2,1,1,1
,s,s,s,s,s,s,s,s,s,s,s,s,s,s,s,s,s,s,s,C 0 1.0,s,s,s,s,s,s,s,s,s,s,s,s,s,s,s,s,s,s,s,s,s,s,s,s,s,s,s,C 0 1.0,s,s,C .5 .5,C .5 .5,C .5 .5,s,s,s,s,s,C 0 1.0,C 0 1.0,s,C 0 .5,C 0 1.0,C 0 1.0,s,s,s,s,s,s,s,s,s,s,s,s,s,C 0 1.0,s,s,C 0 1.0,s,s,C 0 1.0,s,s,C 0 1.0,s,s,C 0 1.0,s,s,s
/scene,,,,,,,,,,,,,,,,,,,,,,,,,,,,,,,,,,,,,,,,,,,,,,,,,,,,,,,,,,,,,,,,,,,,,,,,,,,,,,,,,,,,,,,,,,,,,
/scenario,,,,,,,,,,,,,,,,,,,,,,,,,,,,,,,,,,,,,,,,,,,,,,,,,,,,,,,,,,,,,,,,,,,,,,,,,,,,,,,,,,,,,,,,,,,,,
videos,6,,,,,,,,,,,,,,,,,,,,,,,,,,,,,,,,,,,,,,,,,,,,,,,,,,,,,,,,,,,,,,,,,,,,,,,,,,,,,,,,,,,,,,,,,,,,
movie,effe/effe_zipper.mp4,,,,,,,,,,,,,,,,,,,,,,,,,,,,,,,,,,,,,,,,,,,,,,,,,,,,,,,,,,,,,,,,,,,,,,,,,,,,,,,,,,,,,,,,,,,,
movie,effe/Double41-47.mp4,,,,,,,,,,,,,,,,,,,,,,,,,,,,,,,,,,,,,,,,,,,,,,,,,,,,,,,,,,,,,,,,,,,,,,,,,,,,,,,,,,,,,,,,,,,,
movie,effe/effe_mountain.mp4,,,,,,,,,,,,,,,,,,,,,,,,,,,,,,,,,,,,,,,,,,,,,,,,,,,,,,,,,,,,,,,,,,,,,,,,,,,,,,,,,,,,,,,,,,,,
movie,effe/birds.mp4,,,,,,,,,,,,,,,,,,,,,,,,,,,,,,,,,,,,,,,,,,,,,,,,,,,,,,,,,,,,,,,,,,,,,,,,,,,,,,,,,,,,,,,,,,,,
movie,effe/Anamnesis43.mp4,,,,,,,,,,,,,,,,,,,,,,,,,,,,,,,,,,,,,,,,,,,,,,,,,,,,,,,,,,,,,,,,,,,,,,,,,,,,,,,,,,,,,,,,,,,,
movie,effe/werecord43.mp4,,,,,,,,,,,,,,,,,,,,,,,,,,,,,,,,,,,,,,,,,,,,,,,,,,,,,,,,,,,,,,,,,,,,,,,,,,,,,,,,,,,,,,,,,,,,
/videos,,,,,,,,,,,,,,,,,,,,,,,,,,,,,,,,,,,,,,,,,,,,,,,,,,,,,,,,,,,,,,,,,,,,,,,,,,,,,,,,,,,,,,,,,,,,,
photos,1,,,,,,,,,,,,,,,,,,,,,,,,,,,,,,,,,,,,,,,,,,,,,,,,,,,,,,,,,,,,,,,,,,,,,,,,,,,,,,,,,,,,,,,,,,,,
album,captures,,,,,,,,,,,,,,,,,,,,,,,,,,,,,,,,,,,,,,,,,,,,,,,,,,,,,,,,,,,,,,,,,,,,,,,,,,,,,,,,,,,,,,,,,,,,
/photos,,,,,,,,,,,,,,,,,,,,,,,,,,,,,,,,,,,,,,,,,,,,,,,,,,,,,,,,,,,,,,,,,,,,,,,,,,,,,,,,,,,,,,,,,,,,,
brushes,4,,,,,,,,,,,,,,,,,,,,,,,,,,,,,,,,,,,,,,,,,,,,,,,,,,,,,,,,,,,,,,,,,,,,,,,,,,,,,,,,,,,,,,,,,,,,
ID,Pen_effe_3D,,,,,,,,,,,,,,,,,,,,,,,,,,,,,,,,,,,,,,,,,,,,,,,,,,,,,,,,,,,,,,,,,,,,,,,,,,,,,,,,,,,,,,,,,,,,
/brushes,,,,,,,,,,,,,,,,,,,,,,,,,,,,,,,,,,,,,,,,,,,,,,,,,,,,,,,,,,,,,,,,,,,,,,,,,,,,,,,,,,,,,,,,,,,,,
soundtracks,5,,,,,,,,,,,,,,,,,,,,,,,,,,,,,,,,,,,,,,,,,,,,,,,,,,,,,,,,,,,,,,,,,,,,,,,,,,,,,,,,,,,,,,,,,,,,
track,effe/effe-yourface-2.wav,Yface,,,,,,,,,,,,,,,,,,,,,,,,,,,,,,,,,,,,,,,,,,,,,,,,,,,,,,,,,,,,,,,,,,,,,,,,,,,,,,,,,,,,,,,,,,,
track,effe/effe-psychopomp-2.wav,Psy,,,,,,,,,,,,,,,,,,,,,,,,,,,,,,,,,,,,,,,,,,,,,,,,,,,,,,,,,,,,,,,,,,,,,,,,,,,,,,,,,,,,,,,,,,,
track,effe/effe-temptation-2.wav,Tem,,,,,,,,,,,,,,,,,,,,,,,,,,,,,,,,,,,,,,,,,,,,,,,,,,,,,,,,,,,,,,,,,,,,,,,,,,,,,,,,,,,,,,,,,,,
track,effe/effe-caring-2.wav,Car,,,,,,,,,,,,,,,,,,,,,,,,,,,,,,,,,,,,,,,,,,,,,,,,,,,,,,,,,,,,,,,,,,,,,,,,,,,,,,,,,,,,,,,,,,,
track,effe/effe-mercy-2.wav,Mer,,,,,,,,,,,,,,,,,,,,,,,,,,,,,,,,,,,,,,,,,,,,,,,,,,,,,,,,,,,,,,,,,,,,,,,,,,,,,,,,,,,,,,,,,,,
/soundtracks,,,,,,,,,,,,,,,,,,,,,,,,,,,,,,,,,,,,,,,,,,,,,,,,,,,,,,,,,,,,,,,,,,,,,,,,,,,,,,,,,,,,,,,,,,,,,
svg_paths,3,path_No,track_No,radius,color_r,color_g,color_b,,,,,,,,,,,,,,,,,,,,,,,,,,,,,,,,,,,,,,,,,,,,,,,,,,,,,,,,,,,,,,,,,,,,,,,,,,,,,,,,,,,,,,
svg_path,Malaussena/les_ateliers_portatifs_Moteur.svg,1,0,1,1,1,1,,,,,,,,,,,,,,,,,,,,,,,,,,,,,,,,,,,,,,,,,,,,,,,,,,,,,,,,,,,,,,,,,,,,,,,,,,,,,,,,,,,,,,
svg_path,Malaussena/les_ateliers_portatifs_Sustain.svg,2,0,30,1,1,1,,,,,,,,,,,,,,,,,,,,,,,,,,,,,,,,,,,,,,,,,,,,,,,,,,,,,,,,,,,,,,,,,,,,,,,,,,,,,,,,,,,,,,
svg_path,Malaussena/les_ateliers_portatifs_Doppler.svg,3,0,1,1,1,1,,,,,,,,,,,,,,,,,,,,,,,,,,,,,,,,,,,,,,,,,,,,,,,,,,,,,,,,,,,,,,,,,,,,,,,,,,,,,,,,,,,,,,
/svg_paths,,,,,,,,,,,,,,,,,,,,,,,,,,,,,,,,,,,,,,,,,,,,,,,,,,,,,,,,,,,,,,,,,,,,,,,,,,,,,,,,,,,,,,,,,,,,,
palette_colors,7,,,,,,,,,,,,,,,,,,,,,,,,,,,,,,,,,,,,,,,,,,,,,,,,,,,,,,,,,,,,,,,,,,,,,,,,,,,,,,,,,,,,,,,,,,,,
RGB,255,0,0,0,255,0,0,0,255,,,,,,,,,,,,,,,,,,,,,,,,,,,,,,,,,,,,,,,,,,,,,,,,,,,,,,,,,,,,,,,,,,,,,,,,,,,,,,,,,,,,
water_mag_blue_cyan,255,0,255,0,0,255,0,255,255,,,,,,,,,,,,,,,,,,,,,,,,,,,,,,,,,,,,,,,,,,,,,,,,,,,,,,,,,,,,,,,,,,,,,,,,,,,,,,,,,,,,
fire_red_orange_yellow,255,0,0,255,128,0,255,255,0,,,,,,,,,,,,,,,,,,,,,,,,,,,,,,,,,,,,,,,,,,,,,,,,,,,,,,,,,,,,,,,,,,,,,,,,,,,,,,,,,,,,
angel_slate_green_purple,2,132,130,122,186,122,183,110,184,,,,,,,,,,,,,,,,,,,,,,,,,,,,,,,,,,,,,,,,,,,,,,,,,,,,,,,,,,,,,,,,,,,,,,,,,,,,,,,,,,,,
reddish_mag_red_yello,255,0,255,255,0,0,255,255,0,,,,,,,,,,,,,,,,,,,,,,,,,,,,,,,,,,,,,,,,,,,,,,,,,,,,,,,,,,,,,,,,,,,,,,,,,,,,,,,,,,,,
C_M_J,0,255,255,255,0,255,255,255,0,,,,,,,,,,,,,,,,,,,,,,,,,,,,,,,,,,,,,,,,,,,,,,,,,,,,,,,,,,,,,,,,,,,,,,,,,,,,,,,,,,,,
air_lightBlue_white_blue,128,128,255,255,255,255,0,0,255,,,,,,,,,,,,,,,,,,,,,,,,,,,,,,,,,,,,,,,,,,,,,,,,,,,,,,,,,,,,,,,,,,,,,,,,,,,,,,,,,,,,
/palette_colors,,,,,,,,,,,,,,,,,,,,,,,,,,,,,,,,,,,,,,,,,,,,,,,,,,,,,,,,,,,,,,,,,,,,,,,,,,,,,,,,,,,,,,,,,,,,,
color_presets,3,,,,,,,,,,,,,,,,,,,,,,,,,,,,,,,,,,,,,,,,,,,,,,,,,,,,,,,,,,,,,,,,,,,,,,,,,,,,,,,,,,,,,,,,,,,,
blue,0.8428,,,,,,,,,,,,,,,,,,,,,,,,,,,,,,,,,,,,,,,,,,,,,,,,,,,,,,,,,,,,,,,,,,,,,,,,,,,,,,,,,,,,,,,,,,,,
red,0.5357,,,,,,,,,,,,,,,,,,,,,,,,,,,,,,,,,,,,,,,,,,,,,,,,,,,,,,,,,,,,,,,,,,,,,,,,,,,,,,,,,,,,,,,,,,,,
gold,0.1571,,,,,,,,,,,,,,,,,,,,,,,,,,,,,,,,,,,,,,,,,,,,,,,,,,,,,,,,,,,,,,,,,,,,,,,,,,,,,,,,,,,,,,,,,,,,
/color_presets,,,,,,,,,,,,,,,,,,,,,,,,,,,,,,,,,,,,,,,,,,,,,,,,,,,,,,,,,,,,,,,,,,,,,,,,,,,,,,,,,,,,,,,,,,,,,
